{
  "version": "0.3.3",
  "flags": {},
  "shapes": [
    {
      "label": "potato",
      "text": "",
      "points": [
        [
          629.0,
          0.0
        ],
        [
          617.0,
          0.0
        ],
        [
          617.0,
          1.0
        ],
        [
          615.0,
          3.0
        ],
        [
          610.0,
          3.0
        ],
        [
          608.0,
          5.0
        ],
        [
          607.0,
          5.0
        ],
        [
          606.0,
          6.0
        ],
        [
          604.0,
          6.0
        ],
        [
          602.0,
          8.0
        ],
        [
          602.0,
          11.0
        ],
        [
          603.0,
          12.0
        ],
        [
          603.0,
          13.0
        ],
        [
          606.0,
          16.0
        ],
        [
          606.0,
          17.0
        ],
        [
          607.0,
          18.0
        ],
        [
          607.0,
          23.0
        ],
        [
          606.0,
          24.0
        ],
        [
          606.0,
          25.0
        ],
        [
          605.0,
          26.0
        ],
        [
          605.0,
          27.0
        ],
        [
          602.0,
          30.0
        ],
        [
          602.0,
          31.0
        ],
        [
          601.0,
          32.0
        ],
        [
          601.0,
          36.0
        ],
        [
          602.0,
          37.0
        ],
        [
          602.0,
          38.0
        ],
        [
          603.0,
          39.0
        ],
        [
          603.0,
          40.0
        ],
        [
          604.0,
          41.0
        ],
        [
          604.0,
          42.0
        ],
        [
          606.0,
          44.0
        ],
        [
          606.0,
          45.0
        ],
        [
          610.0,
          49.0
        ],
        [
          610.0,
          50.0
        ],
        [
          613.0,
          53.0
        ],
        [
          620.0,
          53.0
        ],
        [
          621.0,
          52.0
        ],
        [
          622.0,
          52.0
        ],
        [
          626.0,
          48.0
        ],
        [
          629.0,
          48.0
        ],
        [
          630.0,
          47.0
        ],
        [
          631.0,
          47.0
        ],
        [
          633.0,
          45.0
        ],
        [
          633.0,
          44.0
        ],
        [
          634.0,
          43.0
        ],
        [
          634.0,
          41.0
        ],
        [
          635.0,
          40.0
        ],
        [
          635.0,
          39.0
        ],
        [
          636.0,
          38.0
        ],
        [
          636.0,
          37.0
        ],
        [
          638.0,
          35.0
        ],
        [
          638.0,
          28.0
        ],
        [
          637.0,
          27.0
        ],
        [
          637.0,
          24.0
        ],
        [
          636.0,
          23.0
        ],
        [
          636.0,
          22.0
        ],
        [
          635.0,
          21.0
        ],
        [
          635.0,
          19.0
        ],
        [
          634.0,
          18.0
        ],
        [
          634.0,
          9.0
        ],
        [
          633.0,
          8.0
        ],
        [
          633.0,
          7.0
        ],
        [
          631.0,
          5.0
        ],
        [
          631.0,
          4.0
        ],
        [
          630.0,
          3.0
        ],
        [
          630.0,
          2.0
        ],
        [
          629.0,
          1.0
        ]
      ],
      "group_id": null,
      "shape_type": "polygon",
      "flags": {}
    },
    {
      "label": "weed",
      "text": "",
      "points": [
        [
          81.0,
          161.0
        ],
        [
          78.0,
          161.0
        ],
        [
          77.0,
          162.0
        ],
        [
          74.0,
          162.0
        ],
        [
          73.0,
          163.0
        ],
        [
          72.0,
          163.0
        ],
        [
          71.0,
          164.0
        ],
        [
          68.0,
          164.0
        ],
        [
          67.0,
          165.0
        ],
        [
          65.0,
          165.0
        ],
        [
          64.0,
          166.0
        ],
        [
          63.0,
          166.0
        ],
        [
          60.0,
          169.0
        ],
        [
          59.0,
          169.0
        ],
        [
          58.0,
          170.0
        ],
        [
          58.0,
          171.0
        ],
        [
          57.0,
          172.0
        ],
        [
          57.0,
          176.0
        ],
        [
          60.0,
          179.0
        ],
        [
          60.0,
          182.0
        ],
        [
          61.0,
          183.0
        ],
        [
          61.0,
          184.0
        ],
        [
          62.0,
          185.0
        ],
        [
          63.0,
          185.0
        ],
        [
          64.0,
          186.0
        ],
        [
          66.0,
          186.0
        ],
        [
          67.0,
          187.0
        ],
        [
          69.0,
          187.0
        ],
        [
          71.0,
          189.0
        ],
        [
          77.0,
          189.0
        ],
        [
          78.0,
          188.0
        ],
        [
          80.0,
          188.0
        ],
        [
          81.0,
          187.0
        ],
        [
          83.0,
          187.0
        ],
        [
          84.0,
          186.0
        ],
        [
          85.0,
          186.0
        ],
        [
          86.0,
          185.0
        ],
        [
          86.0,
          184.0
        ],
        [
          87.0,
          183.0
        ],
        [
          87.0,
          175.0
        ],
        [
          86.0,
          174.0
        ],
        [
          86.0,
          170.0
        ],
        [
          85.0,
          169.0
        ],
        [
          85.0,
          165.0
        ],
        [
          84.0,
          164.0
        ],
        [
          84.0,
          163.0
        ],
        [
          83.0,
          162.0
        ],
        [
          82.0,
          162.0
        ]
      ],
      "group_id": null,
      "shape_type": "polygon",
      "flags": {}
    },
    {
      "label": "potato",
      "text": "",
      "points": [
        [
          611.0,
          168.0
        ],
        [
          611.0,
          171.0
        ],
        [
          610.0,
          172.0
        ],
        [
          610.0,
          178.0
        ],
        [
          609.0,
          179.0
        ],
        [
          609.0,
          186.0
        ],
        [
          610.0,
          187.0
        ],
        [
          610.0,
          188.0
        ],
        [
          611.0,
          189.0
        ],
        [
          611.0,
          190.0
        ],
        [
          612.0,
          191.0
        ],
        [
          613.0,
          190.0
        ],
        [
          617.0,
          190.0
        ],
        [
          618.0,
          189.0
        ],
        [
          621.0,
          189.0
        ],
        [
          622.0,
          188.0
        ],
        [
          625.0,
          188.0
        ],
        [
          626.0,
          189.0
        ],
        [
          627.0,
          188.0
        ],
        [
          632.0,
          188.0
        ],
        [
          633.0,
          187.0
        ],
        [
          635.0,
          187.0
        ],
        [
          636.0,
          186.0
        ],
        [
          637.0,
          186.0
        ],
        [
          638.0,
          185.0
        ],
        [
          638.0,
          183.0
        ],
        [
          639.0,
          182.0
        ],
        [
          639.0,
          173.0
        ],
        [
          638.0,
          172.0
        ],
        [
          638.0,
          170.0
        ],
        [
          637.0,
          170.0
        ],
        [
          636.0,
          169.0
        ],
        [
          632.0,
          169.0
        ],
        [
          631.0,
          168.0
        ],
        [
          628.0,
          168.0
        ],
        [
          627.0,
          167.0
        ],
        [
          625.0,
          167.0
        ],
        [
          624.0,
          166.0
        ],
        [
          623.0,
          166.0
        ],
        [
          622.0,
          165.0
        ],
        [
          615.0,
          165.0
        ],
        [
          614.0,
          166.0
        ],
        [
          613.0,
          166.0
        ]
      ],
      "group_id": null,
      "shape_type": "polygon",
      "flags": {}
    },
    {
      "label": "potato",
      "text": "",
      "points": [
        [
          603.0,
          236.0
        ],
        [
          602.0,
          237.0
        ],
        [
          600.0,
          237.0
        ],
        [
          597.0,
          240.0
        ],
        [
          597.0,
          241.0
        ],
        [
          596.0,
          242.0
        ],
        [
          596.0,
          243.0
        ],
        [
          597.0,
          244.0
        ],
        [
          596.0,
          245.0
        ],
        [
          596.0,
          248.0
        ],
        [
          595.0,
          249.0
        ],
        [
          595.0,
          255.0
        ],
        [
          596.0,
          256.0
        ],
        [
          596.0,
          264.0
        ],
        [
          597.0,
          265.0
        ],
        [
          597.0,
          267.0
        ],
        [
          598.0,
          268.0
        ],
        [
          598.0,
          269.0
        ],
        [
          599.0,
          270.0
        ],
        [
          601.0,
          270.0
        ],
        [
          602.0,
          271.0
        ],
        [
          609.0,
          271.0
        ],
        [
          613.0,
          267.0
        ],
        [
          613.0,
          265.0
        ],
        [
          624.0,
          254.0
        ],
        [
          624.0,
          252.0
        ],
        [
          625.0,
          251.0
        ],
        [
          625.0,
          248.0
        ],
        [
          624.0,
          247.0
        ],
        [
          624.0,
          246.0
        ],
        [
          622.0,
          244.0
        ],
        [
          616.0,
          244.0
        ],
        [
          615.0,
          243.0
        ],
        [
          613.0,
          243.0
        ],
        [
          608.0,
          238.0
        ],
        [
          607.0,
          238.0
        ],
        [
          606.0,
          237.0
        ],
        [
          605.0,
          237.0
        ],
        [
          604.0,
          236.0
        ]
      ],
      "group_id": null,
      "shape_type": "polygon",
      "flags": {}
    },
    {
      "label": "weed",
      "text": "",
      "points": [
        [
          626.0,
          409.0
        ],
        [
          626.0,
          410.0
        ],
        [
          624.0,
          412.0
        ],
        [
          624.0,
          413.0
        ],
        [
          620.0,
          417.0
        ],
        [
          620.0,
          418.0
        ],
        [
          619.0,
          419.0
        ],
        [
          619.0,
          420.0
        ],
        [
          618.0,
          421.0
        ],
        [
          618.0,
          424.0
        ],
        [
          617.0,
          425.0
        ],
        [
          618.0,
          426.0
        ],
        [
          618.0,
          429.0
        ],
        [
          619.0,
          430.0
        ],
        [
          619.0,
          431.0
        ],
        [
          621.0,
          433.0
        ],
        [
          621.0,
          434.0
        ],
        [
          624.0,
          437.0
        ],
        [
          631.0,
          437.0
        ],
        [
          632.0,
          436.0
        ],
        [
          634.0,
          436.0
        ],
        [
          635.0,
          435.0
        ],
        [
          636.0,
          435.0
        ],
        [
          638.0,
          433.0
        ],
        [
          638.0,
          432.0
        ],
        [
          639.0,
          431.0
        ],
        [
          639.0,
          422.0
        ],
        [
          638.0,
          421.0
        ],
        [
          638.0,
          416.0
        ],
        [
          637.0,
          415.0
        ],
        [
          637.0,
          414.0
        ],
        [
          636.0,
          413.0
        ],
        [
          636.0,
          412.0
        ],
        [
          635.0,
          411.0
        ],
        [
          634.0,
          411.0
        ],
        [
          633.0,
          410.0
        ],
        [
          631.0,
          410.0
        ],
        [
          630.0,
          409.0
        ]
      ],
      "group_id": null,
      "shape_type": "polygon",
      "flags": {}
    },
    {
      "label": "weed",
      "text": "",
      "points": [
        [
          391.0,
          379.0
        ],
        [
          390.0,
          378.0
        ],
        [
          383.0,
          378.0
        ],
        [
          382.0,
          379.0
        ],
        [
          372.0,
          379.0
        ],
        [
          371.0,
          380.0
        ],
        [
          368.0,
          380.0
        ],
        [
          367.0,
          381.0
        ],
        [
          365.0,
          381.0
        ],
        [
          364.0,
          382.0
        ],
        [
          364.0,
          383.0
        ],
        [
          363.0,
          384.0
        ],
        [
          363.0,
          394.0
        ],
        [
          362.0,
          395.0
        ],
        [
          362.0,
          403.0
        ],
        [
          360.0,
          405.0
        ],
        [
          361.0,
          406.0
        ],
        [
          362.0,
          405.0
        ],
        [
          365.0,
          405.0
        ],
        [
          366.0,
          404.0
        ],
        [
          370.0,
          404.0
        ],
        [
          371.0,
          403.0
        ],
        [
          373.0,
          403.0
        ],
        [
          375.0,
          401.0
        ],
        [
          376.0,
          401.0
        ],
        [
          380.0,
          397.0
        ],
        [
          380.0,
          396.0
        ],
        [
          381.0,
          395.0
        ],
        [
          381.0,
          394.0
        ],
        [
          390.0,
          385.0
        ],
        [
          390.0,
          384.0
        ],
        [
          391.0,
          383.0
        ]
      ],
      "group_id": null,
      "shape_type": "polygon",
      "flags": {}
    },
    {
      "label": "weed",
      "text": "",
      "points": [
        [
          117.0,
          387.0
        ],
        [
          115.0,
          389.0
        ],
        [
          115.0,
          390.0
        ],
        [
          113.0,
          392.0
        ],
        [
          113.0,
          393.0
        ],
        [
          112.0,
          394.0
        ],
        [
          112.0,
          397.0
        ],
        [
          113.0,
          397.0
        ],
        [
          114.0,
          398.0
        ],
        [
          117.0,
          398.0
        ],
        [
          118.0,
          399.0
        ],
        [
          122.0,
          399.0
        ],
        [
          123.0,
          398.0
        ],
        [
          123.0,
          393.0
        ],
        [
          124.0,
          392.0
        ],
        [
          124.0,
          389.0
        ],
        [
          122.0,
          387.0
        ]
      ],
      "group_id": null,
      "shape_type": "polygon",
      "flags": {}
    },
    {
      "label": "weed",
      "text": "",
      "points": [
        [
          114.0,
          308.0
        ],
        [
          114.0,
          316.0
        ],
        [
          115.0,
          317.0
        ],
        [
          115.0,
          320.0
        ],
        [
          116.0,
          321.0
        ],
        [
          116.0,
          322.0
        ],
        [
          117.0,
          323.0
        ],
        [
          119.0,
          323.0
        ],
        [
          120.0,
          324.0
        ],
        [
          125.0,
          324.0
        ],
        [
          126.0,
          323.0
        ],
        [
          137.0,
          323.0
        ],
        [
          138.0,
          322.0
        ],
        [
          139.0,
          322.0
        ],
        [
          140.0,
          321.0
        ],
        [
          144.0,
          321.0
        ],
        [
          145.0,
          320.0
        ],
        [
          146.0,
          320.0
        ],
        [
          148.0,
          318.0
        ],
        [
          149.0,
          318.0
        ],
        [
          152.0,
          315.0
        ],
        [
          152.0,
          314.0
        ],
        [
          153.0,
          313.0
        ],
        [
          153.0,
          311.0
        ],
        [
          148.0,
          306.0
        ],
        [
          146.0,
          306.0
        ],
        [
          145.0,
          305.0
        ],
        [
          140.0,
          305.0
        ],
        [
          139.0,
          306.0
        ],
        [
          136.0,
          306.0
        ],
        [
          135.0,
          307.0
        ],
        [
          134.0,
          307.0
        ],
        [
          132.0,
          309.0
        ],
        [
          127.0,
          309.0
        ],
        [
          126.0,
          308.0
        ],
        [
          125.0,
          308.0
        ],
        [
          122.0,
          305.0
        ],
        [
          117.0,
          305.0
        ],
        [
          116.0,
          306.0
        ],
        [
          115.0,
          306.0
        ],
        [
          115.0,
          307.0
        ]
      ],
      "group_id": null,
      "shape_type": "polygon",
      "flags": {}
    },
    {
      "label": "weed",
      "text": "",
      "points": [
        [
          160.0,
          10.0
        ],
        [
          161.0,
          11.0
        ],
        [
          177.0,
          11.0
        ],
        [
          180.0,
          8.0
        ],
        [
          180.0,
          7.0
        ],
        [
          181.0,
          6.0
        ],
        [
          181.0,
          2.0
        ],
        [
          182.0,
          1.0
        ],
        [
          182.0,
          0.0
        ],
        [
          161.0,
          0.0
        ],
        [
          161.0,
          3.0
        ],
        [
          160.0,
          4.0
        ]
      ],
      "group_id": null,
      "shape_type": "polygon",
      "flags": {}
    }
  ],
  "imagePath": "..\\after_crop\\tile_12_4.jpg",
  "imageData": null,
  "imageHeight": 640,
  "imageWidth": 640
}