{
  "version": "0.3.3",
  "flags": {},
  "shapes": [
    {
      "label": "potato",
      "text": "",
      "points": [
        [
          209.0,
          45.0
        ],
        [
          208.0,
          45.0
        ],
        [
          207.0,
          44.0
        ],
        [
          205.0,
          44.0
        ],
        [
          204.0,
          43.0
        ],
        [
          198.0,
          43.0
        ],
        [
          197.0,
          44.0
        ],
        [
          193.0,
          44.0
        ],
        [
          192.0,
          45.0
        ],
        [
          191.0,
          45.0
        ],
        [
          188.0,
          48.0
        ],
        [
          187.0,
          48.0
        ],
        [
          184.0,
          51.0
        ],
        [
          184.0,
          52.0
        ],
        [
          182.0,
          54.0
        ],
        [
          182.0,
          55.0
        ],
        [
          180.0,
          57.0
        ],
        [
          180.0,
          59.0
        ],
        [
          179.0,
          60.0
        ],
        [
          179.0,
          69.0
        ],
        [
          184.0,
          74.0
        ],
        [
          187.0,
          74.0
        ],
        [
          188.0,
          75.0
        ],
        [
          189.0,
          74.0
        ],
        [
          190.0,
          74.0
        ],
        [
          192.0,
          72.0
        ],
        [
          193.0,
          72.0
        ],
        [
          194.0,
          71.0
        ],
        [
          194.0,
          70.0
        ],
        [
          196.0,
          68.0
        ],
        [
          196.0,
          67.0
        ],
        [
          197.0,
          66.0
        ],
        [
          197.0,
          65.0
        ],
        [
          199.0,
          63.0
        ],
        [
          200.0,
          63.0
        ],
        [
          201.0,
          62.0
        ],
        [
          203.0,
          62.0
        ],
        [
          204.0,
          63.0
        ],
        [
          205.0,
          63.0
        ],
        [
          206.0,
          64.0
        ],
        [
          207.0,
          64.0
        ],
        [
          208.0,
          65.0
        ],
        [
          209.0,
          64.0
        ],
        [
          211.0,
          64.0
        ],
        [
          212.0,
          63.0
        ],
        [
          212.0,
          62.0
        ],
        [
          213.0,
          61.0
        ],
        [
          213.0,
          59.0
        ],
        [
          214.0,
          58.0
        ],
        [
          214.0,
          56.0
        ],
        [
          213.0,
          55.0
        ],
        [
          213.0,
          52.0
        ],
        [
          212.0,
          51.0
        ],
        [
          212.0,
          49.0
        ],
        [
          211.0,
          48.0
        ],
        [
          211.0,
          47.0
        ]
      ],
      "group_id": null,
      "shape_type": "polygon",
      "flags": {}
    },
    {
      "label": "potato",
      "text": "",
      "points": [
        [
          194.0,
          168.0
        ],
        [
          193.0,
          169.0
        ],
        [
          192.0,
          169.0
        ],
        [
          190.0,
          171.0
        ],
        [
          189.0,
          171.0
        ],
        [
          185.0,
          175.0
        ],
        [
          185.0,
          176.0
        ],
        [
          184.0,
          177.0
        ],
        [
          184.0,
          180.0
        ],
        [
          183.0,
          181.0
        ],
        [
          183.0,
          189.0
        ],
        [
          184.0,
          190.0
        ],
        [
          184.0,
          191.0
        ],
        [
          186.0,
          193.0
        ],
        [
          186.0,
          195.0
        ],
        [
          187.0,
          196.0
        ],
        [
          187.0,
          198.0
        ],
        [
          188.0,
          199.0
        ],
        [
          188.0,
          200.0
        ],
        [
          190.0,
          202.0
        ],
        [
          191.0,
          202.0
        ],
        [
          192.0,
          203.0
        ],
        [
          194.0,
          203.0
        ],
        [
          195.0,
          204.0
        ],
        [
          196.0,
          204.0
        ],
        [
          197.0,
          205.0
        ],
        [
          198.0,
          205.0
        ],
        [
          199.0,
          206.0
        ],
        [
          201.0,
          206.0
        ],
        [
          202.0,
          205.0
        ],
        [
          204.0,
          205.0
        ],
        [
          205.0,
          204.0
        ],
        [
          207.0,
          204.0
        ],
        [
          209.0,
          202.0
        ],
        [
          210.0,
          202.0
        ],
        [
          212.0,
          200.0
        ],
        [
          213.0,
          200.0
        ],
        [
          213.0,
          199.0
        ],
        [
          214.0,
          198.0
        ],
        [
          214.0,
          191.0
        ],
        [
          213.0,
          190.0
        ],
        [
          213.0,
          188.0
        ],
        [
          205.0,
          180.0
        ],
        [
          205.0,
          179.0
        ],
        [
          200.0,
          174.0
        ],
        [
          200.0,
          173.0
        ],
        [
          199.0,
          172.0
        ],
        [
          199.0,
          171.0
        ],
        [
          196.0,
          168.0
        ]
      ],
      "group_id": null,
      "shape_type": "polygon",
      "flags": {}
    },
    {
      "label": "potato",
      "text": "",
      "points": [
        [
          209.0,
          495.0
        ],
        [
          209.0,
          499.0
        ],
        [
          210.0,
          500.0
        ],
        [
          210.0,
          501.0
        ],
        [
          211.0,
          502.0
        ],
        [
          211.0,
          503.0
        ],
        [
          212.0,
          504.0
        ],
        [
          212.0,
          506.0
        ],
        [
          213.0,
          507.0
        ],
        [
          219.0,
          507.0
        ],
        [
          220.0,
          506.0
        ],
        [
          226.0,
          506.0
        ],
        [
          227.0,
          507.0
        ],
        [
          228.0,
          507.0
        ],
        [
          229.0,
          508.0
        ],
        [
          231.0,
          508.0
        ],
        [
          232.0,
          509.0
        ],
        [
          235.0,
          509.0
        ],
        [
          241.0,
          503.0
        ],
        [
          243.0,
          503.0
        ],
        [
          244.0,
          502.0
        ],
        [
          244.0,
          498.0
        ],
        [
          242.0,
          496.0
        ],
        [
          242.0,
          494.0
        ],
        [
          239.0,
          491.0
        ],
        [
          238.0,
          491.0
        ],
        [
          234.0,
          487.0
        ],
        [
          231.0,
          487.0
        ],
        [
          230.0,
          486.0
        ],
        [
          221.0,
          486.0
        ],
        [
          221.0,
          488.0
        ],
        [
          220.0,
          489.0
        ],
        [
          219.0,
          489.0
        ],
        [
          218.0,
          490.0
        ],
        [
          216.0,
          490.0
        ],
        [
          215.0,
          491.0
        ],
        [
          213.0,
          491.0
        ],
        [
          212.0,
          492.0
        ],
        [
          211.0,
          492.0
        ],
        [
          210.0,
          493.0
        ],
        [
          210.0,
          494.0
        ]
      ],
      "group_id": null,
      "shape_type": "polygon",
      "flags": {}
    },
    {
      "label": "potato",
      "text": "",
      "points": [
        [
          456.0,
          277.0
        ],
        [
          456.0,
          278.0
        ],
        [
          455.0,
          279.0
        ],
        [
          455.0,
          282.0
        ],
        [
          454.0,
          283.0
        ],
        [
          454.0,
          289.0
        ],
        [
          453.0,
          290.0
        ],
        [
          453.0,
          291.0
        ],
        [
          452.0,
          292.0
        ],
        [
          452.0,
          293.0
        ],
        [
          450.0,
          295.0
        ],
        [
          450.0,
          298.0
        ],
        [
          453.0,
          301.0
        ],
        [
          454.0,
          301.0
        ],
        [
          455.0,
          302.0
        ],
        [
          456.0,
          302.0
        ],
        [
          458.0,
          304.0
        ],
        [
          459.0,
          304.0
        ],
        [
          461.0,
          306.0
        ],
        [
          461.0,
          307.0
        ],
        [
          462.0,
          308.0
        ],
        [
          462.0,
          314.0
        ],
        [
          463.0,
          315.0
        ],
        [
          463.0,
          317.0
        ],
        [
          465.0,
          319.0
        ],
        [
          468.0,
          319.0
        ],
        [
          469.0,
          320.0
        ],
        [
          470.0,
          320.0
        ],
        [
          471.0,
          319.0
        ],
        [
          476.0,
          319.0
        ],
        [
          477.0,
          318.0
        ],
        [
          479.0,
          318.0
        ],
        [
          482.0,
          315.0
        ],
        [
          483.0,
          315.0
        ],
        [
          484.0,
          314.0
        ],
        [
          485.0,
          314.0
        ],
        [
          486.0,
          313.0
        ],
        [
          487.0,
          313.0
        ],
        [
          488.0,
          312.0
        ],
        [
          489.0,
          312.0
        ],
        [
          490.0,
          311.0
        ],
        [
          491.0,
          311.0
        ],
        [
          492.0,
          310.0
        ],
        [
          495.0,
          310.0
        ],
        [
          498.0,
          307.0
        ],
        [
          498.0,
          306.0
        ],
        [
          499.0,
          305.0
        ],
        [
          499.0,
          302.0
        ],
        [
          500.0,
          301.0
        ],
        [
          500.0,
          300.0
        ],
        [
          502.0,
          298.0
        ],
        [
          502.0,
          297.0
        ],
        [
          505.0,
          294.0
        ],
        [
          505.0,
          291.0
        ],
        [
          503.0,
          289.0
        ],
        [
          501.0,
          289.0
        ],
        [
          500.0,
          288.0
        ],
        [
          497.0,
          288.0
        ],
        [
          496.0,
          289.0
        ],
        [
          494.0,
          289.0
        ],
        [
          493.0,
          288.0
        ],
        [
          492.0,
          288.0
        ],
        [
          490.0,
          286.0
        ],
        [
          490.0,
          281.0
        ],
        [
          489.0,
          280.0
        ],
        [
          489.0,
          278.0
        ],
        [
          486.0,
          275.0
        ],
        [
          484.0,
          275.0
        ],
        [
          483.0,
          276.0
        ],
        [
          483.0,
          277.0
        ],
        [
          482.0,
          278.0
        ],
        [
          482.0,
          280.0
        ],
        [
          481.0,
          281.0
        ],
        [
          481.0,
          283.0
        ],
        [
          478.0,
          286.0
        ],
        [
          478.0,
          287.0
        ],
        [
          477.0,
          288.0
        ],
        [
          475.0,
          288.0
        ],
        [
          472.0,
          285.0
        ],
        [
          472.0,
          284.0
        ],
        [
          471.0,
          283.0
        ],
        [
          471.0,
          282.0
        ],
        [
          470.0,
          281.0
        ],
        [
          470.0,
          280.0
        ],
        [
          468.0,
          278.0
        ],
        [
          468.0,
          277.0
        ],
        [
          466.0,
          275.0
        ],
        [
          465.0,
          275.0
        ],
        [
          464.0,
          274.0
        ],
        [
          459.0,
          274.0
        ]
      ],
      "group_id": null,
      "shape_type": "polygon",
      "flags": {}
    },
    {
      "label": "potato",
      "text": "",
      "points": [
        [
          471.0,
          457.0
        ],
        [
          470.0,
          458.0
        ],
        [
          469.0,
          458.0
        ],
        [
          466.0,
          461.0
        ],
        [
          466.0,
          471.0
        ],
        [
          465.0,
          472.0
        ],
        [
          465.0,
          473.0
        ],
        [
          462.0,
          476.0
        ],
        [
          461.0,
          476.0
        ],
        [
          458.0,
          479.0
        ],
        [
          457.0,
          479.0
        ],
        [
          452.0,
          484.0
        ],
        [
          452.0,
          485.0
        ],
        [
          450.0,
          487.0
        ],
        [
          450.0,
          490.0
        ],
        [
          452.0,
          492.0
        ],
        [
          453.0,
          492.0
        ],
        [
          454.0,
          493.0
        ],
        [
          455.0,
          493.0
        ],
        [
          456.0,
          494.0
        ],
        [
          458.0,
          494.0
        ],
        [
          459.0,
          495.0
        ],
        [
          462.0,
          495.0
        ],
        [
          467.0,
          500.0
        ],
        [
          467.0,
          501.0
        ],
        [
          468.0,
          502.0
        ],
        [
          469.0,
          502.0
        ],
        [
          470.0,
          503.0
        ],
        [
          471.0,
          503.0
        ],
        [
          472.0,
          504.0
        ],
        [
          473.0,
          504.0
        ],
        [
          476.0,
          507.0
        ],
        [
          476.0,
          508.0
        ],
        [
          477.0,
          509.0
        ],
        [
          477.0,
          510.0
        ],
        [
          478.0,
          511.0
        ],
        [
          478.0,
          512.0
        ],
        [
          479.0,
          513.0
        ],
        [
          480.0,
          513.0
        ],
        [
          481.0,
          514.0
        ],
        [
          483.0,
          514.0
        ],
        [
          484.0,
          515.0
        ],
        [
          486.0,
          515.0
        ],
        [
          488.0,
          517.0
        ],
        [
          489.0,
          517.0
        ],
        [
          490.0,
          518.0
        ],
        [
          493.0,
          518.0
        ],
        [
          494.0,
          519.0
        ],
        [
          500.0,
          519.0
        ],
        [
          504.0,
          515.0
        ],
        [
          504.0,
          514.0
        ],
        [
          505.0,
          513.0
        ],
        [
          505.0,
          510.0
        ],
        [
          504.0,
          509.0
        ],
        [
          504.0,
          507.0
        ],
        [
          502.0,
          505.0
        ],
        [
          502.0,
          504.0
        ],
        [
          501.0,
          503.0
        ],
        [
          501.0,
          502.0
        ],
        [
          500.0,
          501.0
        ],
        [
          500.0,
          499.0
        ],
        [
          498.0,
          497.0
        ],
        [
          498.0,
          492.0
        ],
        [
          499.0,
          491.0
        ],
        [
          499.0,
          490.0
        ],
        [
          500.0,
          489.0
        ],
        [
          500.0,
          488.0
        ],
        [
          501.0,
          487.0
        ],
        [
          501.0,
          484.0
        ],
        [
          502.0,
          483.0
        ],
        [
          502.0,
          479.0
        ],
        [
          503.0,
          478.0
        ],
        [
          503.0,
          476.0
        ],
        [
          504.0,
          475.0
        ],
        [
          504.0,
          474.0
        ],
        [
          506.0,
          472.0
        ],
        [
          506.0,
          471.0
        ],
        [
          508.0,
          469.0
        ],
        [
          509.0,
          469.0
        ],
        [
          510.0,
          468.0
        ],
        [
          510.0,
          467.0
        ],
        [
          511.0,
          466.0
        ],
        [
          511.0,
          459.0
        ],
        [
          509.0,
          459.0
        ],
        [
          508.0,
          458.0
        ],
        [
          494.0,
          458.0
        ],
        [
          493.0,
          459.0
        ],
        [
          492.0,
          459.0
        ],
        [
          489.0,
          462.0
        ],
        [
          486.0,
          462.0
        ],
        [
          485.0,
          461.0
        ],
        [
          484.0,
          461.0
        ],
        [
          482.0,
          459.0
        ],
        [
          481.0,
          459.0
        ],
        [
          479.0,
          457.0
        ]
      ],
      "group_id": null,
      "shape_type": "polygon",
      "flags": {}
    },
    {
      "label": "potato",
      "text": "",
      "points": [
        [
          552.0,
          631.0
        ],
        [
          551.0,
          630.0
        ],
        [
          551.0,
          629.0
        ],
        [
          550.0,
          628.0
        ],
        [
          550.0,
          627.0
        ],
        [
          549.0,
          627.0
        ],
        [
          548.0,
          626.0
        ],
        [
          547.0,
          626.0
        ],
        [
          546.0,
          625.0
        ],
        [
          543.0,
          625.0
        ],
        [
          542.0,
          624.0
        ],
        [
          541.0,
          624.0
        ],
        [
          540.0,
          623.0
        ],
        [
          539.0,
          623.0
        ],
        [
          538.0,
          622.0
        ],
        [
          538.0,
          621.0
        ],
        [
          537.0,
          620.0
        ],
        [
          537.0,
          618.0
        ],
        [
          536.0,
          617.0
        ],
        [
          536.0,
          616.0
        ],
        [
          535.0,
          615.0
        ],
        [
          535.0,
          613.0
        ],
        [
          536.0,
          612.0
        ],
        [
          536.0,
          611.0
        ],
        [
          537.0,
          610.0
        ],
        [
          537.0,
          608.0
        ],
        [
          538.0,
          607.0
        ],
        [
          538.0,
          604.0
        ],
        [
          539.0,
          603.0
        ],
        [
          539.0,
          600.0
        ],
        [
          538.0,
          599.0
        ],
        [
          528.0,
          599.0
        ],
        [
          527.0,
          600.0
        ],
        [
          525.0,
          600.0
        ],
        [
          524.0,
          601.0
        ],
        [
          523.0,
          601.0
        ],
        [
          519.0,
          605.0
        ],
        [
          519.0,
          606.0
        ],
        [
          517.0,
          608.0
        ],
        [
          517.0,
          609.0
        ],
        [
          516.0,
          610.0
        ],
        [
          516.0,
          611.0
        ],
        [
          514.0,
          613.0
        ],
        [
          513.0,
          613.0
        ],
        [
          512.0,
          614.0
        ],
        [
          509.0,
          614.0
        ],
        [
          508.0,
          613.0
        ],
        [
          505.0,
          613.0
        ],
        [
          504.0,
          614.0
        ],
        [
          501.0,
          614.0
        ],
        [
          500.0,
          615.0
        ],
        [
          499.0,
          615.0
        ],
        [
          498.0,
          616.0
        ],
        [
          497.0,
          616.0
        ],
        [
          496.0,
          617.0
        ],
        [
          496.0,
          618.0
        ],
        [
          494.0,
          620.0
        ],
        [
          494.0,
          621.0
        ],
        [
          491.0,
          624.0
        ],
        [
          490.0,
          624.0
        ],
        [
          489.0,
          625.0
        ],
        [
          488.0,
          625.0
        ],
        [
          487.0,
          626.0
        ],
        [
          486.0,
          626.0
        ],
        [
          485.0,
          627.0
        ],
        [
          483.0,
          627.0
        ],
        [
          482.0,
          628.0
        ],
        [
          481.0,
          628.0
        ],
        [
          479.0,
          630.0
        ],
        [
          478.0,
          630.0
        ],
        [
          477.0,
          631.0
        ],
        [
          475.0,
          631.0
        ],
        [
          474.0,
          632.0
        ],
        [
          472.0,
          632.0
        ],
        [
          469.0,
          635.0
        ],
        [
          469.0,
          637.0
        ],
        [
          468.0,
          638.0
        ],
        [
          469.0,
          639.0
        ],
        [
          544.0,
          639.0
        ],
        [
          546.0,
          637.0
        ],
        [
          547.0,
          637.0
        ],
        [
          548.0,
          636.0
        ],
        [
          549.0,
          636.0
        ],
        [
          551.0,
          634.0
        ],
        [
          551.0,
          633.0
        ],
        [
          552.0,
          632.0
        ]
      ],
      "group_id": null,
      "shape_type": "polygon",
      "flags": {}
    },
    {
      "label": "weed",
      "text": "",
      "points": [
        [
          317.0,
          126.0
        ],
        [
          316.0,
          126.0
        ],
        [
          310.0,
          132.0
        ],
        [
          309.0,
          132.0
        ],
        [
          307.0,
          134.0
        ],
        [
          307.0,
          136.0
        ],
        [
          306.0,
          137.0
        ],
        [
          306.0,
          138.0
        ],
        [
          305.0,
          139.0
        ],
        [
          305.0,
          140.0
        ],
        [
          304.0,
          141.0
        ],
        [
          304.0,
          142.0
        ],
        [
          303.0,
          143.0
        ],
        [
          303.0,
          147.0
        ],
        [
          300.0,
          150.0
        ],
        [
          300.0,
          155.0
        ],
        [
          302.0,
          157.0
        ],
        [
          303.0,
          157.0
        ],
        [
          305.0,
          159.0
        ],
        [
          306.0,
          159.0
        ],
        [
          307.0,
          160.0
        ],
        [
          310.0,
          160.0
        ],
        [
          311.0,
          159.0
        ],
        [
          318.0,
          159.0
        ],
        [
          319.0,
          158.0
        ],
        [
          322.0,
          158.0
        ],
        [
          322.0,
          157.0
        ],
        [
          323.0,
          156.0
        ],
        [
          323.0,
          155.0
        ],
        [
          324.0,
          154.0
        ],
        [
          324.0,
          149.0
        ],
        [
          323.0,
          148.0
        ],
        [
          323.0,
          143.0
        ],
        [
          324.0,
          142.0
        ],
        [
          324.0,
          141.0
        ],
        [
          325.0,
          140.0
        ],
        [
          325.0,
          134.0
        ],
        [
          321.0,
          130.0
        ],
        [
          321.0,
          129.0
        ],
        [
          319.0,
          127.0
        ],
        [
          318.0,
          127.0
        ]
      ],
      "group_id": null,
      "shape_type": "polygon",
      "flags": {}
    },
    {
      "label": "weed",
      "text": "",
      "points": [
        [
          363.0,
          329.0
        ],
        [
          362.0,
          330.0
        ],
        [
          361.0,
          330.0
        ],
        [
          360.0,
          331.0
        ],
        [
          360.0,
          332.0
        ],
        [
          356.0,
          336.0
        ],
        [
          356.0,
          337.0
        ],
        [
          355.0,
          338.0
        ],
        [
          355.0,
          342.0
        ],
        [
          354.0,
          343.0
        ],
        [
          354.0,
          354.0
        ],
        [
          355.0,
          355.0
        ],
        [
          355.0,
          357.0
        ],
        [
          360.0,
          362.0
        ],
        [
          361.0,
          362.0
        ],
        [
          362.0,
          363.0
        ],
        [
          363.0,
          363.0
        ],
        [
          364.0,
          364.0
        ],
        [
          365.0,
          364.0
        ],
        [
          366.0,
          365.0
        ],
        [
          369.0,
          365.0
        ],
        [
          370.0,
          366.0
        ],
        [
          376.0,
          366.0
        ],
        [
          378.0,
          364.0
        ],
        [
          378.0,
          363.0
        ],
        [
          379.0,
          362.0
        ],
        [
          379.0,
          349.0
        ],
        [
          378.0,
          348.0
        ],
        [
          378.0,
          344.0
        ],
        [
          377.0,
          343.0
        ],
        [
          377.0,
          337.0
        ],
        [
          376.0,
          336.0
        ],
        [
          376.0,
          334.0
        ],
        [
          374.0,
          332.0
        ],
        [
          373.0,
          332.0
        ],
        [
          372.0,
          331.0
        ],
        [
          371.0,
          331.0
        ],
        [
          370.0,
          330.0
        ],
        [
          367.0,
          330.0
        ],
        [
          366.0,
          329.0
        ]
      ],
      "group_id": null,
      "shape_type": "polygon",
      "flags": {}
    },
    {
      "label": "weed",
      "text": "",
      "points": [
        [
          72.0,
          102.0
        ],
        [
          71.0,
          102.0
        ],
        [
          70.0,
          101.0
        ],
        [
          62.0,
          101.0
        ],
        [
          61.0,
          102.0
        ],
        [
          60.0,
          102.0
        ],
        [
          59.0,
          103.0
        ],
        [
          58.0,
          103.0
        ],
        [
          55.0,
          106.0
        ],
        [
          55.0,
          110.0
        ],
        [
          54.0,
          111.0
        ],
        [
          54.0,
          113.0
        ],
        [
          50.0,
          117.0
        ],
        [
          49.0,
          117.0
        ],
        [
          49.0,
          119.0
        ],
        [
          48.0,
          120.0
        ],
        [
          49.0,
          121.0
        ],
        [
          49.0,
          122.0
        ],
        [
          53.0,
          122.0
        ],
        [
          58.0,
          117.0
        ],
        [
          60.0,
          117.0
        ],
        [
          61.0,
          116.0
        ],
        [
          62.0,
          116.0
        ],
        [
          65.0,
          113.0
        ],
        [
          66.0,
          113.0
        ],
        [
          67.0,
          112.0
        ],
        [
          68.0,
          112.0
        ],
        [
          69.0,
          111.0
        ],
        [
          70.0,
          111.0
        ],
        [
          71.0,
          110.0
        ],
        [
          71.0,
          109.0
        ],
        [
          72.0,
          108.0
        ]
      ],
      "group_id": null,
      "shape_type": "polygon",
      "flags": {}
    },
    {
      "label": "weed",
      "text": "",
      "points": [
        [
          88.0,
          119.0
        ],
        [
          87.0,
          120.0
        ],
        [
          87.0,
          122.0
        ],
        [
          86.0,
          123.0
        ],
        [
          86.0,
          126.0
        ],
        [
          84.0,
          128.0
        ],
        [
          84.0,
          129.0
        ],
        [
          83.0,
          130.0
        ],
        [
          83.0,
          131.0
        ],
        [
          82.0,
          132.0
        ],
        [
          82.0,
          133.0
        ],
        [
          81.0,
          134.0
        ],
        [
          81.0,
          146.0
        ],
        [
          80.0,
          147.0
        ],
        [
          80.0,
          152.0
        ],
        [
          82.0,
          154.0
        ],
        [
          83.0,
          154.0
        ],
        [
          84.0,
          155.0
        ],
        [
          86.0,
          155.0
        ],
        [
          88.0,
          153.0
        ],
        [
          88.0,
          151.0
        ],
        [
          89.0,
          150.0
        ],
        [
          89.0,
          149.0
        ],
        [
          90.0,
          148.0
        ],
        [
          90.0,
          147.0
        ],
        [
          91.0,
          146.0
        ],
        [
          91.0,
          122.0
        ],
        [
          90.0,
          121.0
        ],
        [
          90.0,
          120.0
        ],
        [
          89.0,
          120.0
        ]
      ],
      "group_id": null,
      "shape_type": "polygon",
      "flags": {}
    }
  ],
  "imagePath": "..\\after_crop\\tile_2_3.jpg",
  "imageData": null,
  "imageHeight": 640,
  "imageWidth": 640
}