{
  "version": "0.3.3",
  "flags": {},
  "shapes": [
    {
      "label": "potato",
      "text": "",
      "points": [
        [
          165.0,
          42.0
        ],
        [
          164.0,
          42.0
        ],
        [
          163.0,
          41.0
        ],
        [
          157.0,
          41.0
        ],
        [
          156.0,
          40.0
        ],
        [
          155.0,
          40.0
        ],
        [
          154.0,
          41.0
        ],
        [
          149.0,
          41.0
        ],
        [
          148.0,
          42.0
        ],
        [
          147.0,
          42.0
        ],
        [
          145.0,
          44.0
        ],
        [
          145.0,
          45.0
        ],
        [
          144.0,
          46.0
        ],
        [
          144.0,
          48.0
        ],
        [
          143.0,
          49.0
        ],
        [
          143.0,
          51.0
        ],
        [
          142.0,
          52.0
        ],
        [
          141.0,
          55.0
        ],
        [
          139.0,
          57.0
        ],
        [
          139.0,
          59.0
        ],
        [
          138.0,
          60.0
        ],
        [
          138.0,
          61.0
        ],
        [
          134.0,
          65.0
        ],
        [
          133.0,
          65.0
        ],
        [
          126.0,
          71.0
        ],
        [
          125.0,
          71.0
        ],
        [
          122.0,
          73.0
        ],
        [
          120.0,
          73.0
        ],
        [
          118.0,
          75.0
        ],
        [
          116.0,
          80.0
        ],
        [
          113.0,
          83.0
        ],
        [
          113.0,
          84.0
        ],
        [
          112.0,
          85.0
        ],
        [
          112.0,
          87.0
        ],
        [
          111.0,
          88.0
        ],
        [
          112.0,
          89.0
        ],
        [
          112.0,
          91.0
        ],
        [
          113.0,
          92.0
        ],
        [
          113.0,
          93.0
        ],
        [
          117.0,
          97.0
        ],
        [
          118.0,
          97.0
        ],
        [
          119.0,
          98.0
        ],
        [
          121.0,
          103.0
        ],
        [
          118.0,
          106.0
        ],
        [
          113.0,
          108.0
        ],
        [
          111.0,
          110.0
        ],
        [
          111.0,
          111.0
        ],
        [
          109.0,
          113.0
        ],
        [
          109.0,
          114.0
        ],
        [
          107.0,
          116.0
        ],
        [
          107.0,
          117.0
        ],
        [
          103.0,
          121.0
        ],
        [
          103.0,
          122.0
        ],
        [
          102.0,
          123.0
        ],
        [
          102.0,
          126.0
        ],
        [
          101.0,
          127.0
        ],
        [
          101.0,
          130.0
        ],
        [
          99.0,
          132.0
        ],
        [
          99.0,
          133.0
        ],
        [
          97.0,
          136.0
        ],
        [
          97.0,
          139.0
        ],
        [
          101.0,
          145.0
        ],
        [
          102.0,
          145.0
        ],
        [
          103.0,
          146.0
        ],
        [
          105.0,
          146.0
        ],
        [
          106.0,
          147.0
        ],
        [
          109.0,
          147.0
        ],
        [
          110.0,
          146.0
        ],
        [
          115.0,
          144.0
        ],
        [
          125.0,
          134.0
        ],
        [
          126.0,
          134.0
        ],
        [
          129.0,
          131.0
        ],
        [
          131.0,
          131.0
        ],
        [
          132.0,
          130.0
        ],
        [
          136.0,
          130.0
        ],
        [
          137.0,
          129.0
        ],
        [
          140.0,
          129.0
        ],
        [
          141.0,
          128.0
        ],
        [
          145.0,
          128.0
        ],
        [
          146.0,
          127.0
        ],
        [
          148.0,
          127.0
        ],
        [
          155.0,
          123.0
        ],
        [
          160.0,
          123.0
        ],
        [
          161.0,
          124.0
        ],
        [
          166.0,
          124.0
        ],
        [
          167.0,
          123.0
        ],
        [
          170.0,
          122.0
        ],
        [
          172.0,
          120.0
        ],
        [
          173.0,
          120.0
        ],
        [
          176.0,
          117.0
        ],
        [
          176.0,
          116.0
        ],
        [
          177.0,
          115.0
        ],
        [
          177.0,
          110.0
        ],
        [
          175.0,
          108.0
        ],
        [
          174.0,
          105.0
        ],
        [
          169.0,
          102.0
        ],
        [
          168.0,
          99.0
        ],
        [
          175.0,
          95.0
        ],
        [
          178.0,
          95.0
        ],
        [
          179.0,
          94.0
        ],
        [
          179.0,
          93.0
        ],
        [
          180.0,
          92.0
        ],
        [
          180.0,
          90.0
        ],
        [
          181.0,
          89.0
        ],
        [
          183.0,
          84.0
        ],
        [
          185.0,
          82.0
        ],
        [
          185.0,
          81.0
        ],
        [
          186.0,
          80.0
        ],
        [
          186.0,
          73.0
        ],
        [
          185.0,
          73.0
        ],
        [
          184.0,
          72.0
        ],
        [
          183.0,
          72.0
        ],
        [
          182.0,
          73.0
        ],
        [
          177.0,
          73.0
        ],
        [
          176.0,
          74.0
        ],
        [
          176.0,
          76.0
        ],
        [
          175.0,
          77.0
        ],
        [
          175.0,
          78.0
        ],
        [
          173.0,
          80.0
        ],
        [
          171.0,
          80.0
        ],
        [
          170.0,
          81.0
        ],
        [
          160.0,
          81.0
        ],
        [
          159.0,
          80.0
        ],
        [
          158.0,
          80.0
        ],
        [
          155.0,
          77.0
        ],
        [
          155.0,
          75.0
        ],
        [
          156.0,
          74.0
        ],
        [
          156.0,
          73.0
        ],
        [
          159.0,
          68.0
        ],
        [
          159.0,
          66.0
        ],
        [
          160.0,
          65.0
        ],
        [
          160.0,
          58.0
        ],
        [
          161.0,
          57.0
        ],
        [
          161.0,
          56.0
        ],
        [
          165.0,
          52.0
        ],
        [
          165.0,
          51.0
        ],
        [
          166.0,
          50.0
        ],
        [
          166.0,
          43.0
        ]
      ],
      "group_id": null,
      "shape_type": "polygon",
      "flags": {}
    },
    {
      "label": "potato",
      "text": "",
      "points": [
        [
          117.0,
          160.0
        ],
        [
          116.0,
          161.0
        ],
        [
          115.0,
          161.0
        ],
        [
          114.0,
          162.0
        ],
        [
          112.0,
          162.0
        ],
        [
          111.0,
          163.0
        ],
        [
          110.0,
          163.0
        ],
        [
          109.0,
          164.0
        ],
        [
          108.0,
          164.0
        ],
        [
          107.0,
          165.0
        ],
        [
          105.0,
          165.0
        ],
        [
          104.0,
          166.0
        ],
        [
          104.0,
          167.0
        ],
        [
          103.0,
          168.0
        ],
        [
          103.0,
          170.0
        ],
        [
          102.0,
          171.0
        ],
        [
          102.0,
          179.0
        ],
        [
          103.0,
          180.0
        ],
        [
          103.0,
          187.0
        ],
        [
          99.0,
          191.0
        ],
        [
          92.0,
          191.0
        ],
        [
          91.0,
          192.0
        ],
        [
          91.0,
          196.0
        ],
        [
          92.0,
          197.0
        ],
        [
          92.0,
          200.0
        ],
        [
          93.0,
          201.0
        ],
        [
          93.0,
          202.0
        ],
        [
          94.0,
          203.0
        ],
        [
          94.0,
          206.0
        ],
        [
          95.0,
          207.0
        ],
        [
          95.0,
          208.0
        ],
        [
          94.0,
          209.0
        ],
        [
          94.0,
          210.0
        ],
        [
          95.0,
          211.0
        ],
        [
          96.0,
          211.0
        ],
        [
          97.0,
          210.0
        ],
        [
          99.0,
          210.0
        ],
        [
          103.0,
          214.0
        ],
        [
          103.0,
          215.0
        ],
        [
          104.0,
          216.0
        ],
        [
          105.0,
          216.0
        ],
        [
          106.0,
          217.0
        ],
        [
          109.0,
          217.0
        ],
        [
          110.0,
          218.0
        ],
        [
          111.0,
          218.0
        ],
        [
          112.0,
          219.0
        ],
        [
          112.0,
          225.0
        ],
        [
          113.0,
          226.0
        ],
        [
          113.0,
          228.0
        ],
        [
          117.0,
          232.0
        ],
        [
          122.0,
          232.0
        ],
        [
          123.0,
          231.0
        ],
        [
          123.0,
          230.0
        ],
        [
          124.0,
          229.0
        ],
        [
          124.0,
          221.0
        ],
        [
          123.0,
          220.0
        ],
        [
          123.0,
          216.0
        ],
        [
          124.0,
          215.0
        ],
        [
          124.0,
          214.0
        ],
        [
          125.0,
          213.0
        ],
        [
          125.0,
          212.0
        ],
        [
          126.0,
          211.0
        ],
        [
          126.0,
          210.0
        ],
        [
          128.0,
          208.0
        ],
        [
          129.0,
          208.0
        ],
        [
          130.0,
          207.0
        ],
        [
          131.0,
          207.0
        ],
        [
          132.0,
          206.0
        ],
        [
          134.0,
          206.0
        ],
        [
          135.0,
          205.0
        ],
        [
          136.0,
          205.0
        ],
        [
          138.0,
          203.0
        ],
        [
          138.0,
          201.0
        ],
        [
          139.0,
          200.0
        ],
        [
          139.0,
          199.0
        ],
        [
          143.0,
          195.0
        ],
        [
          143.0,
          194.0
        ],
        [
          145.0,
          192.0
        ],
        [
          145.0,
          191.0
        ],
        [
          146.0,
          190.0
        ],
        [
          146.0,
          186.0
        ],
        [
          145.0,
          185.0
        ],
        [
          145.0,
          182.0
        ],
        [
          144.0,
          181.0
        ],
        [
          144.0,
          180.0
        ],
        [
          143.0,
          179.0
        ],
        [
          142.0,
          179.0
        ],
        [
          141.0,
          178.0
        ],
        [
          140.0,
          178.0
        ],
        [
          139.0,
          177.0
        ],
        [
          138.0,
          177.0
        ],
        [
          137.0,
          176.0
        ],
        [
          136.0,
          176.0
        ],
        [
          135.0,
          175.0
        ],
        [
          134.0,
          175.0
        ],
        [
          132.0,
          173.0
        ],
        [
          132.0,
          172.0
        ],
        [
          131.0,
          171.0
        ],
        [
          131.0,
          170.0
        ],
        [
          130.0,
          169.0
        ],
        [
          130.0,
          168.0
        ],
        [
          129.0,
          167.0
        ],
        [
          129.0,
          166.0
        ],
        [
          128.0,
          165.0
        ],
        [
          128.0,
          163.0
        ],
        [
          127.0,
          162.0
        ],
        [
          127.0,
          161.0
        ],
        [
          126.0,
          160.0
        ]
      ],
      "group_id": null,
      "shape_type": "polygon",
      "flags": {}
    },
    {
      "label": "potato",
      "text": "",
      "points": [
        [
          87.0,
          296.0
        ],
        [
          87.0,
          306.0
        ],
        [
          79.0,
          310.0
        ],
        [
          78.0,
          312.0
        ],
        [
          82.0,
          317.0
        ],
        [
          89.0,
          319.0
        ],
        [
          90.0,
          320.0
        ],
        [
          92.0,
          320.0
        ],
        [
          93.0,
          321.0
        ],
        [
          95.0,
          321.0
        ],
        [
          98.0,
          323.0
        ],
        [
          98.0,
          328.0
        ],
        [
          95.0,
          331.0
        ],
        [
          95.0,
          332.0
        ],
        [
          91.0,
          335.0
        ],
        [
          89.0,
          335.0
        ],
        [
          85.0,
          337.0
        ],
        [
          82.0,
          340.0
        ],
        [
          82.0,
          342.0
        ],
        [
          81.0,
          343.0
        ],
        [
          82.0,
          347.0
        ],
        [
          91.0,
          355.0
        ],
        [
          90.0,
          358.0
        ],
        [
          88.0,
          360.0
        ],
        [
          88.0,
          369.0
        ],
        [
          87.0,
          370.0
        ],
        [
          87.0,
          372.0
        ],
        [
          85.0,
          375.0
        ],
        [
          85.0,
          377.0
        ],
        [
          82.0,
          381.0
        ],
        [
          83.0,
          387.0
        ],
        [
          87.0,
          391.0
        ],
        [
          92.0,
          391.0
        ],
        [
          97.0,
          389.0
        ],
        [
          101.0,
          385.0
        ],
        [
          102.0,
          381.0
        ],
        [
          106.0,
          377.0
        ],
        [
          109.0,
          376.0
        ],
        [
          113.0,
          371.0
        ],
        [
          115.0,
          371.0
        ],
        [
          117.0,
          373.0
        ],
        [
          119.0,
          378.0
        ],
        [
          123.0,
          384.0
        ],
        [
          124.0,
          393.0
        ],
        [
          125.0,
          394.0
        ],
        [
          126.0,
          399.0
        ],
        [
          128.0,
          402.0
        ],
        [
          132.0,
          401.0
        ],
        [
          136.0,
          397.0
        ],
        [
          145.0,
          391.0
        ],
        [
          147.0,
          391.0
        ],
        [
          148.0,
          390.0
        ],
        [
          155.0,
          390.0
        ],
        [
          161.0,
          387.0
        ],
        [
          164.0,
          384.0
        ],
        [
          166.0,
          384.0
        ],
        [
          167.0,
          383.0
        ],
        [
          171.0,
          383.0
        ],
        [
          174.0,
          385.0
        ],
        [
          176.0,
          389.0
        ],
        [
          179.0,
          392.0
        ],
        [
          181.0,
          392.0
        ],
        [
          182.0,
          393.0
        ],
        [
          186.0,
          393.0
        ],
        [
          189.0,
          391.0
        ],
        [
          190.0,
          385.0
        ],
        [
          187.0,
          379.0
        ],
        [
          187.0,
          375.0
        ],
        [
          186.0,
          374.0
        ],
        [
          186.0,
          367.0
        ],
        [
          187.0,
          366.0
        ],
        [
          187.0,
          363.0
        ],
        [
          191.0,
          357.0
        ],
        [
          195.0,
          356.0
        ],
        [
          200.0,
          353.0
        ],
        [
          204.0,
          345.0
        ],
        [
          204.0,
          343.0
        ],
        [
          206.0,
          340.0
        ],
        [
          207.0,
          335.0
        ],
        [
          210.0,
          331.0
        ],
        [
          206.0,
          323.0
        ],
        [
          204.0,
          321.0
        ],
        [
          202.0,
          321.0
        ],
        [
          198.0,
          317.0
        ],
        [
          196.0,
          312.0
        ],
        [
          192.0,
          310.0
        ],
        [
          189.0,
          310.0
        ],
        [
          188.0,
          309.0
        ],
        [
          183.0,
          309.0
        ],
        [
          177.0,
          306.0
        ],
        [
          174.0,
          303.0
        ],
        [
          174.0,
          301.0
        ],
        [
          172.0,
          297.0
        ],
        [
          173.0,
          296.0
        ],
        [
          174.0,
          288.0
        ],
        [
          170.0,
          283.0
        ],
        [
          164.0,
          280.0
        ],
        [
          158.0,
          279.0
        ],
        [
          154.0,
          281.0
        ],
        [
          147.0,
          281.0
        ],
        [
          141.0,
          287.0
        ],
        [
          140.0,
          287.0
        ],
        [
          138.0,
          283.0
        ],
        [
          138.0,
          275.0
        ],
        [
          136.0,
          271.0
        ],
        [
          134.0,
          270.0
        ],
        [
          129.0,
          270.0
        ],
        [
          123.0,
          274.0
        ],
        [
          120.0,
          281.0
        ],
        [
          117.0,
          285.0
        ],
        [
          115.0,
          294.0
        ],
        [
          113.0,
          296.0
        ],
        [
          111.0,
          297.0
        ],
        [
          107.0,
          297.0
        ],
        [
          102.0,
          295.0
        ],
        [
          88.0,
          295.0
        ]
      ],
      "group_id": null,
      "shape_type": "polygon",
      "flags": {}
    },
    {
      "label": "potato",
      "text": "",
      "points": [
        [
          430.0,
          499.0
        ],
        [
          427.0,
          499.0
        ],
        [
          426.0,
          498.0
        ],
        [
          423.0,
          498.0
        ],
        [
          422.0,
          499.0
        ],
        [
          419.0,
          499.0
        ],
        [
          418.0,
          500.0
        ],
        [
          415.0,
          500.0
        ],
        [
          414.0,
          501.0
        ],
        [
          413.0,
          501.0
        ],
        [
          410.0,
          504.0
        ],
        [
          410.0,
          505.0
        ],
        [
          409.0,
          506.0
        ],
        [
          409.0,
          507.0
        ],
        [
          405.0,
          511.0
        ],
        [
          401.0,
          511.0
        ],
        [
          400.0,
          512.0
        ],
        [
          395.0,
          512.0
        ],
        [
          394.0,
          513.0
        ],
        [
          392.0,
          513.0
        ],
        [
          388.0,
          517.0
        ],
        [
          388.0,
          518.0
        ],
        [
          386.0,
          520.0
        ],
        [
          386.0,
          521.0
        ],
        [
          385.0,
          522.0
        ],
        [
          385.0,
          523.0
        ],
        [
          384.0,
          524.0
        ],
        [
          384.0,
          530.0
        ],
        [
          385.0,
          531.0
        ],
        [
          385.0,
          534.0
        ],
        [
          386.0,
          535.0
        ],
        [
          386.0,
          536.0
        ],
        [
          390.0,
          540.0
        ],
        [
          390.0,
          542.0
        ],
        [
          389.0,
          543.0
        ],
        [
          389.0,
          545.0
        ],
        [
          388.0,
          546.0
        ],
        [
          388.0,
          548.0
        ],
        [
          389.0,
          549.0
        ],
        [
          390.0,
          549.0
        ],
        [
          391.0,
          550.0
        ],
        [
          393.0,
          550.0
        ],
        [
          394.0,
          551.0
        ],
        [
          397.0,
          551.0
        ],
        [
          398.0,
          552.0
        ],
        [
          399.0,
          552.0
        ],
        [
          403.0,
          556.0
        ],
        [
          404.0,
          556.0
        ],
        [
          405.0,
          557.0
        ],
        [
          410.0,
          557.0
        ],
        [
          411.0,
          556.0
        ],
        [
          412.0,
          556.0
        ],
        [
          414.0,
          554.0
        ],
        [
          415.0,
          554.0
        ],
        [
          417.0,
          552.0
        ],
        [
          418.0,
          552.0
        ],
        [
          419.0,
          551.0
        ],
        [
          420.0,
          551.0
        ],
        [
          425.0,
          546.0
        ],
        [
          428.0,
          546.0
        ],
        [
          429.0,
          545.0
        ],
        [
          430.0,
          545.0
        ],
        [
          431.0,
          544.0
        ],
        [
          432.0,
          544.0
        ],
        [
          433.0,
          543.0
        ],
        [
          434.0,
          543.0
        ],
        [
          435.0,
          542.0
        ],
        [
          436.0,
          542.0
        ],
        [
          437.0,
          541.0
        ],
        [
          437.0,
          540.0
        ],
        [
          438.0,
          539.0
        ],
        [
          438.0,
          535.0
        ],
        [
          437.0,
          534.0
        ],
        [
          437.0,
          533.0
        ],
        [
          436.0,
          532.0
        ],
        [
          434.0,
          532.0
        ],
        [
          432.0,
          530.0
        ],
        [
          431.0,
          530.0
        ],
        [
          430.0,
          529.0
        ],
        [
          429.0,
          529.0
        ],
        [
          428.0,
          528.0
        ],
        [
          428.0,
          527.0
        ],
        [
          427.0,
          526.0
        ],
        [
          428.0,
          525.0
        ],
        [
          428.0,
          523.0
        ],
        [
          429.0,
          522.0
        ],
        [
          429.0,
          520.0
        ],
        [
          430.0,
          519.0
        ],
        [
          430.0,
          515.0
        ],
        [
          431.0,
          514.0
        ],
        [
          431.0,
          512.0
        ],
        [
          432.0,
          511.0
        ],
        [
          432.0,
          508.0
        ],
        [
          433.0,
          507.0
        ],
        [
          433.0,
          504.0
        ],
        [
          432.0,
          503.0
        ],
        [
          432.0,
          500.0
        ],
        [
          431.0,
          500.0
        ]
      ],
      "group_id": null,
      "shape_type": "polygon",
      "flags": {}
    },
    {
      "label": "potato",
      "text": "",
      "points": [
        [
          345.0,
          629.0
        ],
        [
          345.0,
          631.0
        ],
        [
          346.0,
          632.0
        ],
        [
          346.0,
          633.0
        ],
        [
          347.0,
          634.0
        ],
        [
          347.0,
          635.0
        ],
        [
          349.0,
          637.0
        ],
        [
          350.0,
          637.0
        ],
        [
          352.0,
          639.0
        ],
        [
          438.0,
          639.0
        ],
        [
          439.0,
          638.0
        ],
        [
          439.0,
          633.0
        ],
        [
          441.0,
          630.0
        ],
        [
          441.0,
          627.0
        ],
        [
          442.0,
          626.0
        ],
        [
          442.0,
          624.0
        ],
        [
          443.0,
          623.0
        ],
        [
          443.0,
          619.0
        ],
        [
          444.0,
          618.0
        ],
        [
          444.0,
          612.0
        ],
        [
          445.0,
          611.0
        ],
        [
          445.0,
          607.0
        ],
        [
          443.0,
          604.0
        ],
        [
          438.0,
          604.0
        ],
        [
          437.0,
          605.0
        ],
        [
          435.0,
          605.0
        ],
        [
          432.0,
          607.0
        ],
        [
          429.0,
          607.0
        ],
        [
          428.0,
          608.0
        ],
        [
          422.0,
          602.0
        ],
        [
          422.0,
          601.0
        ],
        [
          419.0,
          599.0
        ],
        [
          411.0,
          599.0
        ],
        [
          410.0,
          600.0
        ],
        [
          409.0,
          600.0
        ],
        [
          408.0,
          599.0
        ],
        [
          406.0,
          599.0
        ],
        [
          405.0,
          598.0
        ],
        [
          405.0,
          591.0
        ],
        [
          404.0,
          590.0
        ],
        [
          404.0,
          588.0
        ],
        [
          399.0,
          583.0
        ],
        [
          397.0,
          583.0
        ],
        [
          394.0,
          581.0
        ],
        [
          390.0,
          581.0
        ],
        [
          389.0,
          580.0
        ],
        [
          387.0,
          580.0
        ],
        [
          384.0,
          582.0
        ],
        [
          384.0,
          585.0
        ],
        [
          383.0,
          586.0
        ],
        [
          383.0,
          595.0
        ],
        [
          382.0,
          596.0
        ],
        [
          382.0,
          597.0
        ],
        [
          380.0,
          599.0
        ],
        [
          379.0,
          599.0
        ],
        [
          378.0,
          598.0
        ],
        [
          376.0,
          598.0
        ],
        [
          372.0,
          594.0
        ],
        [
          371.0,
          594.0
        ],
        [
          369.0,
          592.0
        ],
        [
          364.0,
          592.0
        ],
        [
          361.0,
          594.0
        ],
        [
          361.0,
          595.0
        ],
        [
          359.0,
          598.0
        ],
        [
          359.0,
          603.0
        ],
        [
          358.0,
          604.0
        ],
        [
          358.0,
          606.0
        ],
        [
          356.0,
          608.0
        ],
        [
          356.0,
          617.0
        ],
        [
          354.0,
          619.0
        ],
        [
          353.0,
          619.0
        ],
        [
          353.0,
          620.0
        ],
        [
          352.0,
          621.0
        ],
        [
          351.0,
          621.0
        ],
        [
          349.0,
          623.0
        ],
        [
          348.0,
          623.0
        ],
        [
          347.0,
          624.0
        ],
        [
          347.0,
          625.0
        ],
        [
          346.0,
          626.0
        ],
        [
          346.0,
          628.0
        ]
      ],
      "group_id": null,
      "shape_type": "polygon",
      "flags": {}
    },
    {
      "label": "weed",
      "text": "",
      "points": [
        [
          198.0,
          79.0
        ],
        [
          198.0,
          80.0
        ],
        [
          195.0,
          83.0
        ],
        [
          195.0,
          96.0
        ],
        [
          192.0,
          99.0
        ],
        [
          192.0,
          100.0
        ],
        [
          191.0,
          101.0
        ],
        [
          191.0,
          102.0
        ],
        [
          190.0,
          103.0
        ],
        [
          190.0,
          106.0
        ],
        [
          193.0,
          109.0
        ],
        [
          194.0,
          109.0
        ],
        [
          195.0,
          110.0
        ],
        [
          196.0,
          110.0
        ],
        [
          197.0,
          111.0
        ],
        [
          198.0,
          111.0
        ],
        [
          199.0,
          112.0
        ],
        [
          200.0,
          112.0
        ],
        [
          201.0,
          113.0
        ],
        [
          202.0,
          113.0
        ],
        [
          203.0,
          114.0
        ],
        [
          204.0,
          114.0
        ],
        [
          205.0,
          115.0
        ],
        [
          213.0,
          115.0
        ],
        [
          214.0,
          116.0
        ],
        [
          215.0,
          116.0
        ],
        [
          216.0,
          117.0
        ],
        [
          224.0,
          117.0
        ],
        [
          225.0,
          116.0
        ],
        [
          232.0,
          116.0
        ],
        [
          233.0,
          115.0
        ],
        [
          236.0,
          115.0
        ],
        [
          237.0,
          114.0
        ],
        [
          240.0,
          114.0
        ],
        [
          241.0,
          115.0
        ],
        [
          242.0,
          115.0
        ],
        [
          244.0,
          117.0
        ],
        [
          244.0,
          118.0
        ],
        [
          245.0,
          119.0
        ],
        [
          245.0,
          120.0
        ],
        [
          246.0,
          121.0
        ],
        [
          246.0,
          123.0
        ],
        [
          247.0,
          124.0
        ],
        [
          248.0,
          124.0
        ],
        [
          249.0,
          123.0
        ],
        [
          249.0,
          121.0
        ],
        [
          250.0,
          120.0
        ],
        [
          250.0,
          119.0
        ],
        [
          251.0,
          118.0
        ],
        [
          252.0,
          118.0
        ],
        [
          253.0,
          117.0
        ],
        [
          253.0,
          116.0
        ],
        [
          254.0,
          115.0
        ],
        [
          254.0,
          112.0
        ],
        [
          255.0,
          111.0
        ],
        [
          255.0,
          110.0
        ],
        [
          259.0,
          106.0
        ],
        [
          260.0,
          106.0
        ],
        [
          261.0,
          105.0
        ],
        [
          262.0,
          105.0
        ],
        [
          263.0,
          104.0
        ],
        [
          264.0,
          104.0
        ],
        [
          266.0,
          102.0
        ],
        [
          267.0,
          102.0
        ],
        [
          267.0,
          101.0
        ],
        [
          270.0,
          98.0
        ],
        [
          270.0,
          93.0
        ],
        [
          268.0,
          91.0
        ],
        [
          268.0,
          90.0
        ],
        [
          265.0,
          87.0
        ],
        [
          265.0,
          86.0
        ],
        [
          264.0,
          85.0
        ],
        [
          264.0,
          84.0
        ],
        [
          263.0,
          83.0
        ],
        [
          263.0,
          82.0
        ],
        [
          262.0,
          81.0
        ],
        [
          261.0,
          81.0
        ],
        [
          260.0,
          80.0
        ],
        [
          259.0,
          80.0
        ],
        [
          258.0,
          79.0
        ],
        [
          256.0,
          79.0
        ],
        [
          252.0,
          75.0
        ],
        [
          251.0,
          75.0
        ],
        [
          250.0,
          74.0
        ],
        [
          249.0,
          74.0
        ],
        [
          248.0,
          73.0
        ],
        [
          246.0,
          73.0
        ],
        [
          245.0,
          74.0
        ],
        [
          243.0,
          74.0
        ],
        [
          242.0,
          75.0
        ],
        [
          241.0,
          75.0
        ],
        [
          240.0,
          76.0
        ],
        [
          239.0,
          75.0
        ],
        [
          238.0,
          75.0
        ],
        [
          237.0,
          74.0
        ],
        [
          237.0,
          73.0
        ],
        [
          235.0,
          71.0
        ],
        [
          234.0,
          71.0
        ],
        [
          233.0,
          70.0
        ],
        [
          221.0,
          70.0
        ],
        [
          220.0,
          71.0
        ],
        [
          218.0,
          71.0
        ],
        [
          217.0,
          72.0
        ],
        [
          216.0,
          72.0
        ],
        [
          215.0,
          73.0
        ],
        [
          214.0,
          73.0
        ],
        [
          213.0,
          74.0
        ],
        [
          212.0,
          74.0
        ],
        [
          211.0,
          75.0
        ],
        [
          208.0,
          75.0
        ],
        [
          207.0,
          76.0
        ],
        [
          203.0,
          76.0
        ],
        [
          202.0,
          77.0
        ],
        [
          201.0,
          77.0
        ],
        [
          199.0,
          79.0
        ]
      ],
      "group_id": null,
      "shape_type": "polygon",
      "flags": {}
    },
    {
      "label": "weed",
      "text": "",
      "points": [
        [
          214.0,
          231.0
        ],
        [
          213.0,
          231.0
        ],
        [
          212.0,
          230.0
        ],
        [
          206.0,
          230.0
        ],
        [
          205.0,
          231.0
        ],
        [
          203.0,
          231.0
        ],
        [
          200.0,
          234.0
        ],
        [
          200.0,
          237.0
        ],
        [
          199.0,
          238.0
        ],
        [
          199.0,
          244.0
        ],
        [
          200.0,
          245.0
        ],
        [
          200.0,
          246.0
        ],
        [
          201.0,
          246.0
        ],
        [
          202.0,
          247.0
        ],
        [
          207.0,
          247.0
        ],
        [
          208.0,
          246.0
        ],
        [
          210.0,
          246.0
        ],
        [
          211.0,
          245.0
        ],
        [
          212.0,
          245.0
        ],
        [
          217.0,
          240.0
        ],
        [
          217.0,
          237.0
        ],
        [
          216.0,
          236.0
        ],
        [
          216.0,
          235.0
        ],
        [
          215.0,
          234.0
        ],
        [
          215.0,
          233.0
        ],
        [
          214.0,
          232.0
        ]
      ],
      "group_id": null,
      "shape_type": "polygon",
      "flags": {}
    },
    {
      "label": "weed",
      "text": "",
      "points": [
        [
          237.0,
          204.0
        ],
        [
          233.0,
          204.0
        ],
        [
          232.0,
          205.0
        ],
        [
          230.0,
          205.0
        ],
        [
          229.0,
          206.0
        ],
        [
          226.0,
          206.0
        ],
        [
          223.0,
          209.0
        ],
        [
          223.0,
          217.0
        ],
        [
          225.0,
          219.0
        ],
        [
          226.0,
          219.0
        ],
        [
          227.0,
          220.0
        ],
        [
          231.0,
          220.0
        ],
        [
          232.0,
          219.0
        ],
        [
          238.0,
          219.0
        ],
        [
          240.0,
          217.0
        ],
        [
          240.0,
          211.0
        ],
        [
          239.0,
          210.0
        ],
        [
          239.0,
          209.0
        ],
        [
          238.0,
          208.0
        ],
        [
          238.0,
          206.0
        ],
        [
          237.0,
          205.0
        ]
      ],
      "group_id": null,
      "shape_type": "polygon",
      "flags": {}
    },
    {
      "label": "weed",
      "text": "",
      "points": [
        [
          487.0,
          565.0
        ],
        [
          487.0,
          570.0
        ],
        [
          488.0,
          571.0
        ],
        [
          488.0,
          572.0
        ],
        [
          489.0,
          573.0
        ],
        [
          489.0,
          574.0
        ],
        [
          491.0,
          576.0
        ],
        [
          491.0,
          577.0
        ],
        [
          492.0,
          578.0
        ],
        [
          492.0,
          580.0
        ],
        [
          493.0,
          581.0
        ],
        [
          493.0,
          582.0
        ],
        [
          498.0,
          587.0
        ],
        [
          505.0,
          587.0
        ],
        [
          506.0,
          586.0
        ],
        [
          510.0,
          586.0
        ],
        [
          511.0,
          585.0
        ],
        [
          512.0,
          585.0
        ],
        [
          515.0,
          582.0
        ],
        [
          515.0,
          580.0
        ],
        [
          516.0,
          579.0
        ],
        [
          516.0,
          575.0
        ],
        [
          515.0,
          574.0
        ],
        [
          515.0,
          572.0
        ],
        [
          513.0,
          570.0
        ],
        [
          511.0,
          570.0
        ],
        [
          510.0,
          569.0
        ],
        [
          507.0,
          569.0
        ],
        [
          503.0,
          565.0
        ],
        [
          503.0,
          564.0
        ],
        [
          502.0,
          563.0
        ],
        [
          502.0,
          562.0
        ],
        [
          497.0,
          562.0
        ],
        [
          496.0,
          561.0
        ],
        [
          493.0,
          561.0
        ],
        [
          492.0,
          562.0
        ],
        [
          490.0,
          562.0
        ]
      ],
      "group_id": null,
      "shape_type": "polygon",
      "flags": {}
    },
    {
      "label": "weed",
      "text": "",
      "points": [
        [
          517.0,
          542.0
        ],
        [
          516.0,
          542.0
        ],
        [
          515.0,
          541.0
        ],
        [
          514.0,
          541.0
        ],
        [
          513.0,
          542.0
        ],
        [
          512.0,
          542.0
        ],
        [
          511.0,
          543.0
        ],
        [
          510.0,
          543.0
        ],
        [
          507.0,
          546.0
        ],
        [
          507.0,
          547.0
        ],
        [
          506.0,
          548.0
        ],
        [
          506.0,
          553.0
        ],
        [
          507.0,
          554.0
        ],
        [
          507.0,
          558.0
        ],
        [
          512.0,
          558.0
        ],
        [
          513.0,
          559.0
        ],
        [
          515.0,
          559.0
        ],
        [
          522.0,
          552.0
        ],
        [
          522.0,
          548.0
        ],
        [
          520.0,
          546.0
        ],
        [
          520.0,
          545.0
        ]
      ],
      "group_id": null,
      "shape_type": "polygon",
      "flags": {}
    },
    {
      "label": "weed",
      "text": "",
      "points": [
        [
          559.0,
          181.0
        ],
        [
          558.0,
          180.0
        ],
        [
          558.0,
          179.0
        ],
        [
          557.0,
          178.0
        ],
        [
          557.0,
          177.0
        ],
        [
          553.0,
          173.0
        ],
        [
          552.0,
          173.0
        ],
        [
          551.0,
          172.0
        ],
        [
          547.0,
          172.0
        ],
        [
          546.0,
          173.0
        ],
        [
          543.0,
          173.0
        ],
        [
          542.0,
          174.0
        ],
        [
          539.0,
          174.0
        ],
        [
          538.0,
          175.0
        ],
        [
          536.0,
          175.0
        ],
        [
          533.0,
          178.0
        ],
        [
          533.0,
          183.0
        ],
        [
          534.0,
          184.0
        ],
        [
          534.0,
          185.0
        ],
        [
          536.0,
          185.0
        ],
        [
          537.0,
          186.0
        ],
        [
          546.0,
          186.0
        ],
        [
          547.0,
          187.0
        ],
        [
          548.0,
          187.0
        ],
        [
          549.0,
          188.0
        ],
        [
          551.0,
          188.0
        ],
        [
          552.0,
          189.0
        ],
        [
          553.0,
          188.0
        ],
        [
          556.0,
          188.0
        ],
        [
          557.0,
          187.0
        ],
        [
          557.0,
          186.0
        ],
        [
          558.0,
          185.0
        ],
        [
          558.0,
          184.0
        ],
        [
          559.0,
          183.0
        ]
      ],
      "group_id": null,
      "shape_type": "polygon",
      "flags": {}
    },
    {
      "label": "weed",
      "text": "",
      "points": [
        [
          391.0,
          370.0
        ],
        [
          391.0,
          373.0
        ],
        [
          393.0,
          375.0
        ],
        [
          394.0,
          375.0
        ],
        [
          399.0,
          380.0
        ],
        [
          401.0,
          380.0
        ],
        [
          402.0,
          381.0
        ],
        [
          404.0,
          381.0
        ],
        [
          405.0,
          382.0
        ],
        [
          410.0,
          382.0
        ],
        [
          412.0,
          380.0
        ],
        [
          412.0,
          369.0
        ],
        [
          409.0,
          366.0
        ],
        [
          408.0,
          366.0
        ],
        [
          407.0,
          365.0
        ],
        [
          404.0,
          365.0
        ],
        [
          403.0,
          364.0
        ],
        [
          402.0,
          365.0
        ],
        [
          400.0,
          365.0
        ],
        [
          399.0,
          366.0
        ],
        [
          395.0,
          366.0
        ]
      ],
      "group_id": null,
      "shape_type": "polygon",
      "flags": {}
    },
    {
      "label": "weed",
      "text": "",
      "points": [
        [
          496.0,
          156.0
        ],
        [
          496.0,
          157.0
        ],
        [
          495.0,
          158.0
        ],
        [
          495.0,
          161.0
        ],
        [
          494.0,
          162.0
        ],
        [
          494.0,
          167.0
        ],
        [
          495.0,
          168.0
        ],
        [
          495.0,
          170.0
        ],
        [
          496.0,
          171.0
        ],
        [
          496.0,
          172.0
        ],
        [
          497.0,
          172.0
        ],
        [
          500.0,
          175.0
        ],
        [
          505.0,
          175.0
        ],
        [
          506.0,
          174.0
        ],
        [
          506.0,
          173.0
        ],
        [
          507.0,
          172.0
        ],
        [
          507.0,
          170.0
        ],
        [
          508.0,
          169.0
        ],
        [
          508.0,
          167.0
        ],
        [
          509.0,
          166.0
        ],
        [
          509.0,
          159.0
        ],
        [
          507.0,
          157.0
        ],
        [
          507.0,
          156.0
        ],
        [
          506.0,
          157.0
        ],
        [
          505.0,
          157.0
        ],
        [
          504.0,
          158.0
        ],
        [
          503.0,
          158.0
        ],
        [
          501.0,
          156.0
        ],
        [
          500.0,
          156.0
        ],
        [
          499.0,
          155.0
        ],
        [
          498.0,
          156.0
        ]
      ],
      "group_id": null,
      "shape_type": "polygon",
      "flags": {}
    },
    {
      "label": "weed",
      "text": "",
      "points": [
        [
          227.0,
          498.0
        ],
        [
          226.0,
          499.0
        ],
        [
          225.0,
          499.0
        ],
        [
          224.0,
          500.0
        ],
        [
          224.0,
          502.0
        ],
        [
          223.0,
          503.0
        ],
        [
          223.0,
          504.0
        ],
        [
          224.0,
          505.0
        ],
        [
          224.0,
          508.0
        ],
        [
          225.0,
          509.0
        ],
        [
          225.0,
          510.0
        ],
        [
          226.0,
          510.0
        ],
        [
          229.0,
          513.0
        ],
        [
          229.0,
          514.0
        ],
        [
          230.0,
          515.0
        ],
        [
          230.0,
          516.0
        ],
        [
          229.0,
          517.0
        ],
        [
          229.0,
          519.0
        ],
        [
          230.0,
          520.0
        ],
        [
          230.0,
          521.0
        ],
        [
          231.0,
          522.0
        ],
        [
          231.0,
          523.0
        ],
        [
          232.0,
          524.0
        ],
        [
          232.0,
          525.0
        ],
        [
          234.0,
          527.0
        ],
        [
          235.0,
          527.0
        ],
        [
          236.0,
          528.0
        ],
        [
          238.0,
          528.0
        ],
        [
          239.0,
          527.0
        ],
        [
          240.0,
          527.0
        ],
        [
          245.0,
          522.0
        ],
        [
          245.0,
          520.0
        ],
        [
          246.0,
          519.0
        ],
        [
          246.0,
          516.0
        ],
        [
          247.0,
          515.0
        ],
        [
          247.0,
          511.0
        ],
        [
          249.0,
          509.0
        ],
        [
          250.0,
          509.0
        ],
        [
          251.0,
          508.0
        ],
        [
          252.0,
          508.0
        ],
        [
          253.0,
          507.0
        ],
        [
          253.0,
          506.0
        ],
        [
          254.0,
          505.0
        ],
        [
          254.0,
          504.0
        ],
        [
          253.0,
          503.0
        ],
        [
          253.0,
          502.0
        ],
        [
          252.0,
          501.0
        ],
        [
          249.0,
          501.0
        ],
        [
          248.0,
          500.0
        ],
        [
          243.0,
          500.0
        ],
        [
          242.0,
          499.0
        ],
        [
          239.0,
          499.0
        ],
        [
          238.0,
          498.0
        ],
        [
          237.0,
          498.0
        ],
        [
          236.0,
          497.0
        ],
        [
          232.0,
          497.0
        ],
        [
          231.0,
          498.0
        ]
      ],
      "group_id": null,
      "shape_type": "polygon",
      "flags": {}
    },
    {
      "label": "weed",
      "text": "",
      "points": [
        [
          431.0,
          305.0
        ],
        [
          431.0,
          310.0
        ],
        [
          432.0,
          311.0
        ],
        [
          432.0,
          313.0
        ],
        [
          433.0,
          314.0
        ],
        [
          433.0,
          315.0
        ],
        [
          435.0,
          317.0
        ],
        [
          437.0,
          317.0
        ],
        [
          438.0,
          316.0
        ],
        [
          440.0,
          316.0
        ],
        [
          441.0,
          315.0
        ],
        [
          443.0,
          315.0
        ],
        [
          444.0,
          314.0
        ],
        [
          445.0,
          314.0
        ],
        [
          447.0,
          312.0
        ],
        [
          447.0,
          305.0
        ],
        [
          444.0,
          302.0
        ],
        [
          435.0,
          302.0
        ],
        [
          434.0,
          303.0
        ],
        [
          433.0,
          303.0
        ]
      ],
      "group_id": null,
      "shape_type": "polygon",
      "flags": {}
    }
  ],
  "imagePath": "..\\after_crop\\tile_9_9.jpg",
  "imageData": null,
  "imageHeight": 640,
  "imageWidth": 640
}