{
  "version": "0.3.3",
  "flags": {},
  "shapes": [
    {
      "label": "potato",
      "text": "",
      "points": [
        [
          127.0,
          37.0
        ],
        [
          128.0,
          38.0
        ],
        [
          128.0,
          40.0
        ],
        [
          129.0,
          41.0
        ],
        [
          129.0,
          43.0
        ],
        [
          130.0,
          44.0
        ],
        [
          130.0,
          46.0
        ],
        [
          133.0,
          49.0
        ],
        [
          137.0,
          49.0
        ],
        [
          138.0,
          48.0
        ],
        [
          141.0,
          47.0
        ],
        [
          143.0,
          45.0
        ],
        [
          143.0,
          44.0
        ],
        [
          146.0,
          42.0
        ],
        [
          148.0,
          42.0
        ],
        [
          151.0,
          44.0
        ],
        [
          152.0,
          44.0
        ],
        [
          153.0,
          43.0
        ],
        [
          155.0,
          43.0
        ],
        [
          156.0,
          42.0
        ],
        [
          157.0,
          39.0
        ],
        [
          159.0,
          37.0
        ],
        [
          162.0,
          42.0
        ],
        [
          162.0,
          45.0
        ],
        [
          163.0,
          46.0
        ],
        [
          163.0,
          49.0
        ],
        [
          164.0,
          50.0
        ],
        [
          164.0,
          51.0
        ],
        [
          166.0,
          53.0
        ],
        [
          169.0,
          51.0
        ],
        [
          169.0,
          50.0
        ],
        [
          171.0,
          47.0
        ],
        [
          171.0,
          44.0
        ],
        [
          172.0,
          43.0
        ],
        [
          172.0,
          38.0
        ],
        [
          173.0,
          37.0
        ],
        [
          173.0,
          31.0
        ],
        [
          176.0,
          26.0
        ],
        [
          176.0,
          24.0
        ],
        [
          177.0,
          23.0
        ],
        [
          188.0,
          23.0
        ],
        [
          198.0,
          33.0
        ],
        [
          199.0,
          33.0
        ],
        [
          202.0,
          36.0
        ],
        [
          202.0,
          37.0
        ],
        [
          205.0,
          40.0
        ],
        [
          205.0,
          41.0
        ],
        [
          209.0,
          45.0
        ],
        [
          210.0,
          45.0
        ],
        [
          211.0,
          46.0
        ],
        [
          215.0,
          46.0
        ],
        [
          216.0,
          45.0
        ],
        [
          219.0,
          44.0
        ],
        [
          221.0,
          42.0
        ],
        [
          222.0,
          42.0
        ],
        [
          226.0,
          38.0
        ],
        [
          226.0,
          37.0
        ],
        [
          228.0,
          35.0
        ],
        [
          229.0,
          32.0
        ],
        [
          232.0,
          29.0
        ],
        [
          233.0,
          29.0
        ],
        [
          235.0,
          27.0
        ],
        [
          236.0,
          27.0
        ],
        [
          236.0,
          25.0
        ],
        [
          237.0,
          24.0
        ],
        [
          237.0,
          21.0
        ],
        [
          236.0,
          20.0
        ],
        [
          236.0,
          18.0
        ],
        [
          234.0,
          15.0
        ],
        [
          234.0,
          13.0
        ],
        [
          231.0,
          10.0
        ],
        [
          230.0,
          10.0
        ],
        [
          229.0,
          9.0
        ],
        [
          229.0,
          8.0
        ],
        [
          228.0,
          7.0
        ],
        [
          228.0,
          5.0
        ],
        [
          227.0,
          4.0
        ],
        [
          227.0,
          2.0
        ],
        [
          225.0,
          0.0
        ],
        [
          137.0,
          0.0
        ],
        [
          137.0,
          10.0
        ],
        [
          135.0,
          13.0
        ],
        [
          135.0,
          15.0
        ],
        [
          136.0,
          16.0
        ],
        [
          136.0,
          17.0
        ],
        [
          138.0,
          19.0
        ],
        [
          138.0,
          22.0
        ],
        [
          135.0,
          25.0
        ],
        [
          132.0,
          25.0
        ],
        [
          131.0,
          26.0
        ],
        [
          130.0,
          26.0
        ],
        [
          128.0,
          28.0
        ],
        [
          128.0,
          29.0
        ],
        [
          127.0,
          30.0
        ]
      ],
      "group_id": null,
      "shape_type": "polygon",
      "flags": {}
    },
    {
      "label": "potato",
      "text": "",
      "points": [
        [
          156.0,
          338.0
        ],
        [
          156.0,
          339.0
        ],
        [
          158.0,
          341.0
        ],
        [
          158.0,
          342.0
        ],
        [
          159.0,
          343.0
        ],
        [
          159.0,
          345.0
        ],
        [
          160.0,
          346.0
        ],
        [
          160.0,
          348.0
        ],
        [
          162.0,
          350.0
        ],
        [
          162.0,
          351.0
        ],
        [
          163.0,
          352.0
        ],
        [
          163.0,
          355.0
        ],
        [
          164.0,
          356.0
        ],
        [
          164.0,
          362.0
        ],
        [
          165.0,
          363.0
        ],
        [
          165.0,
          364.0
        ],
        [
          169.0,
          368.0
        ],
        [
          170.0,
          368.0
        ],
        [
          174.0,
          372.0
        ],
        [
          175.0,
          372.0
        ],
        [
          177.0,
          374.0
        ],
        [
          178.0,
          374.0
        ],
        [
          180.0,
          376.0
        ],
        [
          180.0,
          377.0
        ],
        [
          181.0,
          378.0
        ],
        [
          181.0,
          379.0
        ],
        [
          179.0,
          381.0
        ],
        [
          178.0,
          381.0
        ],
        [
          175.0,
          383.0
        ],
        [
          175.0,
          390.0
        ],
        [
          176.0,
          391.0
        ],
        [
          176.0,
          392.0
        ],
        [
          179.0,
          395.0
        ],
        [
          180.0,
          395.0
        ],
        [
          181.0,
          396.0
        ],
        [
          182.0,
          396.0
        ],
        [
          183.0,
          397.0
        ],
        [
          184.0,
          397.0
        ],
        [
          187.0,
          399.0
        ],
        [
          189.0,
          399.0
        ],
        [
          190.0,
          400.0
        ],
        [
          191.0,
          400.0
        ],
        [
          192.0,
          401.0
        ],
        [
          194.0,
          401.0
        ],
        [
          195.0,
          402.0
        ],
        [
          198.0,
          402.0
        ],
        [
          199.0,
          403.0
        ],
        [
          200.0,
          403.0
        ],
        [
          201.0,
          404.0
        ],
        [
          202.0,
          404.0
        ],
        [
          203.0,
          405.0
        ],
        [
          204.0,
          405.0
        ],
        [
          208.0,
          409.0
        ],
        [
          209.0,
          409.0
        ],
        [
          210.0,
          410.0
        ],
        [
          211.0,
          410.0
        ],
        [
          214.0,
          412.0
        ],
        [
          221.0,
          412.0
        ],
        [
          222.0,
          411.0
        ],
        [
          223.0,
          411.0
        ],
        [
          226.0,
          408.0
        ],
        [
          226.0,
          405.0
        ],
        [
          224.0,
          403.0
        ],
        [
          224.0,
          401.0
        ],
        [
          223.0,
          400.0
        ],
        [
          223.0,
          399.0
        ],
        [
          226.0,
          396.0
        ],
        [
          227.0,
          396.0
        ],
        [
          228.0,
          395.0
        ],
        [
          230.0,
          395.0
        ],
        [
          231.0,
          394.0
        ],
        [
          232.0,
          394.0
        ],
        [
          233.0,
          393.0
        ],
        [
          234.0,
          393.0
        ],
        [
          236.0,
          391.0
        ],
        [
          236.0,
          379.0
        ],
        [
          234.0,
          377.0
        ],
        [
          234.0,
          375.0
        ],
        [
          233.0,
          374.0
        ],
        [
          233.0,
          372.0
        ],
        [
          232.0,
          371.0
        ],
        [
          232.0,
          369.0
        ],
        [
          231.0,
          368.0
        ],
        [
          231.0,
          366.0
        ],
        [
          230.0,
          365.0
        ],
        [
          230.0,
          363.0
        ],
        [
          229.0,
          362.0
        ],
        [
          229.0,
          360.0
        ],
        [
          227.0,
          358.0
        ],
        [
          227.0,
          355.0
        ],
        [
          226.0,
          354.0
        ],
        [
          226.0,
          352.0
        ],
        [
          225.0,
          351.0
        ],
        [
          225.0,
          350.0
        ],
        [
          223.0,
          348.0
        ],
        [
          221.0,
          348.0
        ],
        [
          220.0,
          349.0
        ],
        [
          219.0,
          349.0
        ],
        [
          217.0,
          352.0
        ],
        [
          217.0,
          354.0
        ],
        [
          219.0,
          356.0
        ],
        [
          219.0,
          358.0
        ],
        [
          217.0,
          360.0
        ],
        [
          216.0,
          360.0
        ],
        [
          215.0,
          361.0
        ],
        [
          210.0,
          361.0
        ],
        [
          209.0,
          360.0
        ],
        [
          209.0,
          352.0
        ],
        [
          208.0,
          351.0
        ],
        [
          209.0,
          350.0
        ],
        [
          209.0,
          349.0
        ],
        [
          211.0,
          347.0
        ],
        [
          211.0,
          343.0
        ],
        [
          206.0,
          338.0
        ],
        [
          201.0,
          338.0
        ],
        [
          200.0,
          339.0
        ],
        [
          197.0,
          339.0
        ],
        [
          196.0,
          340.0
        ],
        [
          192.0,
          340.0
        ],
        [
          190.0,
          342.0
        ],
        [
          188.0,
          342.0
        ],
        [
          187.0,
          343.0
        ],
        [
          183.0,
          343.0
        ],
        [
          182.0,
          342.0
        ],
        [
          181.0,
          342.0
        ],
        [
          178.0,
          340.0
        ],
        [
          176.0,
          340.0
        ],
        [
          175.0,
          339.0
        ],
        [
          166.0,
          339.0
        ],
        [
          165.0,
          338.0
        ]
      ],
      "group_id": null,
      "shape_type": "polygon",
      "flags": {}
    },
    {
      "label": "potato",
      "text": "",
      "points": [
        [
          214.0,
          571.0
        ],
        [
          213.0,
          572.0
        ],
        [
          212.0,
          572.0
        ],
        [
          211.0,
          573.0
        ],
        [
          210.0,
          573.0
        ],
        [
          207.0,
          576.0
        ],
        [
          207.0,
          577.0
        ],
        [
          203.0,
          581.0
        ],
        [
          202.0,
          581.0
        ],
        [
          200.0,
          583.0
        ],
        [
          199.0,
          583.0
        ],
        [
          198.0,
          584.0
        ],
        [
          198.0,
          585.0
        ],
        [
          196.0,
          587.0
        ],
        [
          196.0,
          588.0
        ],
        [
          194.0,
          590.0
        ],
        [
          194.0,
          591.0
        ],
        [
          192.0,
          593.0
        ],
        [
          192.0,
          597.0
        ],
        [
          193.0,
          598.0
        ],
        [
          193.0,
          599.0
        ],
        [
          195.0,
          601.0
        ],
        [
          196.0,
          601.0
        ],
        [
          199.0,
          604.0
        ],
        [
          199.0,
          607.0
        ],
        [
          198.0,
          608.0
        ],
        [
          198.0,
          614.0
        ],
        [
          200.0,
          616.0
        ],
        [
          200.0,
          617.0
        ],
        [
          201.0,
          618.0
        ],
        [
          201.0,
          619.0
        ],
        [
          202.0,
          620.0
        ],
        [
          202.0,
          621.0
        ],
        [
          203.0,
          622.0
        ],
        [
          203.0,
          623.0
        ],
        [
          204.0,
          623.0
        ],
        [
          205.0,
          624.0
        ],
        [
          206.0,
          624.0
        ],
        [
          207.0,
          625.0
        ],
        [
          216.0,
          625.0
        ],
        [
          217.0,
          624.0
        ],
        [
          218.0,
          624.0
        ],
        [
          219.0,
          623.0
        ],
        [
          222.0,
          623.0
        ],
        [
          224.0,
          625.0
        ],
        [
          226.0,
          625.0
        ],
        [
          227.0,
          626.0
        ],
        [
          229.0,
          626.0
        ],
        [
          230.0,
          627.0
        ],
        [
          233.0,
          627.0
        ],
        [
          234.0,
          628.0
        ],
        [
          237.0,
          628.0
        ],
        [
          238.0,
          627.0
        ],
        [
          238.0,
          626.0
        ],
        [
          239.0,
          625.0
        ],
        [
          239.0,
          624.0
        ],
        [
          240.0,
          623.0
        ],
        [
          240.0,
          621.0
        ],
        [
          241.0,
          620.0
        ],
        [
          241.0,
          618.0
        ],
        [
          242.0,
          617.0
        ],
        [
          242.0,
          616.0
        ],
        [
          243.0,
          615.0
        ],
        [
          243.0,
          614.0
        ],
        [
          244.0,
          613.0
        ],
        [
          244.0,
          610.0
        ],
        [
          245.0,
          609.0
        ],
        [
          245.0,
          606.0
        ],
        [
          244.0,
          605.0
        ],
        [
          244.0,
          604.0
        ],
        [
          242.0,
          602.0
        ],
        [
          241.0,
          602.0
        ],
        [
          240.0,
          601.0
        ],
        [
          239.0,
          601.0
        ],
        [
          238.0,
          600.0
        ],
        [
          237.0,
          600.0
        ],
        [
          233.0,
          596.0
        ],
        [
          233.0,
          595.0
        ],
        [
          231.0,
          593.0
        ],
        [
          231.0,
          590.0
        ],
        [
          230.0,
          589.0
        ],
        [
          230.0,
          587.0
        ],
        [
          229.0,
          586.0
        ],
        [
          229.0,
          584.0
        ],
        [
          227.0,
          582.0
        ],
        [
          227.0,
          581.0
        ],
        [
          226.0,
          580.0
        ],
        [
          226.0,
          579.0
        ],
        [
          222.0,
          575.0
        ],
        [
          222.0,
          574.0
        ],
        [
          220.0,
          572.0
        ],
        [
          219.0,
          572.0
        ],
        [
          218.0,
          571.0
        ]
      ],
      "group_id": null,
      "shape_type": "polygon",
      "flags": {}
    },
    {
      "label": "potato",
      "text": "",
      "points": [
        [
          442.0,
          257.0
        ],
        [
          441.0,
          258.0
        ],
        [
          441.0,
          268.0
        ],
        [
          442.0,
          269.0
        ],
        [
          442.0,
          270.0
        ],
        [
          443.0,
          271.0
        ],
        [
          443.0,
          272.0
        ],
        [
          444.0,
          273.0
        ],
        [
          444.0,
          275.0
        ],
        [
          442.0,
          277.0
        ],
        [
          441.0,
          277.0
        ],
        [
          440.0,
          278.0
        ],
        [
          439.0,
          278.0
        ],
        [
          435.0,
          282.0
        ],
        [
          435.0,
          283.0
        ],
        [
          434.0,
          284.0
        ],
        [
          434.0,
          286.0
        ],
        [
          435.0,
          287.0
        ],
        [
          436.0,
          287.0
        ],
        [
          438.0,
          289.0
        ],
        [
          438.0,
          290.0
        ],
        [
          439.0,
          290.0
        ],
        [
          440.0,
          291.0
        ],
        [
          441.0,
          291.0
        ],
        [
          442.0,
          292.0
        ],
        [
          443.0,
          292.0
        ],
        [
          444.0,
          293.0
        ],
        [
          445.0,
          293.0
        ],
        [
          446.0,
          294.0
        ],
        [
          450.0,
          294.0
        ],
        [
          455.0,
          299.0
        ],
        [
          456.0,
          299.0
        ],
        [
          457.0,
          300.0
        ],
        [
          458.0,
          300.0
        ],
        [
          459.0,
          301.0
        ],
        [
          463.0,
          301.0
        ],
        [
          464.0,
          300.0
        ],
        [
          465.0,
          300.0
        ],
        [
          465.0,
          299.0
        ],
        [
          466.0,
          298.0
        ],
        [
          466.0,
          297.0
        ],
        [
          472.0,
          291.0
        ],
        [
          472.0,
          290.0
        ],
        [
          474.0,
          288.0
        ],
        [
          474.0,
          287.0
        ],
        [
          475.0,
          286.0
        ],
        [
          474.0,
          285.0
        ],
        [
          474.0,
          283.0
        ],
        [
          473.0,
          282.0
        ],
        [
          473.0,
          278.0
        ],
        [
          472.0,
          277.0
        ],
        [
          471.0,
          277.0
        ],
        [
          470.0,
          276.0
        ],
        [
          469.0,
          276.0
        ],
        [
          468.0,
          275.0
        ],
        [
          468.0,
          274.0
        ],
        [
          467.0,
          273.0
        ],
        [
          467.0,
          269.0
        ],
        [
          466.0,
          268.0
        ],
        [
          466.0,
          265.0
        ],
        [
          465.0,
          264.0
        ],
        [
          465.0,
          263.0
        ],
        [
          463.0,
          261.0
        ],
        [
          463.0,
          260.0
        ],
        [
          462.0,
          260.0
        ],
        [
          459.0,
          257.0
        ],
        [
          448.0,
          257.0
        ],
        [
          447.0,
          256.0
        ],
        [
          446.0,
          256.0
        ],
        [
          445.0,
          257.0
        ]
      ],
      "group_id": null,
      "shape_type": "polygon",
      "flags": {}
    },
    {
      "label": "weed",
      "text": "",
      "points": [
        [
          357.0,
          65.0
        ],
        [
          353.0,
          65.0
        ],
        [
          352.0,
          66.0
        ],
        [
          352.0,
          68.0
        ],
        [
          351.0,
          69.0
        ],
        [
          351.0,
          71.0
        ],
        [
          349.0,
          73.0
        ],
        [
          348.0,
          73.0
        ],
        [
          345.0,
          76.0
        ],
        [
          344.0,
          76.0
        ],
        [
          343.0,
          77.0
        ],
        [
          341.0,
          77.0
        ],
        [
          340.0,
          78.0
        ],
        [
          338.0,
          78.0
        ],
        [
          337.0,
          79.0
        ],
        [
          337.0,
          81.0
        ],
        [
          338.0,
          82.0
        ],
        [
          338.0,
          84.0
        ],
        [
          339.0,
          85.0
        ],
        [
          339.0,
          87.0
        ],
        [
          340.0,
          88.0
        ],
        [
          340.0,
          90.0
        ],
        [
          341.0,
          91.0
        ],
        [
          341.0,
          94.0
        ],
        [
          340.0,
          95.0
        ],
        [
          340.0,
          96.0
        ],
        [
          338.0,
          98.0
        ],
        [
          338.0,
          99.0
        ],
        [
          337.0,
          100.0
        ],
        [
          337.0,
          101.0
        ],
        [
          335.0,
          103.0
        ],
        [
          335.0,
          107.0
        ],
        [
          336.0,
          108.0
        ],
        [
          336.0,
          109.0
        ],
        [
          340.0,
          113.0
        ],
        [
          340.0,
          114.0
        ],
        [
          336.0,
          118.0
        ],
        [
          336.0,
          121.0
        ],
        [
          338.0,
          121.0
        ],
        [
          341.0,
          118.0
        ],
        [
          341.0,
          117.0
        ],
        [
          348.0,
          110.0
        ],
        [
          349.0,
          110.0
        ],
        [
          350.0,
          109.0
        ],
        [
          351.0,
          109.0
        ],
        [
          353.0,
          107.0
        ],
        [
          354.0,
          107.0
        ],
        [
          355.0,
          108.0
        ],
        [
          355.0,
          110.0
        ],
        [
          357.0,
          112.0
        ],
        [
          358.0,
          112.0
        ],
        [
          359.0,
          111.0
        ],
        [
          359.0,
          109.0
        ],
        [
          357.0,
          107.0
        ],
        [
          357.0,
          104.0
        ],
        [
          365.0,
          96.0
        ],
        [
          366.0,
          96.0
        ],
        [
          367.0,
          95.0
        ],
        [
          371.0,
          95.0
        ],
        [
          372.0,
          94.0
        ],
        [
          373.0,
          94.0
        ],
        [
          373.0,
          90.0
        ],
        [
          372.0,
          89.0
        ],
        [
          371.0,
          89.0
        ],
        [
          368.0,
          86.0
        ],
        [
          367.0,
          86.0
        ],
        [
          366.0,
          85.0
        ],
        [
          364.0,
          85.0
        ],
        [
          363.0,
          84.0
        ],
        [
          361.0,
          84.0
        ],
        [
          359.0,
          82.0
        ],
        [
          359.0,
          81.0
        ],
        [
          358.0,
          80.0
        ],
        [
          358.0,
          77.0
        ],
        [
          359.0,
          76.0
        ],
        [
          359.0,
          68.0
        ],
        [
          358.0,
          67.0
        ],
        [
          358.0,
          66.0
        ]
      ],
      "group_id": null,
      "shape_type": "polygon",
      "flags": {}
    },
    {
      "label": "weed",
      "text": "",
      "points": [
        [
          181.0,
          209.0
        ],
        [
          176.0,
          209.0
        ],
        [
          175.0,
          210.0
        ],
        [
          175.0,
          211.0
        ],
        [
          173.0,
          213.0
        ],
        [
          173.0,
          214.0
        ],
        [
          172.0,
          215.0
        ],
        [
          172.0,
          220.0
        ],
        [
          171.0,
          221.0
        ],
        [
          171.0,
          225.0
        ],
        [
          172.0,
          226.0
        ],
        [
          171.0,
          227.0
        ],
        [
          171.0,
          229.0
        ],
        [
          170.0,
          230.0
        ],
        [
          171.0,
          231.0
        ],
        [
          171.0,
          232.0
        ],
        [
          174.0,
          232.0
        ],
        [
          175.0,
          231.0
        ],
        [
          176.0,
          231.0
        ],
        [
          177.0,
          230.0
        ],
        [
          178.0,
          230.0
        ],
        [
          179.0,
          229.0
        ],
        [
          181.0,
          229.0
        ],
        [
          182.0,
          228.0
        ],
        [
          184.0,
          228.0
        ],
        [
          187.0,
          225.0
        ],
        [
          187.0,
          218.0
        ],
        [
          186.0,
          217.0
        ],
        [
          186.0,
          215.0
        ],
        [
          183.0,
          212.0
        ],
        [
          183.0,
          211.0
        ]
      ],
      "group_id": null,
      "shape_type": "polygon",
      "flags": {}
    },
    {
      "label": "weed",
      "text": "",
      "points": [
        [
          312.0,
          345.0
        ],
        [
          311.0,
          344.0
        ],
        [
          310.0,
          344.0
        ],
        [
          309.0,
          343.0
        ],
        [
          308.0,
          343.0
        ],
        [
          307.0,
          344.0
        ],
        [
          306.0,
          344.0
        ],
        [
          301.0,
          349.0
        ],
        [
          300.0,
          349.0
        ],
        [
          299.0,
          350.0
        ],
        [
          291.0,
          350.0
        ],
        [
          289.0,
          352.0
        ],
        [
          289.0,
          363.0
        ],
        [
          290.0,
          364.0
        ],
        [
          292.0,
          364.0
        ],
        [
          293.0,
          365.0
        ],
        [
          296.0,
          365.0
        ],
        [
          297.0,
          364.0
        ],
        [
          300.0,
          364.0
        ],
        [
          303.0,
          361.0
        ],
        [
          304.0,
          361.0
        ],
        [
          306.0,
          359.0
        ],
        [
          307.0,
          359.0
        ],
        [
          307.0,
          358.0
        ],
        [
          309.0,
          356.0
        ],
        [
          309.0,
          355.0
        ],
        [
          311.0,
          353.0
        ],
        [
          311.0,
          352.0
        ],
        [
          312.0,
          351.0
        ]
      ],
      "group_id": null,
      "shape_type": "polygon",
      "flags": {}
    },
    {
      "label": "weed",
      "text": "",
      "points": [
        [
          395.0,
          440.0
        ],
        [
          394.0,
          439.0
        ],
        [
          393.0,
          439.0
        ],
        [
          392.0,
          438.0
        ],
        [
          390.0,
          438.0
        ],
        [
          389.0,
          439.0
        ],
        [
          387.0,
          439.0
        ],
        [
          386.0,
          440.0
        ],
        [
          385.0,
          440.0
        ],
        [
          384.0,
          441.0
        ],
        [
          375.0,
          441.0
        ],
        [
          374.0,
          442.0
        ],
        [
          373.0,
          442.0
        ],
        [
          370.0,
          445.0
        ],
        [
          370.0,
          446.0
        ],
        [
          368.0,
          448.0
        ],
        [
          368.0,
          449.0
        ],
        [
          367.0,
          450.0
        ],
        [
          367.0,
          451.0
        ],
        [
          366.0,
          452.0
        ],
        [
          366.0,
          454.0
        ],
        [
          364.0,
          456.0
        ],
        [
          361.0,
          456.0
        ],
        [
          360.0,
          457.0
        ],
        [
          359.0,
          457.0
        ],
        [
          357.0,
          459.0
        ],
        [
          357.0,
          463.0
        ],
        [
          358.0,
          464.0
        ],
        [
          358.0,
          466.0
        ],
        [
          359.0,
          467.0
        ],
        [
          359.0,
          468.0
        ],
        [
          360.0,
          468.0
        ],
        [
          365.0,
          473.0
        ],
        [
          366.0,
          473.0
        ],
        [
          368.0,
          475.0
        ],
        [
          370.0,
          475.0
        ],
        [
          371.0,
          476.0
        ],
        [
          376.0,
          476.0
        ],
        [
          381.0,
          471.0
        ],
        [
          382.0,
          471.0
        ],
        [
          383.0,
          470.0
        ],
        [
          384.0,
          470.0
        ],
        [
          385.0,
          469.0
        ],
        [
          388.0,
          469.0
        ],
        [
          389.0,
          468.0
        ],
        [
          395.0,
          468.0
        ],
        [
          396.0,
          469.0
        ],
        [
          398.0,
          469.0
        ],
        [
          398.0,
          466.0
        ],
        [
          397.0,
          466.0
        ],
        [
          394.0,
          463.0
        ],
        [
          401.0,
          456.0
        ],
        [
          401.0,
          455.0
        ],
        [
          402.0,
          454.0
        ],
        [
          401.0,
          453.0
        ],
        [
          401.0,
          452.0
        ],
        [
          400.0,
          451.0
        ],
        [
          400.0,
          450.0
        ],
        [
          399.0,
          449.0
        ],
        [
          399.0,
          448.0
        ],
        [
          397.0,
          446.0
        ],
        [
          397.0,
          445.0
        ],
        [
          396.0,
          444.0
        ],
        [
          396.0,
          443.0
        ],
        [
          395.0,
          442.0
        ]
      ],
      "group_id": null,
      "shape_type": "polygon",
      "flags": {}
    },
    {
      "label": "weed",
      "text": "",
      "points": [
        [
          637.0,
          439.0
        ],
        [
          636.0,
          440.0
        ],
        [
          634.0,
          440.0
        ],
        [
          633.0,
          441.0
        ],
        [
          632.0,
          441.0
        ],
        [
          631.0,
          442.0
        ],
        [
          629.0,
          442.0
        ],
        [
          627.0,
          444.0
        ],
        [
          626.0,
          444.0
        ],
        [
          622.0,
          448.0
        ],
        [
          622.0,
          449.0
        ],
        [
          621.0,
          450.0
        ],
        [
          621.0,
          455.0
        ],
        [
          622.0,
          456.0
        ],
        [
          622.0,
          458.0
        ],
        [
          623.0,
          459.0
        ],
        [
          623.0,
          460.0
        ],
        [
          625.0,
          462.0
        ],
        [
          625.0,
          463.0
        ],
        [
          626.0,
          464.0
        ],
        [
          626.0,
          465.0
        ],
        [
          629.0,
          468.0
        ],
        [
          629.0,
          469.0
        ],
        [
          631.0,
          471.0
        ],
        [
          632.0,
          471.0
        ],
        [
          635.0,
          474.0
        ],
        [
          635.0,
          476.0
        ],
        [
          634.0,
          477.0
        ],
        [
          634.0,
          492.0
        ],
        [
          635.0,
          493.0
        ],
        [
          635.0,
          494.0
        ],
        [
          636.0,
          495.0
        ],
        [
          636.0,
          496.0
        ],
        [
          637.0,
          497.0
        ],
        [
          638.0,
          497.0
        ],
        [
          638.0,
          496.0
        ],
        [
          639.0,
          495.0
        ],
        [
          639.0,
          441.0
        ],
        [
          638.0,
          440.0
        ],
        [
          638.0,
          439.0
        ]
      ],
      "group_id": null,
      "shape_type": "polygon",
      "flags": {}
    },
    {
      "label": "weed",
      "text": "",
      "points": [
        [
          364.0,
          379.0
        ],
        [
          362.0,
          381.0
        ],
        [
          362.0,
          382.0
        ],
        [
          361.0,
          383.0
        ],
        [
          361.0,
          384.0
        ],
        [
          359.0,
          386.0
        ],
        [
          359.0,
          387.0
        ],
        [
          357.0,
          389.0
        ],
        [
          357.0,
          390.0
        ],
        [
          356.0,
          391.0
        ],
        [
          356.0,
          392.0
        ],
        [
          354.0,
          394.0
        ],
        [
          354.0,
          397.0
        ],
        [
          353.0,
          398.0
        ],
        [
          353.0,
          403.0
        ],
        [
          354.0,
          403.0
        ],
        [
          355.0,
          402.0
        ],
        [
          356.0,
          402.0
        ],
        [
          360.0,
          398.0
        ],
        [
          360.0,
          395.0
        ],
        [
          362.0,
          393.0
        ],
        [
          362.0,
          392.0
        ],
        [
          364.0,
          390.0
        ],
        [
          364.0,
          389.0
        ],
        [
          366.0,
          387.0
        ],
        [
          366.0,
          382.0
        ],
        [
          365.0,
          381.0
        ],
        [
          365.0,
          380.0
        ]
      ],
      "group_id": null,
      "shape_type": "polygon",
      "flags": {}
    },
    {
      "label": "weed",
      "text": "",
      "points": [
        [
          589.0,
          120.0
        ],
        [
          589.0,
          122.0
        ],
        [
          593.0,
          126.0
        ],
        [
          594.0,
          126.0
        ],
        [
          595.0,
          127.0
        ],
        [
          596.0,
          127.0
        ],
        [
          597.0,
          128.0
        ],
        [
          600.0,
          128.0
        ],
        [
          601.0,
          129.0
        ],
        [
          603.0,
          129.0
        ],
        [
          605.0,
          131.0
        ],
        [
          605.0,
          133.0
        ],
        [
          606.0,
          134.0
        ],
        [
          606.0,
          135.0
        ],
        [
          607.0,
          136.0
        ],
        [
          608.0,
          136.0
        ],
        [
          609.0,
          135.0
        ],
        [
          610.0,
          135.0
        ],
        [
          617.0,
          128.0
        ],
        [
          619.0,
          128.0
        ],
        [
          620.0,
          127.0
        ],
        [
          620.0,
          126.0
        ],
        [
          621.0,
          125.0
        ],
        [
          620.0,
          124.0
        ],
        [
          620.0,
          123.0
        ],
        [
          618.0,
          121.0
        ],
        [
          617.0,
          121.0
        ],
        [
          615.0,
          119.0
        ],
        [
          614.0,
          119.0
        ],
        [
          613.0,
          118.0
        ],
        [
          606.0,
          118.0
        ],
        [
          605.0,
          119.0
        ],
        [
          600.0,
          119.0
        ],
        [
          599.0,
          118.0
        ],
        [
          591.0,
          118.0
        ]
      ],
      "group_id": null,
      "shape_type": "polygon",
      "flags": {}
    }
  ],
  "imagePath": "..\\after_crop\\tile_11_6.jpg",
  "imageData": null,
  "imageHeight": 640,
  "imageWidth": 640
}