{
  "version": "0.3.3",
  "flags": {},
  "shapes": [
    {
      "label": "potato",
      "text": "",
      "points": [
        [
          422.0,
          155.0
        ],
        [
          421.0,
          155.0
        ],
        [
          420.0,
          154.0
        ],
        [
          417.0,
          154.0
        ],
        [
          416.0,
          155.0
        ],
        [
          415.0,
          155.0
        ],
        [
          412.0,
          158.0
        ],
        [
          411.0,
          158.0
        ],
        [
          408.0,
          161.0
        ],
        [
          408.0,
          162.0
        ],
        [
          405.0,
          165.0
        ],
        [
          398.0,
          165.0
        ],
        [
          397.0,
          164.0
        ],
        [
          397.0,
          163.0
        ],
        [
          396.0,
          162.0
        ],
        [
          396.0,
          161.0
        ],
        [
          392.0,
          157.0
        ],
        [
          386.0,
          157.0
        ],
        [
          384.0,
          159.0
        ],
        [
          384.0,
          161.0
        ],
        [
          383.0,
          162.0
        ],
        [
          383.0,
          167.0
        ],
        [
          384.0,
          168.0
        ],
        [
          384.0,
          169.0
        ],
        [
          385.0,
          170.0
        ],
        [
          385.0,
          171.0
        ],
        [
          386.0,
          172.0
        ],
        [
          386.0,
          173.0
        ],
        [
          387.0,
          174.0
        ],
        [
          387.0,
          177.0
        ],
        [
          389.0,
          179.0
        ],
        [
          389.0,
          180.0
        ],
        [
          390.0,
          181.0
        ],
        [
          390.0,
          184.0
        ],
        [
          394.0,
          188.0
        ],
        [
          399.0,
          188.0
        ],
        [
          400.0,
          187.0
        ],
        [
          403.0,
          187.0
        ],
        [
          404.0,
          186.0
        ],
        [
          411.0,
          186.0
        ],
        [
          412.0,
          187.0
        ],
        [
          413.0,
          187.0
        ],
        [
          414.0,
          186.0
        ],
        [
          415.0,
          186.0
        ],
        [
          417.0,
          184.0
        ],
        [
          417.0,
          183.0
        ],
        [
          418.0,
          182.0
        ],
        [
          418.0,
          180.0
        ],
        [
          417.0,
          179.0
        ],
        [
          417.0,
          177.0
        ],
        [
          418.0,
          176.0
        ],
        [
          418.0,
          174.0
        ],
        [
          419.0,
          173.0
        ],
        [
          419.0,
          171.0
        ],
        [
          420.0,
          170.0
        ],
        [
          420.0,
          168.0
        ],
        [
          421.0,
          167.0
        ],
        [
          421.0,
          166.0
        ],
        [
          422.0,
          165.0
        ],
        [
          422.0,
          164.0
        ],
        [
          423.0,
          163.0
        ],
        [
          423.0,
          161.0
        ],
        [
          424.0,
          160.0
        ],
        [
          424.0,
          157.0
        ]
      ],
      "group_id": null,
      "shape_type": "polygon",
      "flags": {}
    },
    {
      "label": "potato",
      "text": "",
      "points": [
        [
          354.0,
          275.0
        ],
        [
          354.0,
          280.0
        ],
        [
          355.0,
          281.0
        ],
        [
          355.0,
          282.0
        ],
        [
          356.0,
          283.0
        ],
        [
          356.0,
          287.0
        ],
        [
          357.0,
          288.0
        ],
        [
          357.0,
          291.0
        ],
        [
          358.0,
          292.0
        ],
        [
          358.0,
          293.0
        ],
        [
          359.0,
          294.0
        ],
        [
          359.0,
          295.0
        ],
        [
          361.0,
          297.0
        ],
        [
          366.0,
          297.0
        ],
        [
          368.0,
          295.0
        ],
        [
          369.0,
          295.0
        ],
        [
          372.0,
          292.0
        ],
        [
          377.0,
          292.0
        ],
        [
          379.0,
          294.0
        ],
        [
          380.0,
          294.0
        ],
        [
          381.0,
          295.0
        ],
        [
          386.0,
          295.0
        ],
        [
          387.0,
          296.0
        ],
        [
          388.0,
          296.0
        ],
        [
          389.0,
          297.0
        ],
        [
          390.0,
          297.0
        ],
        [
          392.0,
          299.0
        ],
        [
          392.0,
          300.0
        ],
        [
          396.0,
          304.0
        ],
        [
          399.0,
          304.0
        ],
        [
          400.0,
          303.0
        ],
        [
          401.0,
          303.0
        ],
        [
          402.0,
          302.0
        ],
        [
          403.0,
          302.0
        ],
        [
          404.0,
          301.0
        ],
        [
          404.0,
          300.0
        ],
        [
          406.0,
          298.0
        ],
        [
          406.0,
          297.0
        ],
        [
          407.0,
          296.0
        ],
        [
          407.0,
          293.0
        ],
        [
          408.0,
          292.0
        ],
        [
          408.0,
          288.0
        ],
        [
          409.0,
          287.0
        ],
        [
          409.0,
          285.0
        ],
        [
          410.0,
          284.0
        ],
        [
          410.0,
          280.0
        ],
        [
          411.0,
          279.0
        ],
        [
          410.0,
          278.0
        ],
        [
          410.0,
          277.0
        ],
        [
          408.0,
          275.0
        ],
        [
          408.0,
          274.0
        ],
        [
          407.0,
          274.0
        ],
        [
          406.0,
          273.0
        ],
        [
          402.0,
          273.0
        ],
        [
          399.0,
          270.0
        ],
        [
          399.0,
          269.0
        ],
        [
          398.0,
          268.0
        ],
        [
          398.0,
          267.0
        ],
        [
          397.0,
          266.0
        ],
        [
          396.0,
          266.0
        ],
        [
          392.0,
          262.0
        ],
        [
          391.0,
          262.0
        ],
        [
          390.0,
          261.0
        ],
        [
          389.0,
          261.0
        ],
        [
          388.0,
          260.0
        ],
        [
          385.0,
          260.0
        ],
        [
          384.0,
          259.0
        ],
        [
          382.0,
          259.0
        ],
        [
          381.0,
          260.0
        ],
        [
          379.0,
          260.0
        ],
        [
          378.0,
          261.0
        ],
        [
          377.0,
          261.0
        ],
        [
          375.0,
          263.0
        ],
        [
          374.0,
          263.0
        ],
        [
          374.0,
          264.0
        ],
        [
          373.0,
          265.0
        ],
        [
          373.0,
          267.0
        ],
        [
          372.0,
          268.0
        ],
        [
          372.0,
          270.0
        ],
        [
          370.0,
          272.0
        ],
        [
          369.0,
          272.0
        ],
        [
          368.0,
          273.0
        ],
        [
          366.0,
          273.0
        ],
        [
          365.0,
          272.0
        ],
        [
          360.0,
          272.0
        ],
        [
          359.0,
          273.0
        ],
        [
          357.0,
          273.0
        ],
        [
          356.0,
          274.0
        ],
        [
          355.0,
          274.0
        ]
      ],
      "group_id": null,
      "shape_type": "polygon",
      "flags": {}
    },
    {
      "label": "potato",
      "text": "",
      "points": [
        [
          439.0,
          339.0
        ],
        [
          432.0,
          339.0
        ],
        [
          430.0,
          340.0
        ],
        [
          427.0,
          343.0
        ],
        [
          424.0,
          355.0
        ],
        [
          421.0,
          358.0
        ],
        [
          418.0,
          358.0
        ],
        [
          417.0,
          357.0
        ],
        [
          413.0,
          358.0
        ],
        [
          411.0,
          363.0
        ],
        [
          408.0,
          366.0
        ],
        [
          400.0,
          365.0
        ],
        [
          399.0,
          364.0
        ],
        [
          396.0,
          364.0
        ],
        [
          395.0,
          363.0
        ],
        [
          390.0,
          363.0
        ],
        [
          383.0,
          368.0
        ],
        [
          379.0,
          368.0
        ],
        [
          378.0,
          369.0
        ],
        [
          371.0,
          369.0
        ],
        [
          370.0,
          370.0
        ],
        [
          368.0,
          370.0
        ],
        [
          366.0,
          371.0
        ],
        [
          360.0,
          377.0
        ],
        [
          359.0,
          379.0
        ],
        [
          359.0,
          384.0
        ],
        [
          361.0,
          388.0
        ],
        [
          366.0,
          393.0
        ],
        [
          378.0,
          400.0
        ],
        [
          379.0,
          402.0
        ],
        [
          376.0,
          405.0
        ],
        [
          374.0,
          405.0
        ],
        [
          373.0,
          406.0
        ],
        [
          373.0,
          410.0
        ],
        [
          371.0,
          413.0
        ],
        [
          371.0,
          415.0
        ],
        [
          370.0,
          416.0
        ],
        [
          369.0,
          420.0
        ],
        [
          360.0,
          428.0
        ],
        [
          357.0,
          429.0
        ],
        [
          346.0,
          437.0
        ],
        [
          343.0,
          438.0
        ],
        [
          340.0,
          443.0
        ],
        [
          341.0,
          448.0
        ],
        [
          344.0,
          451.0
        ],
        [
          352.0,
          454.0
        ],
        [
          357.0,
          460.0
        ],
        [
          361.0,
          461.0
        ],
        [
          365.0,
          459.0
        ],
        [
          367.0,
          462.0
        ],
        [
          367.0,
          466.0
        ],
        [
          370.0,
          473.0
        ],
        [
          379.0,
          481.0
        ],
        [
          382.0,
          481.0
        ],
        [
          385.0,
          479.0
        ],
        [
          387.0,
          479.0
        ],
        [
          392.0,
          475.0
        ],
        [
          398.0,
          472.0
        ],
        [
          402.0,
          472.0
        ],
        [
          404.0,
          474.0
        ],
        [
          406.0,
          478.0
        ],
        [
          406.0,
          480.0
        ],
        [
          408.0,
          483.0
        ],
        [
          409.0,
          489.0
        ],
        [
          411.0,
          491.0
        ],
        [
          415.0,
          492.0
        ],
        [
          416.0,
          493.0
        ],
        [
          422.0,
          490.0
        ],
        [
          425.0,
          485.0
        ],
        [
          425.0,
          482.0
        ],
        [
          426.0,
          481.0
        ],
        [
          426.0,
          474.0
        ],
        [
          427.0,
          473.0
        ],
        [
          427.0,
          466.0
        ],
        [
          423.0,
          462.0
        ],
        [
          422.0,
          459.0
        ],
        [
          425.0,
          453.0
        ],
        [
          427.0,
          451.0
        ],
        [
          427.0,
          449.0
        ],
        [
          429.0,
          445.0
        ],
        [
          438.0,
          436.0
        ],
        [
          438.0,
          435.0
        ],
        [
          443.0,
          430.0
        ],
        [
          444.0,
          427.0
        ],
        [
          446.0,
          425.0
        ],
        [
          451.0,
          426.0
        ],
        [
          459.0,
          430.0
        ],
        [
          468.0,
          430.0
        ],
        [
          469.0,
          429.0
        ],
        [
          469.0,
          424.0
        ],
        [
          467.0,
          420.0
        ],
        [
          467.0,
          416.0
        ],
        [
          466.0,
          414.0
        ],
        [
          460.0,
          411.0
        ],
        [
          456.0,
          407.0
        ],
        [
          454.0,
          402.0
        ],
        [
          447.0,
          396.0
        ],
        [
          447.0,
          395.0
        ],
        [
          452.0,
          390.0
        ],
        [
          452.0,
          388.0
        ],
        [
          454.0,
          385.0
        ],
        [
          454.0,
          382.0
        ],
        [
          455.0,
          380.0
        ],
        [
          454.0,
          379.0
        ],
        [
          454.0,
          374.0
        ],
        [
          453.0,
          373.0
        ],
        [
          453.0,
          370.0
        ],
        [
          451.0,
          366.0
        ],
        [
          451.0,
          363.0
        ],
        [
          447.0,
          356.0
        ],
        [
          447.0,
          353.0
        ],
        [
          446.0,
          352.0
        ],
        [
          446.0,
          344.0
        ],
        [
          442.0,
          340.0
        ],
        [
          440.0,
          340.0
        ]
      ],
      "group_id": null,
      "shape_type": "polygon",
      "flags": {}
    },
    {
      "label": "potato",
      "text": "",
      "points": [
        [
          408.0,
          515.0
        ],
        [
          407.0,
          515.0
        ],
        [
          406.0,
          514.0
        ],
        [
          400.0,
          514.0
        ],
        [
          399.0,
          515.0
        ],
        [
          397.0,
          515.0
        ],
        [
          390.0,
          522.0
        ],
        [
          386.0,
          522.0
        ],
        [
          385.0,
          523.0
        ],
        [
          384.0,
          523.0
        ],
        [
          383.0,
          524.0
        ],
        [
          381.0,
          524.0
        ],
        [
          380.0,
          525.0
        ],
        [
          379.0,
          525.0
        ],
        [
          377.0,
          527.0
        ],
        [
          376.0,
          527.0
        ],
        [
          365.0,
          538.0
        ],
        [
          364.0,
          538.0
        ],
        [
          363.0,
          539.0
        ],
        [
          362.0,
          539.0
        ],
        [
          361.0,
          540.0
        ],
        [
          360.0,
          540.0
        ],
        [
          358.0,
          542.0
        ],
        [
          358.0,
          547.0
        ],
        [
          360.0,
          549.0
        ],
        [
          361.0,
          549.0
        ],
        [
          366.0,
          554.0
        ],
        [
          366.0,
          555.0
        ],
        [
          367.0,
          556.0
        ],
        [
          367.0,
          557.0
        ],
        [
          368.0,
          558.0
        ],
        [
          368.0,
          570.0
        ],
        [
          371.0,
          573.0
        ],
        [
          374.0,
          573.0
        ],
        [
          375.0,
          574.0
        ],
        [
          377.0,
          574.0
        ],
        [
          378.0,
          573.0
        ],
        [
          380.0,
          573.0
        ],
        [
          381.0,
          572.0
        ],
        [
          383.0,
          572.0
        ],
        [
          384.0,
          571.0
        ],
        [
          385.0,
          571.0
        ],
        [
          386.0,
          570.0
        ],
        [
          387.0,
          570.0
        ],
        [
          389.0,
          568.0
        ],
        [
          390.0,
          568.0
        ],
        [
          392.0,
          566.0
        ],
        [
          393.0,
          566.0
        ],
        [
          396.0,
          563.0
        ],
        [
          397.0,
          563.0
        ],
        [
          404.0,
          556.0
        ],
        [
          404.0,
          555.0
        ],
        [
          405.0,
          554.0
        ],
        [
          406.0,
          554.0
        ],
        [
          408.0,
          552.0
        ],
        [
          409.0,
          552.0
        ],
        [
          410.0,
          551.0
        ],
        [
          411.0,
          551.0
        ],
        [
          412.0,
          550.0
        ],
        [
          414.0,
          550.0
        ],
        [
          415.0,
          549.0
        ],
        [
          417.0,
          549.0
        ],
        [
          418.0,
          548.0
        ],
        [
          419.0,
          548.0
        ],
        [
          421.0,
          546.0
        ],
        [
          421.0,
          544.0
        ],
        [
          420.0,
          543.0
        ],
        [
          420.0,
          542.0
        ],
        [
          419.0,
          541.0
        ],
        [
          418.0,
          541.0
        ],
        [
          417.0,
          540.0
        ],
        [
          417.0,
          539.0
        ],
        [
          416.0,
          538.0
        ],
        [
          416.0,
          537.0
        ],
        [
          415.0,
          536.0
        ],
        [
          414.0,
          536.0
        ],
        [
          411.0,
          533.0
        ],
        [
          411.0,
          532.0
        ],
        [
          409.0,
          530.0
        ],
        [
          409.0,
          516.0
        ]
      ],
      "group_id": null,
      "shape_type": "polygon",
      "flags": {}
    },
    {
      "label": "potato",
      "text": "",
      "points": [
        [
          111.0,
          345.0
        ],
        [
          109.0,
          345.0
        ],
        [
          106.0,
          348.0
        ],
        [
          105.0,
          348.0
        ],
        [
          104.0,
          349.0
        ],
        [
          103.0,
          349.0
        ],
        [
          102.0,
          350.0
        ],
        [
          101.0,
          350.0
        ],
        [
          98.0,
          353.0
        ],
        [
          98.0,
          356.0
        ],
        [
          97.0,
          357.0
        ],
        [
          97.0,
          359.0
        ],
        [
          98.0,
          360.0
        ],
        [
          98.0,
          366.0
        ],
        [
          97.0,
          367.0
        ],
        [
          97.0,
          368.0
        ],
        [
          94.0,
          371.0
        ],
        [
          94.0,
          372.0
        ],
        [
          93.0,
          373.0
        ],
        [
          93.0,
          374.0
        ],
        [
          92.0,
          375.0
        ],
        [
          92.0,
          377.0
        ],
        [
          91.0,
          378.0
        ],
        [
          91.0,
          382.0
        ],
        [
          90.0,
          383.0
        ],
        [
          90.0,
          384.0
        ],
        [
          91.0,
          385.0
        ],
        [
          91.0,
          388.0
        ],
        [
          92.0,
          389.0
        ],
        [
          92.0,
          391.0
        ],
        [
          93.0,
          392.0
        ],
        [
          93.0,
          393.0
        ],
        [
          94.0,
          394.0
        ],
        [
          94.0,
          395.0
        ],
        [
          96.0,
          397.0
        ],
        [
          96.0,
          398.0
        ],
        [
          97.0,
          399.0
        ],
        [
          103.0,
          399.0
        ],
        [
          111.0,
          391.0
        ],
        [
          111.0,
          390.0
        ],
        [
          113.0,
          388.0
        ],
        [
          115.0,
          388.0
        ],
        [
          117.0,
          390.0
        ],
        [
          120.0,
          390.0
        ],
        [
          121.0,
          389.0
        ],
        [
          123.0,
          389.0
        ],
        [
          124.0,
          388.0
        ],
        [
          125.0,
          388.0
        ],
        [
          127.0,
          386.0
        ],
        [
          128.0,
          386.0
        ],
        [
          132.0,
          382.0
        ],
        [
          132.0,
          380.0
        ],
        [
          133.0,
          379.0
        ],
        [
          133.0,
          376.0
        ],
        [
          134.0,
          375.0
        ],
        [
          134.0,
          374.0
        ],
        [
          137.0,
          371.0
        ],
        [
          137.0,
          369.0
        ],
        [
          132.0,
          364.0
        ],
        [
          132.0,
          363.0
        ],
        [
          131.0,
          362.0
        ],
        [
          131.0,
          361.0
        ],
        [
          130.0,
          360.0
        ],
        [
          128.0,
          360.0
        ],
        [
          127.0,
          359.0
        ],
        [
          124.0,
          359.0
        ],
        [
          123.0,
          358.0
        ],
        [
          122.0,
          358.0
        ],
        [
          121.0,
          357.0
        ],
        [
          121.0,
          356.0
        ],
        [
          116.0,
          351.0
        ],
        [
          116.0,
          350.0
        ],
        [
          115.0,
          349.0
        ],
        [
          115.0,
          348.0
        ],
        [
          113.0,
          346.0
        ],
        [
          112.0,
          346.0
        ]
      ],
      "group_id": null,
      "shape_type": "polygon",
      "flags": {}
    },
    {
      "label": "potato",
      "text": "",
      "points": [
        [
          139.0,
          468.0
        ],
        [
          136.0,
          465.0
        ],
        [
          134.0,
          465.0
        ],
        [
          133.0,
          466.0
        ],
        [
          131.0,
          466.0
        ],
        [
          130.0,
          467.0
        ],
        [
          128.0,
          467.0
        ],
        [
          127.0,
          468.0
        ],
        [
          122.0,
          468.0
        ],
        [
          121.0,
          467.0
        ],
        [
          117.0,
          467.0
        ],
        [
          116.0,
          466.0
        ],
        [
          103.0,
          466.0
        ],
        [
          102.0,
          467.0
        ],
        [
          101.0,
          467.0
        ],
        [
          100.0,
          468.0
        ],
        [
          100.0,
          472.0
        ],
        [
          101.0,
          473.0
        ],
        [
          100.0,
          474.0
        ],
        [
          100.0,
          475.0
        ],
        [
          98.0,
          477.0
        ],
        [
          98.0,
          483.0
        ],
        [
          99.0,
          484.0
        ],
        [
          99.0,
          485.0
        ],
        [
          100.0,
          486.0
        ],
        [
          100.0,
          488.0
        ],
        [
          101.0,
          489.0
        ],
        [
          101.0,
          490.0
        ],
        [
          102.0,
          491.0
        ],
        [
          102.0,
          492.0
        ],
        [
          106.0,
          496.0
        ],
        [
          108.0,
          496.0
        ],
        [
          109.0,
          497.0
        ],
        [
          111.0,
          497.0
        ],
        [
          112.0,
          498.0
        ],
        [
          114.0,
          498.0
        ],
        [
          116.0,
          500.0
        ],
        [
          117.0,
          500.0
        ],
        [
          118.0,
          501.0
        ],
        [
          119.0,
          501.0
        ],
        [
          120.0,
          502.0
        ],
        [
          123.0,
          502.0
        ],
        [
          124.0,
          503.0
        ],
        [
          132.0,
          503.0
        ],
        [
          133.0,
          502.0
        ],
        [
          141.0,
          502.0
        ],
        [
          143.0,
          500.0
        ],
        [
          143.0,
          494.0
        ],
        [
          142.0,
          493.0
        ],
        [
          142.0,
          492.0
        ],
        [
          141.0,
          491.0
        ],
        [
          141.0,
          490.0
        ],
        [
          139.0,
          488.0
        ]
      ],
      "group_id": null,
      "shape_type": "polygon",
      "flags": {}
    },
    {
      "label": "weed",
      "text": "",
      "points": [
        [
          146.0,
          0.0
        ],
        [
          146.0,
          2.0
        ],
        [
          147.0,
          3.0
        ],
        [
          147.0,
          6.0
        ],
        [
          148.0,
          7.0
        ],
        [
          148.0,
          8.0
        ],
        [
          149.0,
          9.0
        ],
        [
          149.0,
          10.0
        ],
        [
          151.0,
          12.0
        ],
        [
          151.0,
          13.0
        ],
        [
          152.0,
          14.0
        ],
        [
          152.0,
          16.0
        ],
        [
          153.0,
          17.0
        ],
        [
          153.0,
          23.0
        ],
        [
          154.0,
          24.0
        ],
        [
          154.0,
          27.0
        ],
        [
          156.0,
          29.0
        ],
        [
          160.0,
          29.0
        ],
        [
          161.0,
          28.0
        ],
        [
          163.0,
          28.0
        ],
        [
          164.0,
          27.0
        ],
        [
          165.0,
          27.0
        ],
        [
          168.0,
          24.0
        ],
        [
          168.0,
          23.0
        ],
        [
          171.0,
          20.0
        ],
        [
          171.0,
          19.0
        ],
        [
          175.0,
          15.0
        ],
        [
          175.0,
          14.0
        ],
        [
          176.0,
          13.0
        ],
        [
          176.0,
          7.0
        ],
        [
          175.0,
          6.0
        ],
        [
          175.0,
          5.0
        ],
        [
          174.0,
          4.0
        ],
        [
          173.0,
          4.0
        ],
        [
          172.0,
          3.0
        ],
        [
          169.0,
          3.0
        ],
        [
          168.0,
          2.0
        ],
        [
          167.0,
          2.0
        ],
        [
          166.0,
          1.0
        ],
        [
          166.0,
          0.0
        ]
      ],
      "group_id": null,
      "shape_type": "polygon",
      "flags": {}
    },
    {
      "label": "weed",
      "text": "",
      "points": [
        [
          102.0,
          53.0
        ],
        [
          102.0,
          58.0
        ],
        [
          105.0,
          61.0
        ],
        [
          105.0,
          62.0
        ],
        [
          108.0,
          65.0
        ],
        [
          108.0,
          66.0
        ],
        [
          109.0,
          67.0
        ],
        [
          109.0,
          68.0
        ],
        [
          110.0,
          69.0
        ],
        [
          110.0,
          70.0
        ],
        [
          111.0,
          71.0
        ],
        [
          111.0,
          72.0
        ],
        [
          113.0,
          74.0
        ],
        [
          114.0,
          74.0
        ],
        [
          115.0,
          73.0
        ],
        [
          116.0,
          73.0
        ],
        [
          118.0,
          71.0
        ],
        [
          119.0,
          71.0
        ],
        [
          120.0,
          70.0
        ],
        [
          120.0,
          69.0
        ],
        [
          121.0,
          68.0
        ],
        [
          121.0,
          67.0
        ],
        [
          122.0,
          66.0
        ],
        [
          122.0,
          65.0
        ],
        [
          125.0,
          62.0
        ],
        [
          133.0,
          62.0
        ],
        [
          134.0,
          61.0
        ],
        [
          135.0,
          61.0
        ],
        [
          135.0,
          55.0
        ],
        [
          133.0,
          53.0
        ],
        [
          127.0,
          53.0
        ],
        [
          126.0,
          52.0
        ],
        [
          124.0,
          52.0
        ],
        [
          121.0,
          49.0
        ],
        [
          119.0,
          49.0
        ],
        [
          118.0,
          48.0
        ],
        [
          115.0,
          48.0
        ],
        [
          114.0,
          47.0
        ],
        [
          109.0,
          47.0
        ],
        [
          108.0,
          48.0
        ],
        [
          107.0,
          48.0
        ]
      ],
      "group_id": null,
      "shape_type": "polygon",
      "flags": {}
    },
    {
      "label": "weed",
      "text": "",
      "points": [
        [
          197.0,
          278.0
        ],
        [
          197.0,
          281.0
        ],
        [
          198.0,
          282.0
        ],
        [
          198.0,
          287.0
        ],
        [
          200.0,
          289.0
        ],
        [
          201.0,
          289.0
        ],
        [
          202.0,
          290.0
        ],
        [
          205.0,
          290.0
        ],
        [
          206.0,
          291.0
        ],
        [
          207.0,
          291.0
        ],
        [
          208.0,
          292.0
        ],
        [
          209.0,
          292.0
        ],
        [
          210.0,
          293.0
        ],
        [
          212.0,
          293.0
        ],
        [
          214.0,
          295.0
        ],
        [
          215.0,
          295.0
        ],
        [
          216.0,
          296.0
        ],
        [
          216.0,
          297.0
        ],
        [
          217.0,
          298.0
        ],
        [
          216.0,
          299.0
        ],
        [
          216.0,
          300.0
        ],
        [
          215.0,
          301.0
        ],
        [
          215.0,
          302.0
        ],
        [
          216.0,
          303.0
        ],
        [
          216.0,
          304.0
        ],
        [
          218.0,
          306.0
        ],
        [
          220.0,
          306.0
        ],
        [
          221.0,
          305.0
        ],
        [
          222.0,
          305.0
        ],
        [
          222.0,
          304.0
        ],
        [
          223.0,
          303.0
        ],
        [
          223.0,
          299.0
        ],
        [
          224.0,
          298.0
        ],
        [
          224.0,
          297.0
        ],
        [
          226.0,
          295.0
        ],
        [
          238.0,
          295.0
        ],
        [
          238.0,
          292.0
        ],
        [
          237.0,
          292.0
        ],
        [
          235.0,
          290.0
        ],
        [
          234.0,
          290.0
        ],
        [
          233.0,
          289.0
        ],
        [
          232.0,
          289.0
        ],
        [
          226.0,
          283.0
        ],
        [
          225.0,
          283.0
        ],
        [
          224.0,
          282.0
        ],
        [
          220.0,
          282.0
        ],
        [
          219.0,
          281.0
        ],
        [
          216.0,
          281.0
        ],
        [
          215.0,
          280.0
        ],
        [
          214.0,
          280.0
        ],
        [
          213.0,
          279.0
        ],
        [
          212.0,
          279.0
        ],
        [
          209.0,
          276.0
        ],
        [
          209.0,
          275.0
        ],
        [
          207.0,
          273.0
        ],
        [
          207.0,
          272.0
        ],
        [
          206.0,
          272.0
        ],
        [
          205.0,
          271.0
        ],
        [
          203.0,
          271.0
        ],
        [
          202.0,
          272.0
        ],
        [
          202.0,
          273.0
        ]
      ],
      "group_id": null,
      "shape_type": "polygon",
      "flags": {}
    },
    {
      "label": "weed",
      "text": "",
      "points": [
        [
          166.0,
          306.0
        ],
        [
          165.0,
          306.0
        ],
        [
          160.0,
          301.0
        ],
        [
          160.0,
          300.0
        ],
        [
          158.0,
          298.0
        ],
        [
          158.0,
          297.0
        ],
        [
          156.0,
          295.0
        ],
        [
          155.0,
          295.0
        ],
        [
          154.0,
          294.0
        ],
        [
          150.0,
          294.0
        ],
        [
          148.0,
          296.0
        ],
        [
          148.0,
          297.0
        ],
        [
          145.0,
          300.0
        ],
        [
          145.0,
          302.0
        ],
        [
          141.0,
          306.0
        ],
        [
          140.0,
          306.0
        ],
        [
          139.0,
          307.0
        ],
        [
          132.0,
          307.0
        ],
        [
          131.0,
          308.0
        ],
        [
          129.0,
          308.0
        ],
        [
          127.0,
          310.0
        ],
        [
          126.0,
          310.0
        ],
        [
          123.0,
          313.0
        ],
        [
          123.0,
          314.0
        ],
        [
          121.0,
          316.0
        ],
        [
          121.0,
          319.0
        ],
        [
          120.0,
          320.0
        ],
        [
          121.0,
          321.0
        ],
        [
          121.0,
          324.0
        ],
        [
          125.0,
          328.0
        ],
        [
          127.0,
          328.0
        ],
        [
          128.0,
          329.0
        ],
        [
          129.0,
          329.0
        ],
        [
          131.0,
          331.0
        ],
        [
          138.0,
          331.0
        ],
        [
          139.0,
          332.0
        ],
        [
          141.0,
          332.0
        ],
        [
          142.0,
          331.0
        ],
        [
          145.0,
          331.0
        ],
        [
          147.0,
          329.0
        ],
        [
          148.0,
          329.0
        ],
        [
          151.0,
          326.0
        ],
        [
          152.0,
          326.0
        ],
        [
          153.0,
          325.0
        ],
        [
          154.0,
          325.0
        ],
        [
          155.0,
          324.0
        ],
        [
          156.0,
          324.0
        ],
        [
          157.0,
          323.0
        ],
        [
          158.0,
          323.0
        ],
        [
          158.0,
          322.0
        ],
        [
          160.0,
          320.0
        ],
        [
          161.0,
          320.0
        ],
        [
          163.0,
          318.0
        ],
        [
          164.0,
          318.0
        ],
        [
          166.0,
          316.0
        ],
        [
          166.0,
          313.0
        ],
        [
          167.0,
          312.0
        ],
        [
          167.0,
          308.0
        ],
        [
          166.0,
          307.0
        ]
      ],
      "group_id": null,
      "shape_type": "polygon",
      "flags": {}
    },
    {
      "label": "weed",
      "text": "",
      "points": [
        [
          143.0,
          269.0
        ],
        [
          139.0,
          269.0
        ],
        [
          138.0,
          270.0
        ],
        [
          136.0,
          270.0
        ],
        [
          135.0,
          271.0
        ],
        [
          133.0,
          271.0
        ],
        [
          132.0,
          272.0
        ],
        [
          123.0,
          272.0
        ],
        [
          122.0,
          273.0
        ],
        [
          121.0,
          273.0
        ],
        [
          117.0,
          277.0
        ],
        [
          117.0,
          281.0
        ],
        [
          116.0,
          282.0
        ],
        [
          117.0,
          283.0
        ],
        [
          117.0,
          284.0
        ],
        [
          119.0,
          286.0
        ],
        [
          120.0,
          286.0
        ],
        [
          124.0,
          290.0
        ],
        [
          125.0,
          290.0
        ],
        [
          127.0,
          292.0
        ],
        [
          128.0,
          292.0
        ],
        [
          133.0,
          297.0
        ],
        [
          135.0,
          295.0
        ],
        [
          135.0,
          294.0
        ],
        [
          137.0,
          292.0
        ],
        [
          137.0,
          291.0
        ],
        [
          138.0,
          290.0
        ],
        [
          138.0,
          288.0
        ],
        [
          139.0,
          287.0
        ],
        [
          139.0,
          286.0
        ],
        [
          143.0,
          282.0
        ],
        [
          144.0,
          282.0
        ],
        [
          146.0,
          280.0
        ],
        [
          147.0,
          280.0
        ],
        [
          149.0,
          278.0
        ],
        [
          149.0,
          274.0
        ],
        [
          145.0,
          270.0
        ],
        [
          144.0,
          270.0
        ]
      ],
      "group_id": null,
      "shape_type": "polygon",
      "flags": {}
    },
    {
      "label": "weed",
      "text": "",
      "points": [
        [
          490.0,
          185.0
        ],
        [
          491.0,
          186.0
        ],
        [
          491.0,
          187.0
        ],
        [
          494.0,
          190.0
        ],
        [
          495.0,
          190.0
        ],
        [
          496.0,
          191.0
        ],
        [
          501.0,
          191.0
        ],
        [
          503.0,
          189.0
        ],
        [
          504.0,
          189.0
        ],
        [
          505.0,
          188.0
        ],
        [
          510.0,
          188.0
        ],
        [
          511.0,
          189.0
        ],
        [
          512.0,
          189.0
        ],
        [
          516.0,
          193.0
        ],
        [
          517.0,
          193.0
        ],
        [
          518.0,
          194.0
        ],
        [
          524.0,
          194.0
        ],
        [
          528.0,
          198.0
        ],
        [
          529.0,
          198.0
        ],
        [
          530.0,
          199.0
        ],
        [
          532.0,
          199.0
        ],
        [
          533.0,
          198.0
        ],
        [
          534.0,
          198.0
        ],
        [
          536.0,
          196.0
        ],
        [
          536.0,
          195.0
        ],
        [
          538.0,
          193.0
        ],
        [
          538.0,
          192.0
        ],
        [
          539.0,
          191.0
        ],
        [
          539.0,
          190.0
        ],
        [
          540.0,
          189.0
        ],
        [
          539.0,
          188.0
        ],
        [
          539.0,
          187.0
        ],
        [
          534.0,
          182.0
        ],
        [
          534.0,
          180.0
        ],
        [
          533.0,
          179.0
        ],
        [
          533.0,
          178.0
        ],
        [
          532.0,
          178.0
        ],
        [
          531.0,
          179.0
        ],
        [
          527.0,
          179.0
        ],
        [
          526.0,
          178.0
        ],
        [
          521.0,
          178.0
        ],
        [
          520.0,
          177.0
        ],
        [
          514.0,
          177.0
        ],
        [
          513.0,
          176.0
        ],
        [
          505.0,
          176.0
        ],
        [
          504.0,
          175.0
        ],
        [
          501.0,
          175.0
        ],
        [
          500.0,
          174.0
        ],
        [
          499.0,
          174.0
        ],
        [
          498.0,
          175.0
        ],
        [
          496.0,
          175.0
        ],
        [
          493.0,
          178.0
        ],
        [
          493.0,
          179.0
        ],
        [
          492.0,
          180.0
        ],
        [
          492.0,
          181.0
        ],
        [
          491.0,
          182.0
        ],
        [
          491.0,
          184.0
        ]
      ],
      "group_id": null,
      "shape_type": "polygon",
      "flags": {}
    },
    {
      "label": "weed",
      "text": "",
      "points": [
        [
          524.0,
          330.0
        ],
        [
          524.0,
          322.0
        ],
        [
          522.0,
          320.0
        ],
        [
          520.0,
          320.0
        ],
        [
          519.0,
          321.0
        ],
        [
          511.0,
          321.0
        ],
        [
          510.0,
          322.0
        ],
        [
          508.0,
          322.0
        ],
        [
          507.0,
          323.0
        ],
        [
          500.0,
          323.0
        ],
        [
          499.0,
          322.0
        ],
        [
          488.0,
          322.0
        ],
        [
          487.0,
          321.0
        ],
        [
          484.0,
          321.0
        ],
        [
          483.0,
          322.0
        ],
        [
          483.0,
          325.0
        ],
        [
          484.0,
          326.0
        ],
        [
          484.0,
          327.0
        ],
        [
          486.0,
          329.0
        ],
        [
          486.0,
          330.0
        ],
        [
          487.0,
          331.0
        ],
        [
          488.0,
          331.0
        ],
        [
          489.0,
          332.0
        ],
        [
          490.0,
          332.0
        ],
        [
          491.0,
          333.0
        ],
        [
          492.0,
          333.0
        ],
        [
          493.0,
          334.0
        ],
        [
          502.0,
          334.0
        ],
        [
          503.0,
          335.0
        ],
        [
          518.0,
          335.0
        ],
        [
          519.0,
          334.0
        ],
        [
          520.0,
          334.0
        ]
      ],
      "group_id": null,
      "shape_type": "polygon",
      "flags": {}
    },
    {
      "label": "weed",
      "text": "",
      "points": [
        [
          420.0,
          578.0
        ],
        [
          419.0,
          577.0
        ],
        [
          415.0,
          577.0
        ],
        [
          414.0,
          578.0
        ],
        [
          413.0,
          578.0
        ],
        [
          412.0,
          579.0
        ],
        [
          411.0,
          579.0
        ],
        [
          410.0,
          580.0
        ],
        [
          409.0,
          580.0
        ],
        [
          407.0,
          582.0
        ],
        [
          406.0,
          582.0
        ],
        [
          405.0,
          583.0
        ],
        [
          405.0,
          584.0
        ],
        [
          402.0,
          587.0
        ],
        [
          398.0,
          587.0
        ],
        [
          397.0,
          588.0
        ],
        [
          396.0,
          588.0
        ],
        [
          390.0,
          594.0
        ],
        [
          390.0,
          599.0
        ],
        [
          391.0,
          600.0
        ],
        [
          391.0,
          601.0
        ],
        [
          392.0,
          602.0
        ],
        [
          393.0,
          602.0
        ],
        [
          394.0,
          603.0
        ],
        [
          399.0,
          603.0
        ],
        [
          400.0,
          604.0
        ],
        [
          401.0,
          604.0
        ],
        [
          402.0,
          605.0
        ],
        [
          403.0,
          605.0
        ],
        [
          404.0,
          604.0
        ],
        [
          413.0,
          604.0
        ],
        [
          414.0,
          603.0
        ],
        [
          414.0,
          602.0
        ],
        [
          415.0,
          601.0
        ],
        [
          415.0,
          595.0
        ],
        [
          416.0,
          594.0
        ],
        [
          416.0,
          593.0
        ],
        [
          419.0,
          590.0
        ],
        [
          419.0,
          588.0
        ],
        [
          420.0,
          587.0
        ],
        [
          420.0,
          585.0
        ],
        [
          419.0,
          584.0
        ],
        [
          419.0,
          581.0
        ],
        [
          420.0,
          580.0
        ]
      ],
      "group_id": null,
      "shape_type": "polygon",
      "flags": {}
    },
    {
      "label": "weed",
      "text": "",
      "points": [
        [
          472.0,
          608.0
        ],
        [
          470.0,
          608.0
        ],
        [
          468.0,
          610.0
        ],
        [
          468.0,
          611.0
        ],
        [
          467.0,
          612.0
        ],
        [
          467.0,
          613.0
        ],
        [
          466.0,
          614.0
        ],
        [
          462.0,
          614.0
        ],
        [
          456.0,
          620.0
        ],
        [
          455.0,
          620.0
        ],
        [
          455.0,
          621.0
        ],
        [
          453.0,
          623.0
        ],
        [
          453.0,
          624.0
        ],
        [
          450.0,
          627.0
        ],
        [
          450.0,
          632.0
        ],
        [
          449.0,
          633.0
        ],
        [
          449.0,
          639.0
        ],
        [
          479.0,
          639.0
        ],
        [
          479.0,
          633.0
        ],
        [
          478.0,
          632.0
        ],
        [
          478.0,
          631.0
        ],
        [
          475.0,
          628.0
        ],
        [
          473.0,
          628.0
        ],
        [
          471.0,
          626.0
        ],
        [
          470.0,
          626.0
        ],
        [
          468.0,
          624.0
        ],
        [
          468.0,
          620.0
        ],
        [
          469.0,
          619.0
        ],
        [
          469.0,
          618.0
        ],
        [
          471.0,
          616.0
        ],
        [
          471.0,
          613.0
        ],
        [
          472.0,
          612.0
        ],
        [
          472.0,
          610.0
        ],
        [
          473.0,
          609.0
        ]
      ],
      "group_id": null,
      "shape_type": "polygon",
      "flags": {}
    },
    {
      "label": "weed",
      "text": "",
      "points": [
        [
          486.0,
          569.0
        ],
        [
          484.0,
          571.0
        ],
        [
          484.0,
          572.0
        ],
        [
          482.0,
          574.0
        ],
        [
          482.0,
          575.0
        ],
        [
          481.0,
          576.0
        ],
        [
          481.0,
          577.0
        ],
        [
          480.0,
          578.0
        ],
        [
          480.0,
          582.0
        ],
        [
          481.0,
          583.0
        ],
        [
          481.0,
          584.0
        ],
        [
          482.0,
          585.0
        ],
        [
          483.0,
          585.0
        ],
        [
          484.0,
          586.0
        ],
        [
          489.0,
          586.0
        ],
        [
          490.0,
          585.0
        ],
        [
          492.0,
          585.0
        ],
        [
          493.0,
          584.0
        ],
        [
          494.0,
          584.0
        ],
        [
          495.0,
          583.0
        ],
        [
          495.0,
          581.0
        ],
        [
          496.0,
          580.0
        ],
        [
          496.0,
          577.0
        ],
        [
          497.0,
          576.0
        ],
        [
          497.0,
          574.0
        ],
        [
          496.0,
          573.0
        ],
        [
          496.0,
          572.0
        ],
        [
          495.0,
          572.0
        ],
        [
          493.0,
          570.0
        ],
        [
          492.0,
          570.0
        ],
        [
          491.0,
          569.0
        ]
      ],
      "group_id": null,
      "shape_type": "polygon",
      "flags": {}
    },
    {
      "label": "potato",
      "text": "",
      "points": [
        [
          618.0,
          0.0
        ],
        [
          618.0,
          1.0
        ],
        [
          617.0,
          2.0
        ],
        [
          617.0,
          3.0
        ],
        [
          616.0,
          4.0
        ],
        [
          616.0,
          13.0
        ],
        [
          617.0,
          14.0
        ],
        [
          617.0,
          18.0
        ],
        [
          618.0,
          19.0
        ],
        [
          618.0,
          20.0
        ],
        [
          619.0,
          21.0
        ],
        [
          619.0,
          25.0
        ],
        [
          617.0,
          27.0
        ],
        [
          617.0,
          28.0
        ],
        [
          614.0,
          31.0
        ],
        [
          614.0,
          32.0
        ],
        [
          613.0,
          33.0
        ],
        [
          613.0,
          34.0
        ],
        [
          612.0,
          35.0
        ],
        [
          612.0,
          36.0
        ],
        [
          611.0,
          37.0
        ],
        [
          611.0,
          40.0
        ],
        [
          612.0,
          41.0
        ],
        [
          612.0,
          42.0
        ],
        [
          613.0,
          42.0
        ],
        [
          614.0,
          43.0
        ],
        [
          616.0,
          43.0
        ],
        [
          617.0,
          44.0
        ],
        [
          625.0,
          44.0
        ],
        [
          626.0,
          45.0
        ],
        [
          631.0,
          45.0
        ],
        [
          632.0,
          46.0
        ],
        [
          636.0,
          46.0
        ],
        [
          637.0,
          47.0
        ],
        [
          638.0,
          46.0
        ],
        [
          638.0,
          44.0
        ],
        [
          639.0,
          43.0
        ],
        [
          639.0,
          0.0
        ]
      ],
      "group_id": null,
      "shape_type": "polygon",
      "flags": {}
    }
  ],
  "imagePath": "..\\after_crop\\tile_9_8.jpg",
  "imageData": null,
  "imageHeight": 640,
  "imageWidth": 640
}