{
  "version": "0.3.3",
  "flags": {},
  "shapes": [
    {
      "label": "potato",
      "text": "",
      "points": [
        [
          209.0,
          495.0
        ],
        [
          207.0,
          494.0
        ],
        [
          201.0,
          494.0
        ],
        [
          197.0,
          496.0
        ],
        [
          194.0,
          496.0
        ],
        [
          193.0,
          497.0
        ],
        [
          189.0,
          497.0
        ],
        [
          187.0,
          495.0
        ],
        [
          187.0,
          489.0
        ],
        [
          186.0,
          487.0
        ],
        [
          184.0,
          485.0
        ],
        [
          181.0,
          484.0
        ],
        [
          177.0,
          486.0
        ],
        [
          175.0,
          488.0
        ],
        [
          175.0,
          492.0
        ],
        [
          173.0,
          494.0
        ],
        [
          171.0,
          492.0
        ],
        [
          169.0,
          492.0
        ],
        [
          163.0,
          488.0
        ],
        [
          158.0,
          488.0
        ],
        [
          155.0,
          492.0
        ],
        [
          155.0,
          494.0
        ],
        [
          153.0,
          496.0
        ],
        [
          151.0,
          500.0
        ],
        [
          148.0,
          496.0
        ],
        [
          146.0,
          497.0
        ],
        [
          143.0,
          497.0
        ],
        [
          141.0,
          498.0
        ],
        [
          135.0,
          505.0
        ],
        [
          127.0,
          505.0
        ],
        [
          126.0,
          506.0
        ],
        [
          124.0,
          506.0
        ],
        [
          122.0,
          507.0
        ],
        [
          120.0,
          509.0
        ],
        [
          119.0,
          512.0
        ],
        [
          120.0,
          513.0
        ],
        [
          120.0,
          516.0
        ],
        [
          121.0,
          518.0
        ],
        [
          129.0,
          522.0
        ],
        [
          132.0,
          528.0
        ],
        [
          132.0,
          530.0
        ],
        [
          128.0,
          535.0
        ],
        [
          125.0,
          535.0
        ],
        [
          124.0,
          536.0
        ],
        [
          122.0,
          536.0
        ],
        [
          118.0,
          538.0
        ],
        [
          117.0,
          540.0
        ],
        [
          117.0,
          553.0
        ],
        [
          112.0,
          562.0
        ],
        [
          112.0,
          572.0
        ],
        [
          115.0,
          578.0
        ],
        [
          115.0,
          588.0
        ],
        [
          119.0,
          595.0
        ],
        [
          119.0,
          598.0
        ],
        [
          118.0,
          599.0
        ],
        [
          118.0,
          603.0
        ],
        [
          117.0,
          604.0
        ],
        [
          117.0,
          607.0
        ],
        [
          118.0,
          608.0
        ],
        [
          118.0,
          610.0
        ],
        [
          124.0,
          617.0
        ],
        [
          126.0,
          617.0
        ],
        [
          128.0,
          615.0
        ],
        [
          129.0,
          612.0
        ],
        [
          132.0,
          609.0
        ],
        [
          136.0,
          599.0
        ],
        [
          140.0,
          595.0
        ],
        [
          144.0,
          595.0
        ],
        [
          148.0,
          597.0
        ],
        [
          150.0,
          599.0
        ],
        [
          151.0,
          599.0
        ],
        [
          154.0,
          602.0
        ],
        [
          155.0,
          604.0
        ],
        [
          159.0,
          606.0
        ],
        [
          162.0,
          606.0
        ],
        [
          168.0,
          603.0
        ],
        [
          170.0,
          601.0
        ],
        [
          173.0,
          601.0
        ],
        [
          174.0,
          600.0
        ],
        [
          178.0,
          600.0
        ],
        [
          182.0,
          598.0
        ],
        [
          182.0,
          597.0
        ],
        [
          185.0,
          593.0
        ],
        [
          185.0,
          590.0
        ],
        [
          186.0,
          589.0
        ],
        [
          186.0,
          587.0
        ],
        [
          190.0,
          581.0
        ],
        [
          190.0,
          579.0
        ],
        [
          191.0,
          578.0
        ],
        [
          191.0,
          576.0
        ],
        [
          192.0,
          574.0
        ],
        [
          199.0,
          567.0
        ],
        [
          202.0,
          566.0
        ],
        [
          205.0,
          563.0
        ],
        [
          205.0,
          561.0
        ],
        [
          200.0,
          552.0
        ],
        [
          200.0,
          546.0
        ],
        [
          199.0,
          545.0
        ],
        [
          199.0,
          537.0
        ],
        [
          201.0,
          533.0
        ],
        [
          201.0,
          529.0
        ],
        [
          205.0,
          525.0
        ],
        [
          205.0,
          524.0
        ],
        [
          209.0,
          520.0
        ],
        [
          210.0,
          520.0
        ],
        [
          211.0,
          518.0
        ],
        [
          211.0,
          499.0
        ]
      ],
      "group_id": null,
      "shape_type": "polygon",
      "flags": {}
    },
    {
      "label": "potato",
      "text": "",
      "points": [
        [
          423.0,
          639.0
        ],
        [
          475.0,
          639.0
        ],
        [
          475.0,
          635.0
        ],
        [
          476.0,
          634.0
        ],
        [
          476.0,
          633.0
        ],
        [
          477.0,
          632.0
        ],
        [
          477.0,
          631.0
        ],
        [
          478.0,
          630.0
        ],
        [
          478.0,
          629.0
        ],
        [
          479.0,
          628.0
        ],
        [
          479.0,
          625.0
        ],
        [
          480.0,
          624.0
        ],
        [
          480.0,
          623.0
        ],
        [
          479.0,
          622.0
        ],
        [
          479.0,
          621.0
        ],
        [
          478.0,
          621.0
        ],
        [
          475.0,
          618.0
        ],
        [
          474.0,
          618.0
        ],
        [
          472.0,
          616.0
        ],
        [
          471.0,
          616.0
        ],
        [
          470.0,
          615.0
        ],
        [
          468.0,
          615.0
        ],
        [
          467.0,
          614.0
        ],
        [
          464.0,
          614.0
        ],
        [
          463.0,
          613.0
        ],
        [
          459.0,
          613.0
        ],
        [
          458.0,
          612.0
        ],
        [
          450.0,
          612.0
        ],
        [
          449.0,
          611.0
        ],
        [
          448.0,
          611.0
        ],
        [
          447.0,
          610.0
        ],
        [
          446.0,
          610.0
        ],
        [
          444.0,
          608.0
        ],
        [
          439.0,
          608.0
        ],
        [
          438.0,
          609.0
        ],
        [
          436.0,
          609.0
        ],
        [
          435.0,
          610.0
        ],
        [
          434.0,
          610.0
        ],
        [
          433.0,
          611.0
        ],
        [
          432.0,
          611.0
        ],
        [
          430.0,
          613.0
        ],
        [
          430.0,
          614.0
        ],
        [
          429.0,
          615.0
        ],
        [
          429.0,
          621.0
        ],
        [
          430.0,
          622.0
        ],
        [
          430.0,
          625.0
        ],
        [
          431.0,
          626.0
        ],
        [
          431.0,
          632.0
        ],
        [
          428.0,
          635.0
        ],
        [
          427.0,
          635.0
        ],
        [
          426.0,
          636.0
        ],
        [
          425.0,
          636.0
        ],
        [
          424.0,
          637.0
        ],
        [
          424.0,
          638.0
        ]
      ],
      "group_id": null,
      "shape_type": "polygon",
      "flags": {}
    },
    {
      "label": "weed",
      "text": "",
      "points": [
        [
          418.0,
          262.0
        ],
        [
          417.0,
          263.0
        ],
        [
          416.0,
          263.0
        ],
        [
          412.0,
          267.0
        ],
        [
          411.0,
          267.0
        ],
        [
          410.0,
          268.0
        ],
        [
          410.0,
          269.0
        ],
        [
          409.0,
          270.0
        ],
        [
          409.0,
          274.0
        ],
        [
          408.0,
          275.0
        ],
        [
          408.0,
          276.0
        ],
        [
          406.0,
          278.0
        ],
        [
          406.0,
          280.0
        ],
        [
          407.0,
          281.0
        ],
        [
          407.0,
          283.0
        ],
        [
          408.0,
          284.0
        ],
        [
          408.0,
          285.0
        ],
        [
          409.0,
          286.0
        ],
        [
          409.0,
          287.0
        ],
        [
          418.0,
          296.0
        ],
        [
          419.0,
          296.0
        ],
        [
          420.0,
          297.0
        ],
        [
          424.0,
          297.0
        ],
        [
          425.0,
          296.0
        ],
        [
          427.0,
          296.0
        ],
        [
          429.0,
          294.0
        ],
        [
          429.0,
          293.0
        ],
        [
          430.0,
          292.0
        ],
        [
          430.0,
          291.0
        ],
        [
          431.0,
          290.0
        ],
        [
          431.0,
          289.0
        ],
        [
          432.0,
          288.0
        ],
        [
          432.0,
          286.0
        ],
        [
          433.0,
          285.0
        ],
        [
          433.0,
          281.0
        ],
        [
          432.0,
          280.0
        ],
        [
          432.0,
          276.0
        ],
        [
          431.0,
          275.0
        ],
        [
          431.0,
          270.0
        ],
        [
          430.0,
          269.0
        ],
        [
          430.0,
          267.0
        ],
        [
          429.0,
          266.0
        ],
        [
          429.0,
          265.0
        ],
        [
          427.0,
          263.0
        ],
        [
          426.0,
          263.0
        ],
        [
          425.0,
          262.0
        ]
      ],
      "group_id": null,
      "shape_type": "polygon",
      "flags": {}
    },
    {
      "label": "weed",
      "text": "",
      "points": [
        [
          594.0,
          246.0
        ],
        [
          592.0,
          248.0
        ],
        [
          592.0,
          249.0
        ],
        [
          591.0,
          250.0
        ],
        [
          591.0,
          255.0
        ],
        [
          592.0,
          256.0
        ],
        [
          592.0,
          259.0
        ],
        [
          593.0,
          260.0
        ],
        [
          593.0,
          263.0
        ],
        [
          594.0,
          264.0
        ],
        [
          594.0,
          266.0
        ],
        [
          595.0,
          267.0
        ],
        [
          595.0,
          270.0
        ],
        [
          596.0,
          271.0
        ],
        [
          596.0,
          272.0
        ],
        [
          598.0,
          274.0
        ],
        [
          601.0,
          274.0
        ],
        [
          602.0,
          273.0
        ],
        [
          603.0,
          273.0
        ],
        [
          604.0,
          272.0
        ],
        [
          604.0,
          271.0
        ],
        [
          605.0,
          270.0
        ],
        [
          605.0,
          262.0
        ],
        [
          606.0,
          261.0
        ],
        [
          606.0,
          260.0
        ],
        [
          605.0,
          259.0
        ],
        [
          605.0,
          257.0
        ],
        [
          603.0,
          255.0
        ],
        [
          603.0,
          254.0
        ],
        [
          601.0,
          252.0
        ],
        [
          601.0,
          251.0
        ],
        [
          600.0,
          250.0
        ],
        [
          600.0,
          249.0
        ],
        [
          599.0,
          248.0
        ],
        [
          599.0,
          247.0
        ],
        [
          598.0,
          246.0
        ]
      ],
      "group_id": null,
      "shape_type": "polygon",
      "flags": {}
    },
    {
      "label": "weed",
      "text": "",
      "points": [
        [
          377.0,
          238.0
        ],
        [
          376.0,
          239.0
        ],
        [
          375.0,
          239.0
        ],
        [
          375.0,
          240.0
        ],
        [
          374.0,
          241.0
        ],
        [
          374.0,
          243.0
        ],
        [
          373.0,
          244.0
        ],
        [
          373.0,
          247.0
        ],
        [
          372.0,
          248.0
        ],
        [
          372.0,
          251.0
        ],
        [
          371.0,
          252.0
        ],
        [
          371.0,
          255.0
        ],
        [
          370.0,
          256.0
        ],
        [
          370.0,
          258.0
        ],
        [
          369.0,
          259.0
        ],
        [
          369.0,
          262.0
        ],
        [
          370.0,
          263.0
        ],
        [
          370.0,
          267.0
        ],
        [
          372.0,
          269.0
        ],
        [
          377.0,
          269.0
        ],
        [
          378.0,
          270.0
        ],
        [
          380.0,
          270.0
        ],
        [
          381.0,
          269.0
        ],
        [
          381.0,
          268.0
        ],
        [
          382.0,
          267.0
        ],
        [
          382.0,
          266.0
        ],
        [
          383.0,
          265.0
        ],
        [
          383.0,
          264.0
        ],
        [
          384.0,
          263.0
        ],
        [
          384.0,
          261.0
        ],
        [
          385.0,
          260.0
        ],
        [
          385.0,
          248.0
        ],
        [
          384.0,
          247.0
        ],
        [
          384.0,
          244.0
        ],
        [
          383.0,
          243.0
        ],
        [
          383.0,
          241.0
        ],
        [
          380.0,
          238.0
        ]
      ],
      "group_id": null,
      "shape_type": "polygon",
      "flags": {}
    },
    {
      "label": "weed",
      "text": "",
      "points": [
        [
          390.0,
          611.0
        ],
        [
          390.0,
          617.0
        ],
        [
          391.0,
          618.0
        ],
        [
          391.0,
          619.0
        ],
        [
          392.0,
          620.0
        ],
        [
          392.0,
          621.0
        ],
        [
          393.0,
          622.0
        ],
        [
          393.0,
          623.0
        ],
        [
          394.0,
          624.0
        ],
        [
          394.0,
          625.0
        ],
        [
          395.0,
          626.0
        ],
        [
          396.0,
          626.0
        ],
        [
          397.0,
          627.0
        ],
        [
          398.0,
          627.0
        ],
        [
          399.0,
          628.0
        ],
        [
          400.0,
          628.0
        ],
        [
          401.0,
          629.0
        ],
        [
          402.0,
          629.0
        ],
        [
          403.0,
          630.0
        ],
        [
          415.0,
          630.0
        ],
        [
          416.0,
          629.0
        ],
        [
          417.0,
          629.0
        ],
        [
          417.0,
          628.0
        ],
        [
          419.0,
          626.0
        ],
        [
          419.0,
          625.0
        ],
        [
          421.0,
          623.0
        ],
        [
          421.0,
          617.0
        ],
        [
          420.0,
          616.0
        ],
        [
          420.0,
          615.0
        ],
        [
          418.0,
          613.0
        ],
        [
          417.0,
          613.0
        ],
        [
          416.0,
          612.0
        ],
        [
          414.0,
          612.0
        ],
        [
          413.0,
          611.0
        ],
        [
          411.0,
          611.0
        ],
        [
          410.0,
          610.0
        ],
        [
          409.0,
          610.0
        ],
        [
          408.0,
          609.0
        ],
        [
          406.0,
          609.0
        ],
        [
          405.0,
          608.0
        ],
        [
          401.0,
          608.0
        ],
        [
          400.0,
          607.0
        ],
        [
          394.0,
          607.0
        ]
      ],
      "group_id": null,
      "shape_type": "polygon",
      "flags": {}
    },
    {
      "label": "weed",
      "text": "",
      "points": [
        [
          298.0,
          27.0
        ],
        [
          297.0,
          28.0
        ],
        [
          297.0,
          32.0
        ],
        [
          294.0,
          35.0
        ],
        [
          294.0,
          37.0
        ],
        [
          295.0,
          38.0
        ],
        [
          295.0,
          43.0
        ],
        [
          296.0,
          44.0
        ],
        [
          296.0,
          54.0
        ],
        [
          293.0,
          57.0
        ],
        [
          293.0,
          58.0
        ],
        [
          297.0,
          58.0
        ],
        [
          298.0,
          59.0
        ],
        [
          299.0,
          59.0
        ],
        [
          300.0,
          60.0
        ],
        [
          301.0,
          60.0
        ],
        [
          305.0,
          56.0
        ],
        [
          308.0,
          56.0
        ],
        [
          308.0,
          54.0
        ],
        [
          307.0,
          54.0
        ],
        [
          306.0,
          53.0
        ],
        [
          305.0,
          53.0
        ],
        [
          303.0,
          51.0
        ],
        [
          303.0,
          34.0
        ],
        [
          302.0,
          33.0
        ],
        [
          302.0,
          29.0
        ],
        [
          301.0,
          28.0
        ],
        [
          301.0,
          27.0
        ]
      ],
      "group_id": null,
      "shape_type": "polygon",
      "flags": {}
    },
    {
      "label": "weed",
      "text": "",
      "points": [
        [
          136.0,
          404.0
        ],
        [
          135.0,
          405.0
        ],
        [
          135.0,
          411.0
        ],
        [
          139.0,
          415.0
        ],
        [
          140.0,
          415.0
        ],
        [
          141.0,
          416.0
        ],
        [
          144.0,
          416.0
        ],
        [
          144.0,
          415.0
        ],
        [
          147.0,
          412.0
        ],
        [
          147.0,
          411.0
        ],
        [
          148.0,
          410.0
        ],
        [
          148.0,
          405.0
        ],
        [
          147.0,
          404.0
        ],
        [
          146.0,
          404.0
        ],
        [
          145.0,
          403.0
        ],
        [
          142.0,
          403.0
        ],
        [
          141.0,
          404.0
        ]
      ],
      "group_id": null,
      "shape_type": "polygon",
      "flags": {}
    },
    {
      "label": "weed",
      "text": "",
      "points": [
        [
          307.0,
          500.0
        ],
        [
          303.0,
          500.0
        ],
        [
          299.0,
          504.0
        ],
        [
          298.0,
          504.0
        ],
        [
          295.0,
          507.0
        ],
        [
          295.0,
          508.0
        ],
        [
          296.0,
          509.0
        ],
        [
          296.0,
          511.0
        ],
        [
          298.0,
          513.0
        ],
        [
          299.0,
          513.0
        ],
        [
          300.0,
          514.0
        ],
        [
          305.0,
          514.0
        ],
        [
          306.0,
          513.0
        ],
        [
          308.0,
          513.0
        ],
        [
          311.0,
          510.0
        ],
        [
          311.0,
          506.0
        ],
        [
          310.0,
          505.0
        ],
        [
          310.0,
          504.0
        ],
        [
          309.0,
          503.0
        ],
        [
          309.0,
          502.0
        ]
      ],
      "group_id": null,
      "shape_type": "polygon",
      "flags": {}
    },
    {
      "label": "weed",
      "text": "",
      "points": [
        [
          616.0,
          488.0
        ],
        [
          613.0,
          488.0
        ],
        [
          612.0,
          489.0
        ],
        [
          610.0,
          489.0
        ],
        [
          608.0,
          491.0
        ],
        [
          607.0,
          491.0
        ],
        [
          606.0,
          492.0
        ],
        [
          606.0,
          494.0
        ],
        [
          605.0,
          495.0
        ],
        [
          605.0,
          496.0
        ],
        [
          604.0,
          497.0
        ],
        [
          605.0,
          498.0
        ],
        [
          605.0,
          500.0
        ],
        [
          606.0,
          501.0
        ],
        [
          606.0,
          503.0
        ],
        [
          607.0,
          504.0
        ],
        [
          607.0,
          505.0
        ],
        [
          611.0,
          509.0
        ],
        [
          614.0,
          509.0
        ],
        [
          620.0,
          503.0
        ],
        [
          620.0,
          501.0
        ],
        [
          621.0,
          500.0
        ],
        [
          621.0,
          498.0
        ],
        [
          622.0,
          497.0
        ],
        [
          622.0,
          495.0
        ],
        [
          621.0,
          494.0
        ],
        [
          621.0,
          492.0
        ],
        [
          618.0,
          489.0
        ],
        [
          617.0,
          489.0
        ]
      ],
      "group_id": null,
      "shape_type": "polygon",
      "flags": {}
    }
  ],
  "imagePath": "..\\after_crop\\tile_14_3.jpg",
  "imageData": null,
  "imageHeight": 640,
  "imageWidth": 640
}