{
  "version": "0.3.3",
  "flags": {},
  "shapes": [
    {
      "label": "potato",
      "text": "",
      "points": [
        [
          71.0,
          488.0
        ],
        [
          69.0,
          486.0
        ],
        [
          66.0,
          486.0
        ],
        [
          64.0,
          484.0
        ],
        [
          64.0,
          483.0
        ],
        [
          61.0,
          480.0
        ],
        [
          60.0,
          480.0
        ],
        [
          58.0,
          478.0
        ],
        [
          57.0,
          478.0
        ],
        [
          54.0,
          475.0
        ],
        [
          54.0,
          474.0
        ],
        [
          53.0,
          473.0
        ],
        [
          53.0,
          472.0
        ],
        [
          51.0,
          470.0
        ],
        [
          41.0,
          470.0
        ],
        [
          40.0,
          471.0
        ],
        [
          37.0,
          471.0
        ],
        [
          36.0,
          472.0
        ],
        [
          26.0,
          472.0
        ],
        [
          25.0,
          473.0
        ],
        [
          24.0,
          473.0
        ],
        [
          23.0,
          474.0
        ],
        [
          23.0,
          475.0
        ],
        [
          24.0,
          476.0
        ],
        [
          24.0,
          482.0
        ],
        [
          22.0,
          485.0
        ],
        [
          12.0,
          485.0
        ],
        [
          11.0,
          484.0
        ],
        [
          9.0,
          484.0
        ],
        [
          6.0,
          482.0
        ],
        [
          0.0,
          482.0
        ],
        [
          0.0,
          540.0
        ],
        [
          1.0,
          540.0
        ],
        [
          3.0,
          542.0
        ],
        [
          6.0,
          542.0
        ],
        [
          7.0,
          543.0
        ],
        [
          17.0,
          543.0
        ],
        [
          18.0,
          542.0
        ],
        [
          19.0,
          542.0
        ],
        [
          24.0,
          537.0
        ],
        [
          24.0,
          536.0
        ],
        [
          30.0,
          530.0
        ],
        [
          32.0,
          530.0
        ],
        [
          36.0,
          534.0
        ],
        [
          37.0,
          534.0
        ],
        [
          39.0,
          536.0
        ],
        [
          40.0,
          536.0
        ],
        [
          42.0,
          538.0
        ],
        [
          46.0,
          538.0
        ],
        [
          47.0,
          537.0
        ],
        [
          48.0,
          537.0
        ],
        [
          49.0,
          536.0
        ],
        [
          50.0,
          536.0
        ],
        [
          51.0,
          535.0
        ],
        [
          52.0,
          535.0
        ],
        [
          53.0,
          534.0
        ],
        [
          54.0,
          534.0
        ],
        [
          56.0,
          532.0
        ],
        [
          57.0,
          532.0
        ],
        [
          58.0,
          531.0
        ],
        [
          59.0,
          531.0
        ],
        [
          62.0,
          529.0
        ],
        [
          64.0,
          529.0
        ],
        [
          70.0,
          523.0
        ],
        [
          70.0,
          519.0
        ],
        [
          69.0,
          518.0
        ],
        [
          69.0,
          517.0
        ],
        [
          68.0,
          517.0
        ],
        [
          65.0,
          514.0
        ],
        [
          65.0,
          513.0
        ],
        [
          64.0,
          512.0
        ],
        [
          64.0,
          507.0
        ],
        [
          65.0,
          506.0
        ],
        [
          65.0,
          505.0
        ],
        [
          66.0,
          504.0
        ],
        [
          66.0,
          503.0
        ],
        [
          68.0,
          501.0
        ],
        [
          68.0,
          500.0
        ],
        [
          70.0,
          498.0
        ],
        [
          70.0,
          495.0
        ],
        [
          71.0,
          494.0
        ]
      ],
      "group_id": null,
      "shape_type": "polygon",
      "flags": {}
    },
    {
      "label": "potato",
      "text": "",
      "points": [
        [
          279.0,
          394.0
        ],
        [
          279.0,
          395.0
        ],
        [
          278.0,
          396.0
        ],
        [
          278.0,
          403.0
        ],
        [
          279.0,
          404.0
        ],
        [
          279.0,
          406.0
        ],
        [
          280.0,
          407.0
        ],
        [
          280.0,
          408.0
        ],
        [
          281.0,
          409.0
        ],
        [
          281.0,
          410.0
        ],
        [
          282.0,
          411.0
        ],
        [
          282.0,
          413.0
        ],
        [
          283.0,
          414.0
        ],
        [
          283.0,
          415.0
        ],
        [
          286.0,
          418.0
        ],
        [
          286.0,
          419.0
        ],
        [
          287.0,
          420.0
        ],
        [
          287.0,
          421.0
        ],
        [
          288.0,
          422.0
        ],
        [
          288.0,
          430.0
        ],
        [
          287.0,
          431.0
        ],
        [
          287.0,
          432.0
        ],
        [
          285.0,
          434.0
        ],
        [
          285.0,
          435.0
        ],
        [
          282.0,
          438.0
        ],
        [
          282.0,
          439.0
        ],
        [
          281.0,
          440.0
        ],
        [
          281.0,
          445.0
        ],
        [
          282.0,
          446.0
        ],
        [
          282.0,
          447.0
        ],
        [
          283.0,
          448.0
        ],
        [
          283.0,
          452.0
        ],
        [
          284.0,
          453.0
        ],
        [
          284.0,
          455.0
        ],
        [
          285.0,
          456.0
        ],
        [
          285.0,
          457.0
        ],
        [
          286.0,
          458.0
        ],
        [
          286.0,
          459.0
        ],
        [
          289.0,
          462.0
        ],
        [
          290.0,
          462.0
        ],
        [
          291.0,
          463.0
        ],
        [
          292.0,
          463.0
        ],
        [
          294.0,
          465.0
        ],
        [
          295.0,
          465.0
        ],
        [
          296.0,
          466.0
        ],
        [
          298.0,
          466.0
        ],
        [
          299.0,
          467.0
        ],
        [
          301.0,
          467.0
        ],
        [
          304.0,
          470.0
        ],
        [
          304.0,
          471.0
        ],
        [
          313.0,
          480.0
        ],
        [
          315.0,
          480.0
        ],
        [
          316.0,
          481.0
        ],
        [
          322.0,
          481.0
        ],
        [
          323.0,
          480.0
        ],
        [
          325.0,
          480.0
        ],
        [
          330.0,
          475.0
        ],
        [
          330.0,
          474.0
        ],
        [
          331.0,
          473.0
        ],
        [
          331.0,
          472.0
        ],
        [
          330.0,
          471.0
        ],
        [
          330.0,
          470.0
        ],
        [
          328.0,
          468.0
        ],
        [
          328.0,
          467.0
        ],
        [
          327.0,
          466.0
        ],
        [
          327.0,
          465.0
        ],
        [
          326.0,
          464.0
        ],
        [
          326.0,
          462.0
        ],
        [
          327.0,
          461.0
        ],
        [
          327.0,
          460.0
        ],
        [
          328.0,
          459.0
        ],
        [
          328.0,
          458.0
        ],
        [
          329.0,
          457.0
        ],
        [
          329.0,
          456.0
        ],
        [
          330.0,
          455.0
        ],
        [
          330.0,
          454.0
        ],
        [
          331.0,
          453.0
        ],
        [
          331.0,
          452.0
        ],
        [
          332.0,
          451.0
        ],
        [
          332.0,
          450.0
        ],
        [
          335.0,
          447.0
        ],
        [
          336.0,
          447.0
        ],
        [
          338.0,
          445.0
        ],
        [
          338.0,
          441.0
        ],
        [
          337.0,
          440.0
        ],
        [
          337.0,
          438.0
        ],
        [
          336.0,
          437.0
        ],
        [
          336.0,
          431.0
        ],
        [
          337.0,
          430.0
        ],
        [
          337.0,
          426.0
        ],
        [
          338.0,
          425.0
        ],
        [
          338.0,
          413.0
        ],
        [
          337.0,
          412.0
        ],
        [
          337.0,
          410.0
        ],
        [
          336.0,
          409.0
        ],
        [
          335.0,
          409.0
        ],
        [
          334.0,
          408.0
        ],
        [
          326.0,
          408.0
        ],
        [
          325.0,
          407.0
        ],
        [
          310.0,
          407.0
        ],
        [
          309.0,
          408.0
        ],
        [
          305.0,
          408.0
        ],
        [
          302.0,
          405.0
        ],
        [
          302.0,
          404.0
        ],
        [
          299.0,
          401.0
        ],
        [
          298.0,
          401.0
        ],
        [
          297.0,
          400.0
        ],
        [
          296.0,
          400.0
        ],
        [
          294.0,
          398.0
        ],
        [
          293.0,
          398.0
        ],
        [
          289.0,
          394.0
        ],
        [
          288.0,
          394.0
        ],
        [
          287.0,
          393.0
        ],
        [
          281.0,
          393.0
        ],
        [
          280.0,
          394.0
        ]
      ],
      "group_id": null,
      "shape_type": "polygon",
      "flags": {}
    },
    {
      "label": "potato",
      "text": "",
      "points": [
        [
          573.0,
          411.0
        ],
        [
          569.0,
          414.0
        ],
        [
          569.0,
          416.0
        ],
        [
          568.0,
          417.0
        ],
        [
          568.0,
          420.0
        ],
        [
          567.0,
          421.0
        ],
        [
          567.0,
          423.0
        ],
        [
          568.0,
          424.0
        ],
        [
          568.0,
          427.0
        ],
        [
          567.0,
          428.0
        ],
        [
          567.0,
          429.0
        ],
        [
          564.0,
          432.0
        ],
        [
          558.0,
          432.0
        ],
        [
          557.0,
          431.0
        ],
        [
          555.0,
          431.0
        ],
        [
          552.0,
          429.0
        ],
        [
          547.0,
          429.0
        ],
        [
          547.0,
          430.0
        ],
        [
          545.0,
          433.0
        ],
        [
          545.0,
          439.0
        ],
        [
          546.0,
          440.0
        ],
        [
          546.0,
          441.0
        ],
        [
          549.0,
          446.0
        ],
        [
          549.0,
          448.0
        ],
        [
          550.0,
          449.0
        ],
        [
          550.0,
          455.0
        ],
        [
          547.0,
          458.0
        ],
        [
          545.0,
          458.0
        ],
        [
          544.0,
          459.0
        ],
        [
          542.0,
          459.0
        ],
        [
          541.0,
          460.0
        ],
        [
          538.0,
          461.0
        ],
        [
          535.0,
          465.0
        ],
        [
          535.0,
          482.0
        ],
        [
          534.0,
          483.0
        ],
        [
          534.0,
          484.0
        ],
        [
          530.0,
          488.0
        ],
        [
          530.0,
          496.0
        ],
        [
          533.0,
          499.0
        ],
        [
          534.0,
          499.0
        ],
        [
          537.0,
          501.0
        ],
        [
          539.0,
          501.0
        ],
        [
          540.0,
          502.0
        ],
        [
          546.0,
          502.0
        ],
        [
          547.0,
          501.0
        ],
        [
          552.0,
          501.0
        ],
        [
          554.0,
          503.0
        ],
        [
          557.0,
          504.0
        ],
        [
          560.0,
          507.0
        ],
        [
          561.0,
          507.0
        ],
        [
          566.0,
          510.0
        ],
        [
          569.0,
          510.0
        ],
        [
          570.0,
          511.0
        ],
        [
          571.0,
          511.0
        ],
        [
          573.0,
          513.0
        ],
        [
          573.0,
          515.0
        ],
        [
          574.0,
          516.0
        ],
        [
          576.0,
          521.0
        ],
        [
          580.0,
          525.0
        ],
        [
          580.0,
          526.0
        ],
        [
          582.0,
          528.0
        ],
        [
          583.0,
          531.0
        ],
        [
          588.0,
          536.0
        ],
        [
          594.0,
          538.0
        ],
        [
          595.0,
          537.0
        ],
        [
          597.0,
          537.0
        ],
        [
          597.0,
          536.0
        ],
        [
          600.0,
          533.0
        ],
        [
          600.0,
          532.0
        ],
        [
          602.0,
          529.0
        ],
        [
          602.0,
          527.0
        ],
        [
          603.0,
          526.0
        ],
        [
          603.0,
          520.0
        ],
        [
          602.0,
          519.0
        ],
        [
          602.0,
          514.0
        ],
        [
          604.0,
          511.0
        ],
        [
          604.0,
          507.0
        ],
        [
          605.0,
          506.0
        ],
        [
          610.0,
          495.0
        ],
        [
          613.0,
          492.0
        ],
        [
          613.0,
          491.0
        ],
        [
          614.0,
          490.0
        ],
        [
          615.0,
          490.0
        ],
        [
          621.0,
          496.0
        ],
        [
          631.0,
          496.0
        ],
        [
          632.0,
          495.0
        ],
        [
          634.0,
          495.0
        ],
        [
          634.0,
          494.0
        ],
        [
          635.0,
          493.0
        ],
        [
          635.0,
          491.0
        ],
        [
          633.0,
          488.0
        ],
        [
          633.0,
          486.0
        ],
        [
          631.0,
          484.0
        ],
        [
          630.0,
          484.0
        ],
        [
          629.0,
          483.0
        ],
        [
          618.0,
          483.0
        ],
        [
          616.0,
          481.0
        ],
        [
          616.0,
          476.0
        ],
        [
          617.0,
          475.0
        ],
        [
          617.0,
          473.0
        ],
        [
          616.0,
          472.0
        ],
        [
          616.0,
          460.0
        ],
        [
          612.0,
          457.0
        ],
        [
          607.0,
          456.0
        ],
        [
          604.0,
          453.0
        ],
        [
          604.0,
          452.0
        ],
        [
          601.0,
          447.0
        ],
        [
          601.0,
          433.0
        ],
        [
          600.0,
          432.0
        ],
        [
          600.0,
          431.0
        ],
        [
          597.0,
          428.0
        ],
        [
          592.0,
          426.0
        ],
        [
          590.0,
          424.0
        ],
        [
          590.0,
          423.0
        ],
        [
          588.0,
          421.0
        ],
        [
          586.0,
          416.0
        ],
        [
          583.0,
          413.0
        ],
        [
          582.0,
          413.0
        ],
        [
          579.0,
          411.0
        ]
      ],
      "group_id": null,
      "shape_type": "polygon",
      "flags": {}
    },
    {
      "label": "weed",
      "text": "",
      "points": [
        [
          507.0,
          170.0
        ],
        [
          507.0,
          171.0
        ],
        [
          506.0,
          172.0
        ],
        [
          506.0,
          173.0
        ],
        [
          505.0,
          174.0
        ],
        [
          505.0,
          178.0
        ],
        [
          506.0,
          179.0
        ],
        [
          506.0,
          180.0
        ],
        [
          508.0,
          182.0
        ],
        [
          508.0,
          184.0
        ],
        [
          509.0,
          185.0
        ],
        [
          509.0,
          187.0
        ],
        [
          510.0,
          188.0
        ],
        [
          510.0,
          190.0
        ],
        [
          512.0,
          192.0
        ],
        [
          513.0,
          192.0
        ],
        [
          514.0,
          193.0
        ],
        [
          515.0,
          193.0
        ],
        [
          516.0,
          192.0
        ],
        [
          519.0,
          192.0
        ],
        [
          521.0,
          190.0
        ],
        [
          521.0,
          189.0
        ],
        [
          523.0,
          187.0
        ],
        [
          523.0,
          186.0
        ],
        [
          524.0,
          185.0
        ],
        [
          524.0,
          177.0
        ],
        [
          523.0,
          176.0
        ],
        [
          522.0,
          176.0
        ],
        [
          519.0,
          173.0
        ],
        [
          518.0,
          173.0
        ],
        [
          517.0,
          172.0
        ],
        [
          515.0,
          172.0
        ],
        [
          514.0,
          171.0
        ],
        [
          511.0,
          171.0
        ],
        [
          510.0,
          170.0
        ]
      ],
      "group_id": null,
      "shape_type": "polygon",
      "flags": {}
    },
    {
      "label": "weed",
      "text": "",
      "points": [
        [
          174.0,
          563.0
        ],
        [
          174.0,
          566.0
        ],
        [
          175.0,
          567.0
        ],
        [
          175.0,
          569.0
        ],
        [
          177.0,
          571.0
        ],
        [
          178.0,
          571.0
        ],
        [
          179.0,
          572.0
        ],
        [
          181.0,
          572.0
        ],
        [
          182.0,
          573.0
        ],
        [
          183.0,
          573.0
        ],
        [
          184.0,
          574.0
        ],
        [
          187.0,
          574.0
        ],
        [
          188.0,
          575.0
        ],
        [
          189.0,
          575.0
        ],
        [
          190.0,
          574.0
        ],
        [
          194.0,
          574.0
        ],
        [
          197.0,
          571.0
        ],
        [
          197.0,
          565.0
        ],
        [
          198.0,
          564.0
        ],
        [
          198.0,
          561.0
        ],
        [
          197.0,
          560.0
        ],
        [
          187.0,
          560.0
        ],
        [
          186.0,
          559.0
        ],
        [
          181.0,
          559.0
        ],
        [
          180.0,
          560.0
        ],
        [
          178.0,
          560.0
        ],
        [
          177.0,
          561.0
        ],
        [
          176.0,
          561.0
        ]
      ],
      "group_id": null,
      "shape_type": "polygon",
      "flags": {}
    },
    {
      "label": "weed",
      "text": "",
      "points": [
        [
          280.0,
          546.0
        ],
        [
          280.0,
          547.0
        ],
        [
          278.0,
          549.0
        ],
        [
          278.0,
          551.0
        ],
        [
          277.0,
          552.0
        ],
        [
          277.0,
          553.0
        ],
        [
          278.0,
          554.0
        ],
        [
          278.0,
          556.0
        ],
        [
          279.0,
          557.0
        ],
        [
          280.0,
          557.0
        ],
        [
          282.0,
          559.0
        ],
        [
          283.0,
          559.0
        ],
        [
          284.0,
          560.0
        ],
        [
          285.0,
          560.0
        ],
        [
          286.0,
          561.0
        ],
        [
          287.0,
          561.0
        ],
        [
          290.0,
          564.0
        ],
        [
          291.0,
          564.0
        ],
        [
          292.0,
          565.0
        ],
        [
          294.0,
          565.0
        ],
        [
          295.0,
          564.0
        ],
        [
          296.0,
          564.0
        ],
        [
          296.0,
          559.0
        ],
        [
          295.0,
          558.0
        ],
        [
          295.0,
          555.0
        ],
        [
          294.0,
          554.0
        ],
        [
          294.0,
          553.0
        ],
        [
          292.0,
          551.0
        ],
        [
          292.0,
          550.0
        ],
        [
          287.0,
          545.0
        ],
        [
          282.0,
          545.0
        ],
        [
          281.0,
          546.0
        ]
      ],
      "group_id": null,
      "shape_type": "polygon",
      "flags": {}
    },
    {
      "label": "weed",
      "text": "",
      "points": [
        [
          570.0,
          590.0
        ],
        [
          569.0,
          591.0
        ],
        [
          567.0,
          591.0
        ],
        [
          565.0,
          593.0
        ],
        [
          565.0,
          600.0
        ],
        [
          568.0,
          603.0
        ],
        [
          571.0,
          603.0
        ],
        [
          572.0,
          602.0
        ],
        [
          574.0,
          602.0
        ],
        [
          576.0,
          600.0
        ],
        [
          576.0,
          594.0
        ],
        [
          574.0,
          592.0
        ],
        [
          573.0,
          592.0
        ],
        [
          572.0,
          591.0
        ],
        [
          571.0,
          591.0
        ]
      ],
      "group_id": null,
      "shape_type": "polygon",
      "flags": {}
    }
  ],
  "imagePath": "..\\after_crop\\tile_7_6.jpg",
  "imageData": null,
  "imageHeight": 640,
  "imageWidth": 640
}