{
  "version": "0.3.3",
  "flags": {},
  "shapes": [
    {
      "label": "potato",
      "text": "",
      "points": [
        [
          229.0,
          238.0
        ],
        [
          223.0,
          238.0
        ],
        [
          222.0,
          239.0
        ],
        [
          221.0,
          239.0
        ],
        [
          220.0,
          240.0
        ],
        [
          219.0,
          240.0
        ],
        [
          218.0,
          241.0
        ],
        [
          217.0,
          241.0
        ],
        [
          214.0,
          244.0
        ],
        [
          214.0,
          245.0
        ],
        [
          210.0,
          249.0
        ],
        [
          209.0,
          249.0
        ],
        [
          206.0,
          246.0
        ],
        [
          206.0,
          245.0
        ],
        [
          205.0,
          244.0
        ],
        [
          205.0,
          243.0
        ],
        [
          203.0,
          241.0
        ],
        [
          202.0,
          241.0
        ],
        [
          201.0,
          240.0
        ],
        [
          194.0,
          240.0
        ],
        [
          193.0,
          241.0
        ],
        [
          191.0,
          241.0
        ],
        [
          190.0,
          242.0
        ],
        [
          189.0,
          242.0
        ],
        [
          188.0,
          243.0
        ],
        [
          187.0,
          243.0
        ],
        [
          186.0,
          244.0
        ],
        [
          185.0,
          244.0
        ],
        [
          183.0,
          246.0
        ],
        [
          182.0,
          246.0
        ],
        [
          180.0,
          248.0
        ],
        [
          179.0,
          248.0
        ],
        [
          177.0,
          250.0
        ],
        [
          176.0,
          250.0
        ],
        [
          176.0,
          251.0
        ],
        [
          173.0,
          254.0
        ],
        [
          173.0,
          255.0
        ],
        [
          171.0,
          257.0
        ],
        [
          171.0,
          261.0
        ],
        [
          172.0,
          262.0
        ],
        [
          173.0,
          262.0
        ],
        [
          179.0,
          268.0
        ],
        [
          179.0,
          271.0
        ],
        [
          177.0,
          273.0
        ],
        [
          176.0,
          273.0
        ],
        [
          174.0,
          275.0
        ],
        [
          174.0,
          276.0
        ],
        [
          172.0,
          278.0
        ],
        [
          172.0,
          279.0
        ],
        [
          171.0,
          280.0
        ],
        [
          171.0,
          281.0
        ],
        [
          170.0,
          282.0
        ],
        [
          170.0,
          285.0
        ],
        [
          177.0,
          292.0
        ],
        [
          180.0,
          292.0
        ],
        [
          181.0,
          293.0
        ],
        [
          186.0,
          293.0
        ],
        [
          188.0,
          295.0
        ],
        [
          188.0,
          296.0
        ],
        [
          189.0,
          297.0
        ],
        [
          189.0,
          300.0
        ],
        [
          192.0,
          303.0
        ],
        [
          194.0,
          303.0
        ],
        [
          195.0,
          304.0
        ],
        [
          199.0,
          304.0
        ],
        [
          202.0,
          301.0
        ],
        [
          202.0,
          298.0
        ],
        [
          204.0,
          296.0
        ],
        [
          206.0,
          296.0
        ],
        [
          207.0,
          297.0
        ],
        [
          208.0,
          297.0
        ],
        [
          209.0,
          298.0
        ],
        [
          212.0,
          298.0
        ],
        [
          213.0,
          297.0
        ],
        [
          214.0,
          297.0
        ],
        [
          217.0,
          294.0
        ],
        [
          217.0,
          285.0
        ],
        [
          218.0,
          284.0
        ],
        [
          218.0,
          283.0
        ],
        [
          219.0,
          282.0
        ],
        [
          220.0,
          282.0
        ],
        [
          223.0,
          279.0
        ],
        [
          223.0,
          278.0
        ],
        [
          224.0,
          277.0
        ],
        [
          224.0,
          276.0
        ],
        [
          225.0,
          275.0
        ],
        [
          225.0,
          274.0
        ],
        [
          227.0,
          272.0
        ],
        [
          229.0,
          272.0
        ],
        [
          230.0,
          271.0
        ],
        [
          231.0,
          271.0
        ],
        [
          233.0,
          269.0
        ],
        [
          233.0,
          268.0
        ],
        [
          234.0,
          267.0
        ],
        [
          234.0,
          266.0
        ],
        [
          235.0,
          265.0
        ],
        [
          235.0,
          260.0
        ],
        [
          234.0,
          259.0
        ],
        [
          234.0,
          251.0
        ],
        [
          235.0,
          250.0
        ],
        [
          235.0,
          248.0
        ],
        [
          234.0,
          247.0
        ],
        [
          234.0,
          244.0
        ],
        [
          232.0,
          242.0
        ],
        [
          232.0,
          241.0
        ]
      ],
      "group_id": null,
      "shape_type": "polygon",
      "flags": {}
    },
    {
      "label": "potato",
      "text": "",
      "points": [
        [
          553.0,
          104.0
        ],
        [
          547.0,
          101.0
        ],
        [
          544.0,
          98.0
        ],
        [
          542.0,
          97.0
        ],
        [
          539.0,
          97.0
        ],
        [
          536.0,
          99.0
        ],
        [
          535.0,
          101.0
        ],
        [
          535.0,
          103.0
        ],
        [
          533.0,
          105.0
        ],
        [
          530.0,
          112.0
        ],
        [
          527.0,
          115.0
        ],
        [
          523.0,
          115.0
        ],
        [
          522.0,
          114.0
        ],
        [
          520.0,
          114.0
        ],
        [
          519.0,
          113.0
        ],
        [
          516.0,
          113.0
        ],
        [
          515.0,
          112.0
        ],
        [
          510.0,
          113.0
        ],
        [
          507.0,
          116.0
        ],
        [
          506.0,
          118.0
        ],
        [
          506.0,
          120.0
        ],
        [
          505.0,
          121.0
        ],
        [
          505.0,
          123.0
        ],
        [
          500.0,
          128.0
        ],
        [
          496.0,
          128.0
        ],
        [
          495.0,
          129.0
        ],
        [
          488.0,
          128.0
        ],
        [
          484.0,
          123.0
        ],
        [
          482.0,
          122.0
        ],
        [
          477.0,
          122.0
        ],
        [
          476.0,
          123.0
        ],
        [
          474.0,
          123.0
        ],
        [
          473.0,
          124.0
        ],
        [
          468.0,
          125.0
        ],
        [
          462.0,
          132.0
        ],
        [
          460.0,
          132.0
        ],
        [
          457.0,
          135.0
        ],
        [
          453.0,
          135.0
        ],
        [
          448.0,
          132.0
        ],
        [
          445.0,
          132.0
        ],
        [
          444.0,
          131.0
        ],
        [
          439.0,
          132.0
        ],
        [
          438.0,
          133.0
        ],
        [
          438.0,
          137.0
        ],
        [
          440.0,
          141.0
        ],
        [
          442.0,
          143.0
        ],
        [
          443.0,
          146.0
        ],
        [
          445.0,
          148.0
        ],
        [
          446.0,
          151.0
        ],
        [
          448.0,
          151.0
        ],
        [
          449.0,
          152.0
        ],
        [
          452.0,
          152.0
        ],
        [
          455.0,
          155.0
        ],
        [
          458.0,
          161.0
        ],
        [
          458.0,
          166.0
        ],
        [
          452.0,
          172.0
        ],
        [
          452.0,
          173.0
        ],
        [
          449.0,
          177.0
        ],
        [
          449.0,
          184.0
        ],
        [
          451.0,
          186.0
        ],
        [
          451.0,
          187.0
        ],
        [
          455.0,
          190.0
        ],
        [
          458.0,
          190.0
        ],
        [
          459.0,
          189.0
        ],
        [
          461.0,
          189.0
        ],
        [
          467.0,
          186.0
        ],
        [
          469.0,
          184.0
        ],
        [
          473.0,
          182.0
        ],
        [
          476.0,
          179.0
        ],
        [
          479.0,
          179.0
        ],
        [
          480.0,
          178.0
        ],
        [
          486.0,
          184.0
        ],
        [
          486.0,
          185.0
        ],
        [
          489.0,
          188.0
        ],
        [
          489.0,
          189.0
        ],
        [
          492.0,
          191.0
        ],
        [
          496.0,
          191.0
        ],
        [
          499.0,
          189.0
        ],
        [
          502.0,
          189.0
        ],
        [
          503.0,
          188.0
        ],
        [
          506.0,
          192.0
        ],
        [
          506.0,
          203.0
        ],
        [
          507.0,
          205.0
        ],
        [
          509.0,
          207.0
        ],
        [
          511.0,
          207.0
        ],
        [
          515.0,
          211.0
        ],
        [
          517.0,
          212.0
        ],
        [
          522.0,
          212.0
        ],
        [
          526.0,
          208.0
        ],
        [
          526.0,
          203.0
        ],
        [
          524.0,
          200.0
        ],
        [
          524.0,
          196.0
        ],
        [
          527.0,
          190.0
        ],
        [
          531.0,
          186.0
        ],
        [
          533.0,
          185.0
        ],
        [
          536.0,
          185.0
        ],
        [
          537.0,
          184.0
        ],
        [
          540.0,
          184.0
        ],
        [
          541.0,
          183.0
        ],
        [
          543.0,
          183.0
        ],
        [
          545.0,
          182.0
        ],
        [
          547.0,
          179.0
        ],
        [
          547.0,
          176.0
        ],
        [
          548.0,
          175.0
        ],
        [
          548.0,
          173.0
        ],
        [
          547.0,
          172.0
        ],
        [
          547.0,
          169.0
        ],
        [
          544.0,
          165.0
        ],
        [
          542.0,
          165.0
        ],
        [
          538.0,
          162.0
        ],
        [
          542.0,
          159.0
        ],
        [
          545.0,
          159.0
        ],
        [
          546.0,
          158.0
        ],
        [
          551.0,
          157.0
        ],
        [
          553.0,
          155.0
        ],
        [
          554.0,
          155.0
        ],
        [
          559.0,
          150.0
        ],
        [
          559.0,
          148.0
        ],
        [
          561.0,
          145.0
        ],
        [
          561.0,
          139.0
        ],
        [
          559.0,
          137.0
        ],
        [
          557.0,
          136.0
        ],
        [
          555.0,
          136.0
        ],
        [
          551.0,
          133.0
        ],
        [
          550.0,
          133.0
        ],
        [
          548.0,
          130.0
        ],
        [
          548.0,
          126.0
        ],
        [
          549.0,
          125.0
        ],
        [
          549.0,
          116.0
        ],
        [
          550.0,
          115.0
        ],
        [
          550.0,
          113.0
        ],
        [
          552.0,
          112.0
        ],
        [
          553.0,
          110.0
        ]
      ],
      "group_id": null,
      "shape_type": "polygon",
      "flags": {}
    },
    {
      "label": "potato",
      "text": "",
      "points": [
        [
          495.0,
          353.0
        ],
        [
          491.0,
          356.0
        ],
        [
          491.0,
          362.0
        ],
        [
          490.0,
          363.0
        ],
        [
          490.0,
          365.0
        ],
        [
          487.0,
          369.0
        ],
        [
          487.0,
          370.0
        ],
        [
          481.0,
          376.0
        ],
        [
          480.0,
          376.0
        ],
        [
          479.0,
          377.0
        ],
        [
          476.0,
          377.0
        ],
        [
          475.0,
          378.0
        ],
        [
          471.0,
          378.0
        ],
        [
          470.0,
          379.0
        ],
        [
          467.0,
          380.0
        ],
        [
          464.0,
          384.0
        ],
        [
          464.0,
          387.0
        ],
        [
          463.0,
          388.0
        ],
        [
          463.0,
          394.0
        ],
        [
          464.0,
          395.0
        ],
        [
          464.0,
          397.0
        ],
        [
          465.0,
          398.0
        ],
        [
          465.0,
          399.0
        ],
        [
          469.0,
          403.0
        ],
        [
          466.0,
          408.0
        ],
        [
          466.0,
          411.0
        ],
        [
          465.0,
          412.0
        ],
        [
          464.0,
          415.0
        ],
        [
          463.0,
          416.0
        ],
        [
          460.0,
          417.0
        ],
        [
          459.0,
          418.0
        ],
        [
          459.0,
          420.0
        ],
        [
          462.0,
          424.0
        ],
        [
          463.0,
          424.0
        ],
        [
          466.0,
          426.0
        ],
        [
          466.0,
          427.0
        ],
        [
          467.0,
          428.0
        ],
        [
          467.0,
          430.0
        ],
        [
          468.0,
          431.0
        ],
        [
          468.0,
          446.0
        ],
        [
          467.0,
          447.0
        ],
        [
          467.0,
          455.0
        ],
        [
          468.0,
          456.0
        ],
        [
          468.0,
          458.0
        ],
        [
          469.0,
          459.0
        ],
        [
          469.0,
          460.0
        ],
        [
          473.0,
          464.0
        ],
        [
          474.0,
          464.0
        ],
        [
          475.0,
          465.0
        ],
        [
          481.0,
          465.0
        ],
        [
          482.0,
          464.0
        ],
        [
          483.0,
          464.0
        ],
        [
          486.0,
          460.0
        ],
        [
          489.0,
          459.0
        ],
        [
          490.0,
          460.0
        ],
        [
          491.0,
          460.0
        ],
        [
          494.0,
          463.0
        ],
        [
          494.0,
          464.0
        ],
        [
          495.0,
          465.0
        ],
        [
          496.0,
          465.0
        ],
        [
          499.0,
          467.0
        ],
        [
          503.0,
          467.0
        ],
        [
          507.0,
          464.0
        ],
        [
          507.0,
          462.0
        ],
        [
          508.0,
          461.0
        ],
        [
          508.0,
          457.0
        ],
        [
          509.0,
          456.0
        ],
        [
          509.0,
          447.0
        ],
        [
          510.0,
          446.0
        ],
        [
          511.0,
          446.0
        ],
        [
          512.0,
          447.0
        ],
        [
          518.0,
          447.0
        ],
        [
          519.0,
          446.0
        ],
        [
          522.0,
          445.0
        ],
        [
          525.0,
          440.0
        ],
        [
          525.0,
          438.0
        ],
        [
          526.0,
          437.0
        ],
        [
          526.0,
          436.0
        ],
        [
          528.0,
          434.0
        ],
        [
          535.0,
          434.0
        ],
        [
          536.0,
          435.0
        ],
        [
          538.0,
          435.0
        ],
        [
          539.0,
          436.0
        ],
        [
          544.0,
          438.0
        ],
        [
          548.0,
          442.0
        ],
        [
          548.0,
          443.0
        ],
        [
          549.0,
          444.0
        ],
        [
          554.0,
          444.0
        ],
        [
          555.0,
          443.0
        ],
        [
          561.0,
          443.0
        ],
        [
          563.0,
          441.0
        ],
        [
          563.0,
          440.0
        ],
        [
          562.0,
          439.0
        ],
        [
          561.0,
          436.0
        ],
        [
          558.0,
          433.0
        ],
        [
          558.0,
          432.0
        ],
        [
          557.0,
          431.0
        ],
        [
          557.0,
          429.0
        ],
        [
          556.0,
          428.0
        ],
        [
          556.0,
          425.0
        ],
        [
          557.0,
          424.0
        ],
        [
          557.0,
          423.0
        ],
        [
          563.0,
          417.0
        ],
        [
          564.0,
          417.0
        ],
        [
          566.0,
          415.0
        ],
        [
          566.0,
          412.0
        ],
        [
          562.0,
          409.0
        ],
        [
          554.0,
          409.0
        ],
        [
          553.0,
          408.0
        ],
        [
          552.0,
          408.0
        ],
        [
          549.0,
          410.0
        ],
        [
          547.0,
          410.0
        ],
        [
          544.0,
          412.0
        ],
        [
          537.0,
          412.0
        ],
        [
          536.0,
          411.0
        ],
        [
          533.0,
          411.0
        ],
        [
          526.0,
          405.0
        ],
        [
          525.0,
          405.0
        ],
        [
          524.0,
          404.0
        ],
        [
          522.0,
          404.0
        ],
        [
          520.0,
          401.0
        ],
        [
          520.0,
          397.0
        ],
        [
          521.0,
          396.0
        ],
        [
          521.0,
          392.0
        ],
        [
          522.0,
          391.0
        ],
        [
          522.0,
          389.0
        ],
        [
          523.0,
          388.0
        ],
        [
          523.0,
          386.0
        ],
        [
          524.0,
          385.0
        ],
        [
          524.0,
          383.0
        ],
        [
          525.0,
          382.0
        ],
        [
          525.0,
          375.0
        ],
        [
          524.0,
          374.0
        ],
        [
          523.0,
          371.0
        ],
        [
          519.0,
          368.0
        ],
        [
          515.0,
          368.0
        ],
        [
          514.0,
          367.0
        ],
        [
          511.0,
          366.0
        ],
        [
          508.0,
          363.0
        ],
        [
          507.0,
          363.0
        ],
        [
          498.0,
          354.0
        ]
      ],
      "group_id": null,
      "shape_type": "polygon",
      "flags": {}
    },
    {
      "label": "potato",
      "text": "",
      "points": [
        [
          586.0,
          493.0
        ],
        [
          584.0,
          493.0
        ],
        [
          583.0,
          492.0
        ],
        [
          579.0,
          492.0
        ],
        [
          578.0,
          491.0
        ],
        [
          569.0,
          491.0
        ],
        [
          568.0,
          492.0
        ],
        [
          564.0,
          492.0
        ],
        [
          563.0,
          493.0
        ],
        [
          561.0,
          493.0
        ],
        [
          559.0,
          494.0
        ],
        [
          555.0,
          498.0
        ],
        [
          552.0,
          498.0
        ],
        [
          551.0,
          499.0
        ],
        [
          547.0,
          499.0
        ],
        [
          545.0,
          498.0
        ],
        [
          542.0,
          494.0
        ],
        [
          542.0,
          489.0
        ],
        [
          541.0,
          488.0
        ],
        [
          541.0,
          484.0
        ],
        [
          540.0,
          483.0
        ],
        [
          540.0,
          480.0
        ],
        [
          537.0,
          476.0
        ],
        [
          532.0,
          475.0
        ],
        [
          531.0,
          476.0
        ],
        [
          529.0,
          476.0
        ],
        [
          524.0,
          479.0
        ],
        [
          522.0,
          479.0
        ],
        [
          518.0,
          481.0
        ],
        [
          516.0,
          480.0
        ],
        [
          513.0,
          480.0
        ],
        [
          507.0,
          477.0
        ],
        [
          503.0,
          477.0
        ],
        [
          502.0,
          476.0
        ],
        [
          499.0,
          476.0
        ],
        [
          498.0,
          477.0
        ],
        [
          491.0,
          477.0
        ],
        [
          489.0,
          478.0
        ],
        [
          487.0,
          481.0
        ],
        [
          487.0,
          490.0
        ],
        [
          484.0,
          493.0
        ],
        [
          480.0,
          493.0
        ],
        [
          478.0,
          495.0
        ],
        [
          477.0,
          495.0
        ],
        [
          473.0,
          501.0
        ],
        [
          473.0,
          503.0
        ],
        [
          471.0,
          506.0
        ],
        [
          470.0,
          511.0
        ],
        [
          468.0,
          514.0
        ],
        [
          468.0,
          516.0
        ],
        [
          467.0,
          517.0
        ],
        [
          466.0,
          522.0
        ],
        [
          464.0,
          524.0
        ],
        [
          456.0,
          527.0
        ],
        [
          451.0,
          533.0
        ],
        [
          449.0,
          537.0
        ],
        [
          449.0,
          539.0
        ],
        [
          448.0,
          540.0
        ],
        [
          448.0,
          547.0
        ],
        [
          451.0,
          552.0
        ],
        [
          453.0,
          552.0
        ],
        [
          454.0,
          553.0
        ],
        [
          456.0,
          552.0
        ],
        [
          463.0,
          552.0
        ],
        [
          465.0,
          553.0
        ],
        [
          467.0,
          555.0
        ],
        [
          467.0,
          557.0
        ],
        [
          468.0,
          558.0
        ],
        [
          468.0,
          565.0
        ],
        [
          469.0,
          567.0
        ],
        [
          476.0,
          573.0
        ],
        [
          480.0,
          573.0
        ],
        [
          484.0,
          569.0
        ],
        [
          488.0,
          569.0
        ],
        [
          490.0,
          572.0
        ],
        [
          491.0,
          572.0
        ],
        [
          495.0,
          575.0
        ],
        [
          499.0,
          575.0
        ],
        [
          500.0,
          576.0
        ],
        [
          505.0,
          576.0
        ],
        [
          506.0,
          575.0
        ],
        [
          514.0,
          575.0
        ],
        [
          520.0,
          572.0
        ],
        [
          524.0,
          568.0
        ],
        [
          524.0,
          567.0
        ],
        [
          529.0,
          560.0
        ],
        [
          533.0,
          560.0
        ],
        [
          540.0,
          564.0
        ],
        [
          555.0,
          564.0
        ],
        [
          559.0,
          562.0
        ],
        [
          561.0,
          560.0
        ],
        [
          561.0,
          553.0
        ],
        [
          560.0,
          552.0
        ],
        [
          554.0,
          552.0
        ],
        [
          553.0,
          551.0
        ],
        [
          551.0,
          551.0
        ],
        [
          549.0,
          549.0
        ],
        [
          549.0,
          546.0
        ],
        [
          551.0,
          544.0
        ],
        [
          555.0,
          542.0
        ],
        [
          558.0,
          539.0
        ],
        [
          560.0,
          539.0
        ],
        [
          561.0,
          540.0
        ],
        [
          565.0,
          540.0
        ],
        [
          566.0,
          541.0
        ],
        [
          574.0,
          541.0
        ],
        [
          575.0,
          539.0
        ],
        [
          575.0,
          537.0
        ],
        [
          576.0,
          536.0
        ],
        [
          576.0,
          532.0
        ],
        [
          575.0,
          530.0
        ],
        [
          571.0,
          526.0
        ],
        [
          569.0,
          522.0
        ],
        [
          569.0,
          520.0
        ],
        [
          571.0,
          516.0
        ],
        [
          578.0,
          509.0
        ],
        [
          581.0,
          508.0
        ],
        [
          583.0,
          506.0
        ],
        [
          587.0,
          504.0
        ],
        [
          588.0,
          502.0
        ],
        [
          588.0,
          496.0
        ]
      ],
      "group_id": null,
      "shape_type": "polygon",
      "flags": {}
    },
    {
      "label": "potato",
      "text": "",
      "points": [
        [
          456.0,
          634.0
        ],
        [
          456.0,
          639.0
        ],
        [
          511.0,
          639.0
        ],
        [
          512.0,
          638.0
        ],
        [
          513.0,
          638.0
        ],
        [
          513.0,
          637.0
        ],
        [
          515.0,
          635.0
        ],
        [
          515.0,
          633.0
        ],
        [
          516.0,
          632.0
        ],
        [
          516.0,
          631.0
        ],
        [
          519.0,
          628.0
        ],
        [
          519.0,
          626.0
        ],
        [
          518.0,
          625.0
        ],
        [
          518.0,
          624.0
        ],
        [
          514.0,
          620.0
        ],
        [
          513.0,
          620.0
        ],
        [
          512.0,
          619.0
        ],
        [
          511.0,
          619.0
        ],
        [
          510.0,
          618.0
        ],
        [
          499.0,
          618.0
        ],
        [
          498.0,
          617.0
        ],
        [
          497.0,
          617.0
        ],
        [
          494.0,
          614.0
        ],
        [
          493.0,
          614.0
        ],
        [
          492.0,
          613.0
        ],
        [
          490.0,
          613.0
        ],
        [
          489.0,
          612.0
        ],
        [
          484.0,
          612.0
        ],
        [
          483.0,
          613.0
        ],
        [
          483.0,
          615.0
        ],
        [
          482.0,
          616.0
        ],
        [
          482.0,
          621.0
        ],
        [
          481.0,
          622.0
        ],
        [
          481.0,
          624.0
        ],
        [
          477.0,
          628.0
        ],
        [
          476.0,
          628.0
        ],
        [
          475.0,
          627.0
        ],
        [
          472.0,
          627.0
        ],
        [
          471.0,
          628.0
        ],
        [
          463.0,
          628.0
        ],
        [
          462.0,
          629.0
        ],
        [
          461.0,
          629.0
        ]
      ],
      "group_id": null,
      "shape_type": "polygon",
      "flags": {}
    },
    {
      "label": "weed",
      "text": "",
      "points": [
        [
          242.0,
          343.0
        ],
        [
          241.0,
          343.0
        ],
        [
          240.0,
          342.0
        ],
        [
          239.0,
          342.0
        ],
        [
          238.0,
          341.0
        ],
        [
          234.0,
          341.0
        ],
        [
          233.0,
          342.0
        ],
        [
          232.0,
          342.0
        ],
        [
          231.0,
          343.0
        ],
        [
          230.0,
          343.0
        ],
        [
          229.0,
          344.0
        ],
        [
          228.0,
          344.0
        ],
        [
          223.0,
          349.0
        ],
        [
          223.0,
          353.0
        ],
        [
          222.0,
          354.0
        ],
        [
          222.0,
          358.0
        ],
        [
          221.0,
          359.0
        ],
        [
          221.0,
          360.0
        ],
        [
          220.0,
          361.0
        ],
        [
          220.0,
          362.0
        ],
        [
          218.0,
          364.0
        ],
        [
          218.0,
          366.0
        ],
        [
          217.0,
          367.0
        ],
        [
          217.0,
          370.0
        ],
        [
          216.0,
          371.0
        ],
        [
          216.0,
          372.0
        ],
        [
          217.0,
          373.0
        ],
        [
          217.0,
          374.0
        ],
        [
          221.0,
          378.0
        ],
        [
          226.0,
          378.0
        ],
        [
          227.0,
          377.0
        ],
        [
          228.0,
          377.0
        ],
        [
          229.0,
          376.0
        ],
        [
          230.0,
          376.0
        ],
        [
          235.0,
          371.0
        ],
        [
          235.0,
          370.0
        ],
        [
          237.0,
          368.0
        ],
        [
          237.0,
          367.0
        ],
        [
          243.0,
          361.0
        ],
        [
          243.0,
          360.0
        ],
        [
          244.0,
          359.0
        ],
        [
          244.0,
          358.0
        ],
        [
          245.0,
          357.0
        ],
        [
          245.0,
          349.0
        ],
        [
          244.0,
          348.0
        ],
        [
          244.0,
          346.0
        ],
        [
          243.0,
          345.0
        ],
        [
          243.0,
          344.0
        ]
      ],
      "group_id": null,
      "shape_type": "polygon",
      "flags": {}
    },
    {
      "label": "weed",
      "text": "",
      "points": [
        [
          256.0,
          406.0
        ],
        [
          256.0,
          408.0
        ],
        [
          257.0,
          408.0
        ],
        [
          259.0,
          410.0
        ],
        [
          260.0,
          410.0
        ],
        [
          261.0,
          411.0
        ],
        [
          262.0,
          411.0
        ],
        [
          263.0,
          412.0
        ],
        [
          264.0,
          412.0
        ],
        [
          265.0,
          413.0
        ],
        [
          266.0,
          413.0
        ],
        [
          271.0,
          418.0
        ],
        [
          272.0,
          418.0
        ],
        [
          273.0,
          419.0
        ],
        [
          280.0,
          419.0
        ],
        [
          281.0,
          418.0
        ],
        [
          284.0,
          418.0
        ],
        [
          285.0,
          419.0
        ],
        [
          286.0,
          419.0
        ],
        [
          289.0,
          416.0
        ],
        [
          289.0,
          415.0
        ],
        [
          290.0,
          414.0
        ],
        [
          290.0,
          412.0
        ],
        [
          291.0,
          411.0
        ],
        [
          291.0,
          410.0
        ],
        [
          290.0,
          409.0
        ],
        [
          290.0,
          408.0
        ],
        [
          289.0,
          407.0
        ],
        [
          288.0,
          407.0
        ],
        [
          286.0,
          405.0
        ],
        [
          284.0,
          405.0
        ],
        [
          280.0,
          401.0
        ],
        [
          280.0,
          400.0
        ],
        [
          278.0,
          398.0
        ],
        [
          274.0,
          398.0
        ],
        [
          273.0,
          399.0
        ],
        [
          272.0,
          399.0
        ],
        [
          270.0,
          401.0
        ],
        [
          269.0,
          401.0
        ],
        [
          268.0,
          402.0
        ],
        [
          267.0,
          402.0
        ],
        [
          266.0,
          403.0
        ],
        [
          264.0,
          403.0
        ],
        [
          263.0,
          404.0
        ],
        [
          260.0,
          404.0
        ],
        [
          259.0,
          405.0
        ],
        [
          257.0,
          405.0
        ]
      ],
      "group_id": null,
      "shape_type": "polygon",
      "flags": {}
    },
    {
      "label": "weed",
      "text": "",
      "points": [
        [
          638.0,
          518.0
        ],
        [
          637.0,
          518.0
        ],
        [
          635.0,
          520.0
        ],
        [
          632.0,
          520.0
        ],
        [
          631.0,
          521.0
        ],
        [
          629.0,
          521.0
        ],
        [
          626.0,
          524.0
        ],
        [
          626.0,
          525.0
        ],
        [
          625.0,
          526.0
        ],
        [
          625.0,
          528.0
        ],
        [
          624.0,
          529.0
        ],
        [
          624.0,
          531.0
        ],
        [
          623.0,
          532.0
        ],
        [
          623.0,
          537.0
        ],
        [
          624.0,
          538.0
        ],
        [
          624.0,
          539.0
        ],
        [
          629.0,
          544.0
        ],
        [
          632.0,
          544.0
        ],
        [
          633.0,
          545.0
        ],
        [
          638.0,
          545.0
        ],
        [
          638.0,
          543.0
        ],
        [
          639.0,
          542.0
        ],
        [
          639.0,
          520.0
        ],
        [
          638.0,
          519.0
        ]
      ],
      "group_id": null,
      "shape_type": "polygon",
      "flags": {}
    }
  ],
  "imagePath": "..\\after_crop\\tile_5_7.jpg",
  "imageData": null,
  "imageHeight": 640,
  "imageWidth": 640
}