{
  "version": "0.3.3",
  "flags": {},
  "shapes": [
    {
      "label": "potato",
      "text": "",
      "points": [
        [
          211.0,
          108.0
        ],
        [
          208.0,
          108.0
        ],
        [
          207.0,
          107.0
        ],
        [
          203.0,
          107.0
        ],
        [
          202.0,
          108.0
        ],
        [
          199.0,
          108.0
        ],
        [
          198.0,
          109.0
        ],
        [
          197.0,
          109.0
        ],
        [
          197.0,
          110.0
        ],
        [
          191.0,
          116.0
        ],
        [
          190.0,
          116.0
        ],
        [
          189.0,
          117.0
        ],
        [
          188.0,
          117.0
        ],
        [
          187.0,
          118.0
        ],
        [
          187.0,
          119.0
        ],
        [
          186.0,
          120.0
        ],
        [
          186.0,
          129.0
        ],
        [
          182.0,
          133.0
        ],
        [
          181.0,
          133.0
        ],
        [
          180.0,
          134.0
        ],
        [
          179.0,
          134.0
        ],
        [
          178.0,
          135.0
        ],
        [
          178.0,
          136.0
        ],
        [
          177.0,
          137.0
        ],
        [
          178.0,
          138.0
        ],
        [
          178.0,
          141.0
        ],
        [
          181.0,
          144.0
        ],
        [
          182.0,
          144.0
        ],
        [
          184.0,
          146.0
        ],
        [
          184.0,
          147.0
        ],
        [
          185.0,
          148.0
        ],
        [
          185.0,
          151.0
        ],
        [
          186.0,
          152.0
        ],
        [
          186.0,
          153.0
        ],
        [
          187.0,
          154.0
        ],
        [
          187.0,
          155.0
        ],
        [
          188.0,
          156.0
        ],
        [
          188.0,
          158.0
        ],
        [
          189.0,
          159.0
        ],
        [
          189.0,
          167.0
        ],
        [
          191.0,
          169.0
        ],
        [
          192.0,
          169.0
        ],
        [
          193.0,
          170.0
        ],
        [
          196.0,
          170.0
        ],
        [
          197.0,
          169.0
        ],
        [
          199.0,
          169.0
        ],
        [
          200.0,
          168.0
        ],
        [
          201.0,
          168.0
        ],
        [
          201.0,
          167.0
        ],
        [
          202.0,
          166.0
        ],
        [
          202.0,
          162.0
        ],
        [
          203.0,
          161.0
        ],
        [
          203.0,
          160.0
        ],
        [
          204.0,
          159.0
        ],
        [
          204.0,
          158.0
        ],
        [
          209.0,
          153.0
        ],
        [
          211.0,
          153.0
        ],
        [
          212.0,
          152.0
        ],
        [
          213.0,
          152.0
        ],
        [
          214.0,
          151.0
        ],
        [
          215.0,
          151.0
        ],
        [
          215.0,
          150.0
        ],
        [
          217.0,
          148.0
        ],
        [
          217.0,
          143.0
        ],
        [
          216.0,
          142.0
        ],
        [
          216.0,
          129.0
        ],
        [
          215.0,
          128.0
        ],
        [
          215.0,
          124.0
        ],
        [
          214.0,
          123.0
        ],
        [
          214.0,
          116.0
        ],
        [
          213.0,
          115.0
        ],
        [
          213.0,
          112.0
        ],
        [
          212.0,
          111.0
        ],
        [
          212.0,
          109.0
        ]
      ],
      "group_id": null,
      "shape_type": "polygon",
      "flags": {}
    },
    {
      "label": "potato",
      "text": "",
      "points": [
        [
          169.0,
          265.0
        ],
        [
          169.0,
          269.0
        ],
        [
          170.0,
          270.0
        ],
        [
          170.0,
          271.0
        ],
        [
          172.0,
          273.0
        ],
        [
          173.0,
          273.0
        ],
        [
          174.0,
          274.0
        ],
        [
          176.0,
          274.0
        ],
        [
          177.0,
          273.0
        ],
        [
          180.0,
          273.0
        ],
        [
          183.0,
          270.0
        ],
        [
          184.0,
          270.0
        ],
        [
          185.0,
          269.0
        ],
        [
          190.0,
          269.0
        ],
        [
          192.0,
          271.0
        ],
        [
          194.0,
          271.0
        ],
        [
          195.0,
          272.0
        ],
        [
          196.0,
          272.0
        ],
        [
          197.0,
          271.0
        ],
        [
          199.0,
          271.0
        ],
        [
          200.0,
          270.0
        ],
        [
          201.0,
          270.0
        ],
        [
          203.0,
          268.0
        ],
        [
          203.0,
          267.0
        ],
        [
          204.0,
          266.0
        ],
        [
          204.0,
          265.0
        ],
        [
          205.0,
          264.0
        ],
        [
          205.0,
          259.0
        ],
        [
          204.0,
          258.0
        ],
        [
          204.0,
          257.0
        ],
        [
          202.0,
          255.0
        ],
        [
          202.0,
          254.0
        ],
        [
          201.0,
          253.0
        ],
        [
          201.0,
          252.0
        ],
        [
          200.0,
          251.0
        ],
        [
          192.0,
          251.0
        ],
        [
          191.0,
          250.0
        ],
        [
          186.0,
          250.0
        ],
        [
          185.0,
          249.0
        ],
        [
          182.0,
          249.0
        ],
        [
          181.0,
          250.0
        ],
        [
          178.0,
          250.0
        ],
        [
          177.0,
          251.0
        ],
        [
          177.0,
          252.0
        ],
        [
          176.0,
          253.0
        ],
        [
          176.0,
          255.0
        ],
        [
          175.0,
          256.0
        ],
        [
          175.0,
          257.0
        ],
        [
          174.0,
          258.0
        ],
        [
          174.0,
          259.0
        ],
        [
          170.0,
          263.0
        ],
        [
          170.0,
          264.0
        ]
      ],
      "group_id": null,
      "shape_type": "polygon",
      "flags": {}
    },
    {
      "label": "potato",
      "text": "",
      "points": [
        [
          507.0,
          67.0
        ],
        [
          502.0,
          67.0
        ],
        [
          501.0,
          68.0
        ],
        [
          498.0,
          69.0
        ],
        [
          498.0,
          70.0
        ],
        [
          496.0,
          72.0
        ],
        [
          495.0,
          72.0
        ],
        [
          494.0,
          73.0
        ],
        [
          492.0,
          73.0
        ],
        [
          487.0,
          78.0
        ],
        [
          487.0,
          79.0
        ],
        [
          486.0,
          80.0
        ],
        [
          486.0,
          82.0
        ],
        [
          484.0,
          85.0
        ],
        [
          481.0,
          85.0
        ],
        [
          479.0,
          83.0
        ],
        [
          479.0,
          74.0
        ],
        [
          478.0,
          73.0
        ],
        [
          478.0,
          72.0
        ],
        [
          477.0,
          72.0
        ],
        [
          473.0,
          69.0
        ],
        [
          468.0,
          69.0
        ],
        [
          467.0,
          68.0
        ],
        [
          465.0,
          68.0
        ],
        [
          464.0,
          69.0
        ],
        [
          460.0,
          69.0
        ],
        [
          456.0,
          73.0
        ],
        [
          456.0,
          74.0
        ],
        [
          455.0,
          75.0
        ],
        [
          455.0,
          84.0
        ],
        [
          453.0,
          86.0
        ],
        [
          453.0,
          87.0
        ],
        [
          451.0,
          89.0
        ],
        [
          448.0,
          89.0
        ],
        [
          447.0,
          90.0
        ],
        [
          445.0,
          90.0
        ],
        [
          444.0,
          91.0
        ],
        [
          439.0,
          93.0
        ],
        [
          436.0,
          96.0
        ],
        [
          433.0,
          97.0
        ],
        [
          433.0,
          98.0
        ],
        [
          432.0,
          99.0
        ],
        [
          432.0,
          101.0
        ],
        [
          430.0,
          104.0
        ],
        [
          430.0,
          107.0
        ],
        [
          429.0,
          108.0
        ],
        [
          427.0,
          113.0
        ],
        [
          424.0,
          117.0
        ],
        [
          424.0,
          124.0
        ],
        [
          425.0,
          125.0
        ],
        [
          425.0,
          127.0
        ],
        [
          429.0,
          132.0
        ],
        [
          429.0,
          138.0
        ],
        [
          428.0,
          139.0
        ],
        [
          428.0,
          141.0
        ],
        [
          427.0,
          142.0
        ],
        [
          428.0,
          147.0
        ],
        [
          429.0,
          148.0
        ],
        [
          430.0,
          151.0
        ],
        [
          433.0,
          154.0
        ],
        [
          434.0,
          154.0
        ],
        [
          437.0,
          157.0
        ],
        [
          437.0,
          158.0
        ],
        [
          438.0,
          159.0
        ],
        [
          437.0,
          160.0
        ],
        [
          437.0,
          163.0
        ],
        [
          436.0,
          164.0
        ],
        [
          436.0,
          166.0
        ],
        [
          435.0,
          167.0
        ],
        [
          435.0,
          169.0
        ],
        [
          434.0,
          170.0
        ],
        [
          434.0,
          174.0
        ],
        [
          435.0,
          175.0
        ],
        [
          435.0,
          176.0
        ],
        [
          438.0,
          179.0
        ],
        [
          440.0,
          179.0
        ],
        [
          441.0,
          180.0
        ],
        [
          446.0,
          181.0
        ],
        [
          449.0,
          183.0
        ],
        [
          451.0,
          183.0
        ],
        [
          458.0,
          189.0
        ],
        [
          460.0,
          189.0
        ],
        [
          461.0,
          190.0
        ],
        [
          462.0,
          189.0
        ],
        [
          464.0,
          189.0
        ],
        [
          466.0,
          187.0
        ],
        [
          466.0,
          186.0
        ],
        [
          467.0,
          185.0
        ],
        [
          467.0,
          183.0
        ],
        [
          468.0,
          182.0
        ],
        [
          468.0,
          177.0
        ],
        [
          469.0,
          176.0
        ],
        [
          469.0,
          174.0
        ],
        [
          473.0,
          170.0
        ],
        [
          477.0,
          174.0
        ],
        [
          483.0,
          174.0
        ],
        [
          484.0,
          173.0
        ],
        [
          485.0,
          173.0
        ],
        [
          486.0,
          174.0
        ],
        [
          488.0,
          174.0
        ],
        [
          491.0,
          178.0
        ],
        [
          491.0,
          179.0
        ],
        [
          494.0,
          182.0
        ],
        [
          500.0,
          182.0
        ],
        [
          502.0,
          180.0
        ],
        [
          503.0,
          180.0
        ],
        [
          509.0,
          173.0
        ],
        [
          509.0,
          172.0
        ],
        [
          510.0,
          171.0
        ],
        [
          510.0,
          164.0
        ],
        [
          509.0,
          163.0
        ],
        [
          509.0,
          162.0
        ],
        [
          504.0,
          158.0
        ],
        [
          504.0,
          157.0
        ],
        [
          503.0,
          156.0
        ],
        [
          503.0,
          151.0
        ],
        [
          505.0,
          148.0
        ],
        [
          506.0,
          143.0
        ],
        [
          512.0,
          137.0
        ],
        [
          512.0,
          136.0
        ],
        [
          516.0,
          129.0
        ],
        [
          516.0,
          125.0
        ],
        [
          509.0,
          118.0
        ],
        [
          508.0,
          118.0
        ],
        [
          506.0,
          116.0
        ],
        [
          503.0,
          115.0
        ],
        [
          497.0,
          110.0
        ],
        [
          497.0,
          104.0
        ],
        [
          498.0,
          103.0
        ],
        [
          498.0,
          101.0
        ],
        [
          499.0,
          100.0
        ],
        [
          499.0,
          98.0
        ],
        [
          500.0,
          97.0
        ],
        [
          501.0,
          90.0
        ],
        [
          502.0,
          89.0
        ],
        [
          502.0,
          88.0
        ],
        [
          505.0,
          85.0
        ],
        [
          506.0,
          85.0
        ],
        [
          508.0,
          83.0
        ],
        [
          509.0,
          83.0
        ],
        [
          509.0,
          81.0
        ],
        [
          510.0,
          80.0
        ],
        [
          510.0,
          79.0
        ],
        [
          509.0,
          78.0
        ],
        [
          509.0,
          69.0
        ]
      ],
      "group_id": null,
      "shape_type": "polygon",
      "flags": {}
    },
    {
      "label": "potato",
      "text": "",
      "points": [
        [
          477.0,
          194.0
        ],
        [
          476.0,
          194.0
        ],
        [
          473.0,
          192.0
        ],
        [
          470.0,
          192.0
        ],
        [
          469.0,
          191.0
        ],
        [
          468.0,
          191.0
        ],
        [
          467.0,
          192.0
        ],
        [
          463.0,
          192.0
        ],
        [
          462.0,
          193.0
        ],
        [
          461.0,
          193.0
        ],
        [
          460.0,
          194.0
        ],
        [
          459.0,
          194.0
        ],
        [
          457.0,
          196.0
        ],
        [
          457.0,
          197.0
        ],
        [
          454.0,
          200.0
        ],
        [
          453.0,
          200.0
        ],
        [
          453.0,
          201.0
        ],
        [
          451.0,
          203.0
        ],
        [
          442.0,
          203.0
        ],
        [
          441.0,
          204.0
        ],
        [
          440.0,
          204.0
        ],
        [
          434.0,
          210.0
        ],
        [
          434.0,
          212.0
        ],
        [
          433.0,
          213.0
        ],
        [
          433.0,
          215.0
        ],
        [
          432.0,
          216.0
        ],
        [
          432.0,
          217.0
        ],
        [
          431.0,
          218.0
        ],
        [
          431.0,
          219.0
        ],
        [
          428.0,
          222.0
        ],
        [
          427.0,
          222.0
        ],
        [
          426.0,
          223.0
        ],
        [
          423.0,
          223.0
        ],
        [
          422.0,
          224.0
        ],
        [
          420.0,
          224.0
        ],
        [
          418.0,
          226.0
        ],
        [
          418.0,
          229.0
        ],
        [
          417.0,
          230.0
        ],
        [
          417.0,
          235.0
        ],
        [
          416.0,
          236.0
        ],
        [
          416.0,
          237.0
        ],
        [
          415.0,
          238.0
        ],
        [
          415.0,
          239.0
        ],
        [
          414.0,
          240.0
        ],
        [
          414.0,
          241.0
        ],
        [
          411.0,
          244.0
        ],
        [
          410.0,
          244.0
        ],
        [
          408.0,
          247.0
        ],
        [
          408.0,
          249.0
        ],
        [
          409.0,
          250.0
        ],
        [
          409.0,
          251.0
        ],
        [
          412.0,
          254.0
        ],
        [
          412.0,
          256.0
        ],
        [
          413.0,
          257.0
        ],
        [
          413.0,
          258.0
        ],
        [
          415.0,
          261.0
        ],
        [
          415.0,
          265.0
        ],
        [
          416.0,
          266.0
        ],
        [
          416.0,
          267.0
        ],
        [
          418.0,
          269.0
        ],
        [
          419.0,
          269.0
        ],
        [
          422.0,
          271.0
        ],
        [
          432.0,
          271.0
        ],
        [
          433.0,
          270.0
        ],
        [
          436.0,
          270.0
        ],
        [
          437.0,
          271.0
        ],
        [
          438.0,
          271.0
        ],
        [
          439.0,
          272.0
        ],
        [
          440.0,
          272.0
        ],
        [
          443.0,
          274.0
        ],
        [
          445.0,
          274.0
        ],
        [
          446.0,
          273.0
        ],
        [
          447.0,
          273.0
        ],
        [
          450.0,
          270.0
        ],
        [
          450.0,
          269.0
        ],
        [
          451.0,
          268.0
        ],
        [
          454.0,
          268.0
        ],
        [
          455.0,
          267.0
        ],
        [
          468.0,
          267.0
        ],
        [
          469.0,
          266.0
        ],
        [
          470.0,
          266.0
        ],
        [
          470.0,
          265.0
        ],
        [
          472.0,
          263.0
        ],
        [
          472.0,
          262.0
        ],
        [
          479.0,
          255.0
        ],
        [
          479.0,
          254.0
        ],
        [
          480.0,
          253.0
        ],
        [
          480.0,
          251.0
        ],
        [
          482.0,
          249.0
        ],
        [
          482.0,
          248.0
        ],
        [
          483.0,
          247.0
        ],
        [
          483.0,
          246.0
        ],
        [
          485.0,
          243.0
        ],
        [
          485.0,
          241.0
        ],
        [
          486.0,
          240.0
        ],
        [
          486.0,
          238.0
        ],
        [
          489.0,
          235.0
        ],
        [
          490.0,
          235.0
        ],
        [
          492.0,
          233.0
        ],
        [
          492.0,
          226.0
        ],
        [
          491.0,
          225.0
        ],
        [
          491.0,
          222.0
        ],
        [
          490.0,
          221.0
        ],
        [
          490.0,
          220.0
        ],
        [
          488.0,
          218.0
        ],
        [
          487.0,
          218.0
        ],
        [
          485.0,
          216.0
        ],
        [
          484.0,
          216.0
        ],
        [
          481.0,
          214.0
        ],
        [
          481.0,
          211.0
        ],
        [
          480.0,
          210.0
        ],
        [
          480.0,
          205.0
        ],
        [
          479.0,
          204.0
        ],
        [
          479.0,
          198.0
        ],
        [
          478.0,
          197.0
        ],
        [
          478.0,
          196.0
        ],
        [
          477.0,
          195.0
        ]
      ],
      "group_id": null,
      "shape_type": "polygon",
      "flags": {}
    },
    {
      "label": "potato",
      "text": "",
      "points": [
        [
          495.0,
          504.0
        ],
        [
          490.0,
          504.0
        ],
        [
          489.0,
          505.0
        ],
        [
          488.0,
          505.0
        ],
        [
          485.0,
          508.0
        ],
        [
          484.0,
          508.0
        ],
        [
          483.0,
          509.0
        ],
        [
          482.0,
          509.0
        ],
        [
          481.0,
          510.0
        ],
        [
          480.0,
          510.0
        ],
        [
          479.0,
          511.0
        ],
        [
          478.0,
          511.0
        ],
        [
          476.0,
          513.0
        ],
        [
          475.0,
          513.0
        ],
        [
          474.0,
          514.0
        ],
        [
          473.0,
          514.0
        ],
        [
          471.0,
          516.0
        ],
        [
          470.0,
          516.0
        ],
        [
          470.0,
          517.0
        ],
        [
          468.0,
          519.0
        ],
        [
          468.0,
          521.0
        ],
        [
          469.0,
          522.0
        ],
        [
          469.0,
          523.0
        ],
        [
          471.0,
          523.0
        ],
        [
          474.0,
          526.0
        ],
        [
          476.0,
          526.0
        ],
        [
          477.0,
          527.0
        ],
        [
          484.0,
          527.0
        ],
        [
          485.0,
          528.0
        ],
        [
          497.0,
          528.0
        ],
        [
          499.0,
          526.0
        ],
        [
          499.0,
          525.0
        ],
        [
          498.0,
          524.0
        ],
        [
          498.0,
          521.0
        ],
        [
          497.0,
          520.0
        ],
        [
          497.0,
          518.0
        ],
        [
          496.0,
          517.0
        ],
        [
          496.0,
          512.0
        ],
        [
          495.0,
          511.0
        ]
      ],
      "group_id": null,
      "shape_type": "polygon",
      "flags": {}
    },
    {
      "label": "potato",
      "text": "",
      "points": [
        [
          474.0,
          437.0
        ],
        [
          472.0,
          437.0
        ],
        [
          471.0,
          438.0
        ],
        [
          468.0,
          438.0
        ],
        [
          465.0,
          441.0
        ],
        [
          464.0,
          441.0
        ],
        [
          462.0,
          443.0
        ],
        [
          462.0,
          444.0
        ],
        [
          461.0,
          445.0
        ],
        [
          461.0,
          447.0
        ],
        [
          460.0,
          448.0
        ],
        [
          460.0,
          451.0
        ],
        [
          459.0,
          452.0
        ],
        [
          459.0,
          454.0
        ],
        [
          458.0,
          455.0
        ],
        [
          458.0,
          456.0
        ],
        [
          456.0,
          458.0
        ],
        [
          451.0,
          458.0
        ],
        [
          450.0,
          457.0
        ],
        [
          449.0,
          457.0
        ],
        [
          448.0,
          456.0
        ],
        [
          447.0,
          456.0
        ],
        [
          446.0,
          455.0
        ],
        [
          444.0,
          455.0
        ],
        [
          443.0,
          454.0
        ],
        [
          439.0,
          454.0
        ],
        [
          438.0,
          455.0
        ],
        [
          438.0,
          456.0
        ],
        [
          437.0,
          457.0
        ],
        [
          437.0,
          465.0
        ],
        [
          438.0,
          466.0
        ],
        [
          438.0,
          469.0
        ],
        [
          439.0,
          470.0
        ],
        [
          439.0,
          471.0
        ],
        [
          438.0,
          472.0
        ],
        [
          438.0,
          474.0
        ],
        [
          437.0,
          475.0
        ],
        [
          437.0,
          476.0
        ],
        [
          434.0,
          479.0
        ],
        [
          433.0,
          479.0
        ],
        [
          432.0,
          480.0
        ],
        [
          430.0,
          480.0
        ],
        [
          429.0,
          481.0
        ],
        [
          427.0,
          481.0
        ],
        [
          426.0,
          482.0
        ],
        [
          425.0,
          482.0
        ],
        [
          424.0,
          483.0
        ],
        [
          424.0,
          484.0
        ],
        [
          423.0,
          485.0
        ],
        [
          423.0,
          491.0
        ],
        [
          424.0,
          492.0
        ],
        [
          424.0,
          493.0
        ],
        [
          427.0,
          496.0
        ],
        [
          428.0,
          496.0
        ],
        [
          429.0,
          497.0
        ],
        [
          430.0,
          497.0
        ],
        [
          431.0,
          498.0
        ],
        [
          432.0,
          498.0
        ],
        [
          433.0,
          499.0
        ],
        [
          441.0,
          499.0
        ],
        [
          443.0,
          501.0
        ],
        [
          444.0,
          501.0
        ],
        [
          445.0,
          502.0
        ],
        [
          446.0,
          502.0
        ],
        [
          448.0,
          504.0
        ],
        [
          448.0,
          505.0
        ],
        [
          449.0,
          506.0
        ],
        [
          449.0,
          507.0
        ],
        [
          450.0,
          508.0
        ],
        [
          450.0,
          514.0
        ],
        [
          449.0,
          515.0
        ],
        [
          449.0,
          522.0
        ],
        [
          450.0,
          523.0
        ],
        [
          451.0,
          523.0
        ],
        [
          452.0,
          524.0
        ],
        [
          455.0,
          524.0
        ],
        [
          456.0,
          523.0
        ],
        [
          458.0,
          523.0
        ],
        [
          463.0,
          518.0
        ],
        [
          463.0,
          513.0
        ],
        [
          464.0,
          512.0
        ],
        [
          464.0,
          511.0
        ],
        [
          465.0,
          510.0
        ],
        [
          465.0,
          509.0
        ],
        [
          468.0,
          506.0
        ],
        [
          469.0,
          506.0
        ],
        [
          471.0,
          504.0
        ],
        [
          472.0,
          504.0
        ],
        [
          473.0,
          503.0
        ],
        [
          474.0,
          503.0
        ],
        [
          475.0,
          502.0
        ],
        [
          476.0,
          502.0
        ],
        [
          478.0,
          500.0
        ],
        [
          479.0,
          500.0
        ],
        [
          483.0,
          496.0
        ],
        [
          485.0,
          496.0
        ],
        [
          486.0,
          495.0
        ],
        [
          487.0,
          495.0
        ],
        [
          488.0,
          494.0
        ],
        [
          489.0,
          494.0
        ],
        [
          493.0,
          490.0
        ],
        [
          493.0,
          487.0
        ],
        [
          490.0,
          484.0
        ],
        [
          490.0,
          483.0
        ],
        [
          489.0,
          482.0
        ],
        [
          489.0,
          479.0
        ],
        [
          488.0,
          478.0
        ],
        [
          488.0,
          476.0
        ],
        [
          487.0,
          475.0
        ],
        [
          487.0,
          473.0
        ],
        [
          485.0,
          471.0
        ],
        [
          485.0,
          470.0
        ],
        [
          484.0,
          469.0
        ],
        [
          484.0,
          467.0
        ],
        [
          483.0,
          466.0
        ],
        [
          483.0,
          465.0
        ],
        [
          481.0,
          463.0
        ],
        [
          481.0,
          461.0
        ],
        [
          480.0,
          460.0
        ],
        [
          480.0,
          450.0
        ],
        [
          479.0,
          449.0
        ],
        [
          479.0,
          442.0
        ],
        [
          478.0,
          441.0
        ],
        [
          478.0,
          440.0
        ],
        [
          476.0,
          438.0
        ],
        [
          475.0,
          438.0
        ]
      ],
      "group_id": null,
      "shape_type": "polygon",
      "flags": {}
    },
    {
      "label": "weed",
      "text": "",
      "points": [
        [
          466.0,
          549.0
        ],
        [
          464.0,
          551.0
        ],
        [
          464.0,
          552.0
        ],
        [
          462.0,
          554.0
        ],
        [
          462.0,
          556.0
        ],
        [
          461.0,
          557.0
        ],
        [
          461.0,
          565.0
        ],
        [
          464.0,
          568.0
        ],
        [
          464.0,
          569.0
        ],
        [
          466.0,
          571.0
        ],
        [
          466.0,
          572.0
        ],
        [
          467.0,
          573.0
        ],
        [
          467.0,
          574.0
        ],
        [
          473.0,
          580.0
        ],
        [
          474.0,
          580.0
        ],
        [
          475.0,
          581.0
        ],
        [
          479.0,
          581.0
        ],
        [
          480.0,
          580.0
        ],
        [
          481.0,
          580.0
        ],
        [
          486.0,
          575.0
        ],
        [
          486.0,
          570.0
        ],
        [
          485.0,
          569.0
        ],
        [
          485.0,
          568.0
        ],
        [
          484.0,
          567.0
        ],
        [
          484.0,
          566.0
        ],
        [
          480.0,
          562.0
        ],
        [
          480.0,
          561.0
        ],
        [
          471.0,
          552.0
        ],
        [
          471.0,
          551.0
        ],
        [
          469.0,
          549.0
        ]
      ],
      "group_id": null,
      "shape_type": "polygon",
      "flags": {}
    },
    {
      "label": "weed",
      "text": "",
      "points": [
        [
          55.0,
          59.0
        ],
        [
          50.0,
          54.0
        ],
        [
          48.0,
          54.0
        ],
        [
          47.0,
          53.0
        ],
        [
          45.0,
          53.0
        ],
        [
          42.0,
          50.0
        ],
        [
          41.0,
          50.0
        ],
        [
          40.0,
          49.0
        ],
        [
          39.0,
          49.0
        ],
        [
          38.0,
          48.0
        ],
        [
          29.0,
          48.0
        ],
        [
          28.0,
          47.0
        ],
        [
          27.0,
          48.0
        ],
        [
          25.0,
          48.0
        ],
        [
          24.0,
          49.0
        ],
        [
          23.0,
          49.0
        ],
        [
          21.0,
          51.0
        ],
        [
          19.0,
          51.0
        ],
        [
          18.0,
          52.0
        ],
        [
          17.0,
          52.0
        ],
        [
          16.0,
          53.0
        ],
        [
          16.0,
          56.0
        ],
        [
          15.0,
          57.0
        ],
        [
          16.0,
          58.0
        ],
        [
          16.0,
          62.0
        ],
        [
          22.0,
          68.0
        ],
        [
          22.0,
          69.0
        ],
        [
          23.0,
          70.0
        ],
        [
          23.0,
          77.0
        ],
        [
          24.0,
          78.0
        ],
        [
          24.0,
          79.0
        ],
        [
          25.0,
          80.0
        ],
        [
          26.0,
          80.0
        ],
        [
          27.0,
          81.0
        ],
        [
          28.0,
          81.0
        ],
        [
          29.0,
          80.0
        ],
        [
          31.0,
          80.0
        ],
        [
          35.0,
          76.0
        ],
        [
          35.0,
          75.0
        ],
        [
          36.0,
          74.0
        ],
        [
          36.0,
          73.0
        ],
        [
          38.0,
          71.0
        ],
        [
          38.0,
          70.0
        ],
        [
          39.0,
          69.0
        ],
        [
          40.0,
          69.0
        ],
        [
          42.0,
          67.0
        ],
        [
          47.0,
          67.0
        ],
        [
          48.0,
          66.0
        ],
        [
          51.0,
          66.0
        ],
        [
          52.0,
          65.0
        ],
        [
          53.0,
          65.0
        ],
        [
          55.0,
          63.0
        ]
      ],
      "group_id": null,
      "shape_type": "polygon",
      "flags": {}
    },
    {
      "label": "weed",
      "text": "",
      "points": [
        [
          291.0,
          387.0
        ],
        [
          289.0,
          389.0
        ],
        [
          289.0,
          392.0
        ],
        [
          288.0,
          393.0
        ],
        [
          288.0,
          396.0
        ],
        [
          289.0,
          397.0
        ],
        [
          289.0,
          399.0
        ],
        [
          290.0,
          400.0
        ],
        [
          290.0,
          401.0
        ],
        [
          293.0,
          404.0
        ],
        [
          293.0,
          405.0
        ],
        [
          294.0,
          406.0
        ],
        [
          297.0,
          406.0
        ],
        [
          300.0,
          403.0
        ],
        [
          300.0,
          401.0
        ],
        [
          301.0,
          400.0
        ],
        [
          301.0,
          397.0
        ],
        [
          300.0,
          396.0
        ],
        [
          300.0,
          392.0
        ],
        [
          298.0,
          390.0
        ],
        [
          298.0,
          389.0
        ],
        [
          296.0,
          387.0
        ]
      ],
      "group_id": null,
      "shape_type": "polygon",
      "flags": {}
    },
    {
      "label": "potato",
      "text": "",
      "points": [
        [
          405.0,
          0.0
        ],
        [
          405.0,
          1.0
        ],
        [
          404.0,
          2.0
        ],
        [
          404.0,
          3.0
        ],
        [
          403.0,
          4.0
        ],
        [
          403.0,
          6.0
        ],
        [
          407.0,
          10.0
        ],
        [
          408.0,
          10.0
        ],
        [
          409.0,
          11.0
        ],
        [
          410.0,
          11.0
        ],
        [
          411.0,
          12.0
        ],
        [
          414.0,
          12.0
        ],
        [
          415.0,
          13.0
        ],
        [
          417.0,
          13.0
        ],
        [
          418.0,
          12.0
        ],
        [
          419.0,
          12.0
        ],
        [
          420.0,
          11.0
        ],
        [
          422.0,
          11.0
        ],
        [
          423.0,
          10.0
        ],
        [
          424.0,
          10.0
        ],
        [
          425.0,
          9.0
        ],
        [
          427.0,
          9.0
        ],
        [
          428.0,
          8.0
        ],
        [
          430.0,
          8.0
        ],
        [
          431.0,
          9.0
        ],
        [
          432.0,
          9.0
        ],
        [
          433.0,
          8.0
        ],
        [
          438.0,
          8.0
        ],
        [
          440.0,
          10.0
        ],
        [
          440.0,
          13.0
        ],
        [
          439.0,
          14.0
        ],
        [
          439.0,
          15.0
        ],
        [
          438.0,
          16.0
        ],
        [
          438.0,
          17.0
        ],
        [
          437.0,
          18.0
        ],
        [
          437.0,
          19.0
        ],
        [
          436.0,
          20.0
        ],
        [
          436.0,
          24.0
        ],
        [
          438.0,
          26.0
        ],
        [
          438.0,
          27.0
        ],
        [
          443.0,
          32.0
        ],
        [
          444.0,
          32.0
        ],
        [
          445.0,
          33.0
        ],
        [
          452.0,
          33.0
        ],
        [
          453.0,
          32.0
        ],
        [
          453.0,
          31.0
        ],
        [
          454.0,
          30.0
        ],
        [
          454.0,
          28.0
        ],
        [
          455.0,
          27.0
        ],
        [
          455.0,
          26.0
        ],
        [
          456.0,
          25.0
        ],
        [
          456.0,
          24.0
        ],
        [
          457.0,
          23.0
        ],
        [
          457.0,
          20.0
        ],
        [
          458.0,
          19.0
        ],
        [
          458.0,
          14.0
        ],
        [
          459.0,
          13.0
        ],
        [
          459.0,
          8.0
        ],
        [
          460.0,
          7.0
        ],
        [
          460.0,
          3.0
        ],
        [
          461.0,
          2.0
        ],
        [
          461.0,
          0.0
        ]
      ],
      "group_id": null,
      "shape_type": "polygon",
      "flags": {}
    },
    {
      "label": "weed",
      "text": "",
      "points": [
        [
          108.0,
          133.0
        ],
        [
          108.0,
          138.0
        ],
        [
          110.0,
          140.0
        ],
        [
          112.0,
          140.0
        ],
        [
          113.0,
          141.0
        ],
        [
          121.0,
          141.0
        ],
        [
          122.0,
          142.0
        ],
        [
          123.0,
          142.0
        ],
        [
          124.0,
          143.0
        ],
        [
          129.0,
          143.0
        ],
        [
          130.0,
          142.0
        ],
        [
          130.0,
          132.0
        ],
        [
          128.0,
          130.0
        ],
        [
          127.0,
          130.0
        ],
        [
          125.0,
          128.0
        ],
        [
          124.0,
          128.0
        ],
        [
          123.0,
          127.0
        ],
        [
          117.0,
          127.0
        ],
        [
          116.0,
          128.0
        ],
        [
          114.0,
          128.0
        ],
        [
          112.0,
          130.0
        ],
        [
          111.0,
          130.0
        ]
      ],
      "group_id": null,
      "shape_type": "polygon",
      "flags": {}
    },
    {
      "label": "weed",
      "text": "",
      "points": [
        [
          287.0,
          128.0
        ],
        [
          286.0,
          127.0
        ],
        [
          285.0,
          127.0
        ],
        [
          284.0,
          126.0
        ],
        [
          274.0,
          126.0
        ],
        [
          273.0,
          125.0
        ],
        [
          270.0,
          125.0
        ],
        [
          269.0,
          126.0
        ],
        [
          268.0,
          126.0
        ],
        [
          266.0,
          128.0
        ],
        [
          266.0,
          129.0
        ],
        [
          262.0,
          133.0
        ],
        [
          262.0,
          137.0
        ],
        [
          263.0,
          138.0
        ],
        [
          263.0,
          144.0
        ],
        [
          264.0,
          145.0
        ],
        [
          264.0,
          146.0
        ],
        [
          267.0,
          146.0
        ],
        [
          268.0,
          145.0
        ],
        [
          270.0,
          145.0
        ],
        [
          271.0,
          144.0
        ],
        [
          271.0,
          143.0
        ],
        [
          273.0,
          141.0
        ],
        [
          273.0,
          140.0
        ],
        [
          281.0,
          132.0
        ],
        [
          283.0,
          132.0
        ],
        [
          284.0,
          131.0
        ],
        [
          286.0,
          131.0
        ],
        [
          287.0,
          130.0
        ]
      ],
      "group_id": null,
      "shape_type": "polygon",
      "flags": {}
    }
  ],
  "imagePath": "..\\after_crop\\tile_5_2.jpg",
  "imageData": null,
  "imageHeight": 640,
  "imageWidth": 640
}