{
  "version": "0.3.3",
  "flags": {},
  "shapes": [
    {
      "label": "potato",
      "text": "",
      "points": [
        [
          351.0,
          252.0
        ],
        [
          349.0,
          253.0
        ],
        [
          345.0,
          258.0
        ],
        [
          344.0,
          258.0
        ],
        [
          342.0,
          262.0
        ],
        [
          341.0,
          267.0
        ],
        [
          337.0,
          271.0
        ],
        [
          335.0,
          271.0
        ],
        [
          334.0,
          272.0
        ],
        [
          326.0,
          272.0
        ],
        [
          321.0,
          275.0
        ],
        [
          321.0,
          277.0
        ],
        [
          320.0,
          278.0
        ],
        [
          320.0,
          291.0
        ],
        [
          323.0,
          299.0
        ],
        [
          323.0,
          304.0
        ],
        [
          324.0,
          305.0
        ],
        [
          324.0,
          310.0
        ],
        [
          325.0,
          311.0
        ],
        [
          325.0,
          317.0
        ],
        [
          317.0,
          325.0
        ],
        [
          315.0,
          326.0
        ],
        [
          312.0,
          326.0
        ],
        [
          308.0,
          331.0
        ],
        [
          316.0,
          338.0
        ],
        [
          316.0,
          340.0
        ],
        [
          315.0,
          342.0
        ],
        [
          312.0,
          344.0
        ],
        [
          312.0,
          345.0
        ],
        [
          306.0,
          351.0
        ],
        [
          305.0,
          353.0
        ],
        [
          305.0,
          358.0
        ],
        [
          307.0,
          362.0
        ],
        [
          312.0,
          367.0
        ],
        [
          316.0,
          367.0
        ],
        [
          321.0,
          363.0
        ],
        [
          327.0,
          354.0
        ],
        [
          328.0,
          351.0
        ],
        [
          330.0,
          349.0
        ],
        [
          332.0,
          349.0
        ],
        [
          341.0,
          357.0
        ],
        [
          344.0,
          362.0
        ],
        [
          348.0,
          364.0
        ],
        [
          351.0,
          367.0
        ],
        [
          356.0,
          376.0
        ],
        [
          365.0,
          382.0
        ],
        [
          368.0,
          385.0
        ],
        [
          373.0,
          386.0
        ],
        [
          374.0,
          385.0
        ],
        [
          383.0,
          384.0
        ],
        [
          386.0,
          381.0
        ],
        [
          391.0,
          379.0
        ],
        [
          391.0,
          377.0
        ],
        [
          392.0,
          376.0
        ],
        [
          392.0,
          368.0
        ],
        [
          391.0,
          367.0
        ],
        [
          391.0,
          364.0
        ],
        [
          399.0,
          357.0
        ],
        [
          399.0,
          355.0
        ],
        [
          400.0,
          354.0
        ],
        [
          399.0,
          352.0
        ],
        [
          399.0,
          349.0
        ],
        [
          398.0,
          348.0
        ],
        [
          398.0,
          345.0
        ],
        [
          393.0,
          337.0
        ],
        [
          393.0,
          334.0
        ],
        [
          394.0,
          333.0
        ],
        [
          398.0,
          332.0
        ],
        [
          400.0,
          333.0
        ],
        [
          405.0,
          339.0
        ],
        [
          407.0,
          340.0
        ],
        [
          410.0,
          340.0
        ],
        [
          411.0,
          339.0
        ],
        [
          411.0,
          335.0
        ],
        [
          409.0,
          332.0
        ],
        [
          409.0,
          330.0
        ],
        [
          413.0,
          326.0
        ],
        [
          416.0,
          326.0
        ],
        [
          419.0,
          328.0
        ],
        [
          419.0,
          330.0
        ],
        [
          417.0,
          334.0
        ],
        [
          417.0,
          337.0
        ],
        [
          421.0,
          342.0
        ],
        [
          423.0,
          342.0
        ],
        [
          424.0,
          343.0
        ],
        [
          426.0,
          342.0
        ],
        [
          434.0,
          342.0
        ],
        [
          438.0,
          340.0
        ],
        [
          439.0,
          338.0
        ],
        [
          439.0,
          331.0
        ],
        [
          438.0,
          330.0
        ],
        [
          438.0,
          328.0
        ],
        [
          435.0,
          325.0
        ],
        [
          432.0,
          325.0
        ],
        [
          428.0,
          322.0
        ],
        [
          427.0,
          320.0
        ],
        [
          430.0,
          312.0
        ],
        [
          429.0,
          311.0
        ],
        [
          429.0,
          309.0
        ],
        [
          425.0,
          305.0
        ],
        [
          422.0,
          299.0
        ],
        [
          422.0,
          293.0
        ],
        [
          425.0,
          290.0
        ],
        [
          427.0,
          290.0
        ],
        [
          431.0,
          288.0
        ],
        [
          436.0,
          283.0
        ],
        [
          436.0,
          282.0
        ],
        [
          432.0,
          278.0
        ],
        [
          432.0,
          276.0
        ],
        [
          430.0,
          274.0
        ],
        [
          428.0,
          274.0
        ],
        [
          427.0,
          273.0
        ],
        [
          422.0,
          273.0
        ],
        [
          421.0,
          272.0
        ],
        [
          412.0,
          274.0
        ],
        [
          409.0,
          271.0
        ],
        [
          409.0,
          270.0
        ],
        [
          401.0,
          263.0
        ],
        [
          398.0,
          263.0
        ],
        [
          395.0,
          266.0
        ],
        [
          393.0,
          266.0
        ],
        [
          387.0,
          262.0
        ],
        [
          382.0,
          256.0
        ],
        [
          378.0,
          254.0
        ],
        [
          371.0,
          254.0
        ],
        [
          370.0,
          253.0
        ],
        [
          358.0,
          254.0
        ],
        [
          355.0,
          252.0
        ]
      ],
      "group_id": null,
      "shape_type": "polygon",
      "flags": {}
    },
    {
      "label": "potato",
      "text": "",
      "points": [
        [
          625.0,
          448.0
        ],
        [
          622.0,
          451.0
        ],
        [
          622.0,
          452.0
        ],
        [
          620.0,
          454.0
        ],
        [
          620.0,
          455.0
        ],
        [
          618.0,
          457.0
        ],
        [
          618.0,
          458.0
        ],
        [
          617.0,
          459.0
        ],
        [
          617.0,
          467.0
        ],
        [
          616.0,
          468.0
        ],
        [
          616.0,
          475.0
        ],
        [
          614.0,
          478.0
        ],
        [
          611.0,
          478.0
        ],
        [
          607.0,
          474.0
        ],
        [
          605.0,
          474.0
        ],
        [
          604.0,
          473.0
        ],
        [
          601.0,
          476.0
        ],
        [
          601.0,
          477.0
        ],
        [
          597.0,
          481.0
        ],
        [
          594.0,
          481.0
        ],
        [
          593.0,
          482.0
        ],
        [
          588.0,
          482.0
        ],
        [
          587.0,
          483.0
        ],
        [
          585.0,
          483.0
        ],
        [
          583.0,
          485.0
        ],
        [
          582.0,
          485.0
        ],
        [
          579.0,
          488.0
        ],
        [
          579.0,
          490.0
        ],
        [
          581.0,
          493.0
        ],
        [
          581.0,
          495.0
        ],
        [
          582.0,
          496.0
        ],
        [
          582.0,
          497.0
        ],
        [
          587.0,
          502.0
        ],
        [
          587.0,
          505.0
        ],
        [
          581.0,
          511.0
        ],
        [
          581.0,
          512.0
        ],
        [
          578.0,
          515.0
        ],
        [
          577.0,
          515.0
        ],
        [
          572.0,
          519.0
        ],
        [
          572.0,
          520.0
        ],
        [
          571.0,
          521.0
        ],
        [
          571.0,
          524.0
        ],
        [
          575.0,
          528.0
        ],
        [
          576.0,
          528.0
        ],
        [
          577.0,
          529.0
        ],
        [
          581.0,
          529.0
        ],
        [
          582.0,
          530.0
        ],
        [
          586.0,
          530.0
        ],
        [
          587.0,
          529.0
        ],
        [
          590.0,
          529.0
        ],
        [
          592.0,
          531.0
        ],
        [
          592.0,
          532.0
        ],
        [
          594.0,
          534.0
        ],
        [
          595.0,
          534.0
        ],
        [
          596.0,
          535.0
        ],
        [
          597.0,
          535.0
        ],
        [
          604.0,
          529.0
        ],
        [
          607.0,
          529.0
        ],
        [
          608.0,
          530.0
        ],
        [
          608.0,
          539.0
        ],
        [
          609.0,
          540.0
        ],
        [
          609.0,
          542.0
        ],
        [
          610.0,
          543.0
        ],
        [
          610.0,
          544.0
        ],
        [
          614.0,
          548.0
        ],
        [
          615.0,
          548.0
        ],
        [
          617.0,
          550.0
        ],
        [
          618.0,
          550.0
        ],
        [
          623.0,
          555.0
        ],
        [
          623.0,
          556.0
        ],
        [
          624.0,
          557.0
        ],
        [
          625.0,
          560.0
        ],
        [
          627.0,
          562.0
        ],
        [
          631.0,
          562.0
        ],
        [
          634.0,
          560.0
        ],
        [
          634.0,
          556.0
        ],
        [
          635.0,
          555.0
        ],
        [
          635.0,
          551.0
        ],
        [
          638.0,
          548.0
        ],
        [
          638.0,
          545.0
        ],
        [
          639.0,
          544.0
        ],
        [
          639.0,
          481.0
        ],
        [
          638.0,
          480.0
        ],
        [
          638.0,
          478.0
        ],
        [
          634.0,
          474.0
        ],
        [
          634.0,
          473.0
        ],
        [
          633.0,
          472.0
        ],
        [
          633.0,
          470.0
        ],
        [
          632.0,
          469.0
        ],
        [
          632.0,
          468.0
        ],
        [
          631.0,
          467.0
        ],
        [
          631.0,
          465.0
        ],
        [
          630.0,
          464.0
        ],
        [
          630.0,
          451.0
        ],
        [
          628.0,
          448.0
        ]
      ],
      "group_id": null,
      "shape_type": "polygon",
      "flags": {}
    },
    {
      "label": "potato",
      "text": "",
      "points": [
        [
          428.0,
          628.0
        ],
        [
          427.0,
          627.0
        ],
        [
          427.0,
          624.0
        ],
        [
          426.0,
          623.0
        ],
        [
          426.0,
          620.0
        ],
        [
          425.0,
          619.0
        ],
        [
          425.0,
          618.0
        ],
        [
          424.0,
          618.0
        ],
        [
          423.0,
          619.0
        ],
        [
          422.0,
          619.0
        ],
        [
          421.0,
          620.0
        ],
        [
          420.0,
          620.0
        ],
        [
          419.0,
          621.0
        ],
        [
          418.0,
          621.0
        ],
        [
          417.0,
          622.0
        ],
        [
          416.0,
          621.0
        ],
        [
          415.0,
          621.0
        ],
        [
          414.0,
          620.0
        ],
        [
          413.0,
          620.0
        ],
        [
          412.0,
          619.0
        ],
        [
          411.0,
          619.0
        ],
        [
          410.0,
          618.0
        ],
        [
          401.0,
          618.0
        ],
        [
          398.0,
          621.0
        ],
        [
          397.0,
          621.0
        ],
        [
          393.0,
          625.0
        ],
        [
          392.0,
          625.0
        ],
        [
          391.0,
          626.0
        ],
        [
          383.0,
          626.0
        ],
        [
          381.0,
          624.0
        ],
        [
          379.0,
          624.0
        ],
        [
          376.0,
          621.0
        ],
        [
          375.0,
          621.0
        ],
        [
          374.0,
          620.0
        ],
        [
          372.0,
          620.0
        ],
        [
          371.0,
          619.0
        ],
        [
          366.0,
          619.0
        ],
        [
          365.0,
          620.0
        ],
        [
          364.0,
          620.0
        ],
        [
          363.0,
          621.0
        ],
        [
          362.0,
          621.0
        ],
        [
          361.0,
          622.0
        ],
        [
          359.0,
          622.0
        ],
        [
          358.0,
          623.0
        ],
        [
          353.0,
          623.0
        ],
        [
          352.0,
          624.0
        ],
        [
          351.0,
          624.0
        ],
        [
          350.0,
          625.0
        ],
        [
          349.0,
          625.0
        ],
        [
          343.0,
          631.0
        ],
        [
          342.0,
          631.0
        ],
        [
          341.0,
          632.0
        ],
        [
          340.0,
          632.0
        ],
        [
          338.0,
          634.0
        ],
        [
          336.0,
          634.0
        ],
        [
          335.0,
          635.0
        ],
        [
          333.0,
          635.0
        ],
        [
          332.0,
          636.0
        ],
        [
          330.0,
          636.0
        ],
        [
          329.0,
          637.0
        ],
        [
          328.0,
          637.0
        ],
        [
          327.0,
          638.0
        ],
        [
          326.0,
          638.0
        ],
        [
          326.0,
          639.0
        ],
        [
          426.0,
          639.0
        ],
        [
          427.0,
          638.0
        ],
        [
          427.0,
          636.0
        ],
        [
          428.0,
          635.0
        ]
      ],
      "group_id": null,
      "shape_type": "polygon",
      "flags": {}
    },
    {
      "label": "weed",
      "text": "",
      "points": [
        [
          591.0,
          225.0
        ],
        [
          590.0,
          224.0
        ],
        [
          589.0,
          224.0
        ],
        [
          588.0,
          223.0
        ],
        [
          587.0,
          223.0
        ],
        [
          586.0,
          222.0
        ],
        [
          585.0,
          222.0
        ],
        [
          583.0,
          220.0
        ],
        [
          581.0,
          220.0
        ],
        [
          580.0,
          219.0
        ],
        [
          578.0,
          219.0
        ],
        [
          577.0,
          218.0
        ],
        [
          571.0,
          218.0
        ],
        [
          570.0,
          217.0
        ],
        [
          569.0,
          217.0
        ],
        [
          568.0,
          218.0
        ],
        [
          565.0,
          218.0
        ],
        [
          563.0,
          220.0
        ],
        [
          563.0,
          221.0
        ],
        [
          562.0,
          222.0
        ],
        [
          562.0,
          224.0
        ],
        [
          561.0,
          225.0
        ],
        [
          561.0,
          227.0
        ],
        [
          560.0,
          228.0
        ],
        [
          560.0,
          241.0
        ],
        [
          562.0,
          243.0
        ],
        [
          564.0,
          243.0
        ],
        [
          565.0,
          242.0
        ],
        [
          567.0,
          242.0
        ],
        [
          568.0,
          243.0
        ],
        [
          575.0,
          243.0
        ],
        [
          579.0,
          239.0
        ],
        [
          580.0,
          239.0
        ],
        [
          581.0,
          238.0
        ],
        [
          581.0,
          234.0
        ],
        [
          583.0,
          232.0
        ],
        [
          587.0,
          232.0
        ],
        [
          588.0,
          231.0
        ],
        [
          588.0,
          230.0
        ],
        [
          589.0,
          229.0
        ],
        [
          590.0,
          229.0
        ],
        [
          591.0,
          228.0
        ]
      ],
      "group_id": null,
      "shape_type": "polygon",
      "flags": {}
    },
    {
      "label": "weed",
      "text": "",
      "points": [
        [
          58.0,
          252.0
        ],
        [
          57.0,
          253.0
        ],
        [
          57.0,
          254.0
        ],
        [
          56.0,
          255.0
        ],
        [
          56.0,
          256.0
        ],
        [
          51.0,
          261.0
        ],
        [
          50.0,
          261.0
        ],
        [
          48.0,
          263.0
        ],
        [
          48.0,
          267.0
        ],
        [
          51.0,
          270.0
        ],
        [
          51.0,
          271.0
        ],
        [
          52.0,
          272.0
        ],
        [
          52.0,
          275.0
        ],
        [
          54.0,
          277.0
        ],
        [
          55.0,
          277.0
        ],
        [
          56.0,
          278.0
        ],
        [
          59.0,
          278.0
        ],
        [
          60.0,
          277.0
        ],
        [
          61.0,
          277.0
        ],
        [
          62.0,
          276.0
        ],
        [
          63.0,
          277.0
        ],
        [
          66.0,
          277.0
        ],
        [
          67.0,
          278.0
        ],
        [
          69.0,
          278.0
        ],
        [
          70.0,
          279.0
        ],
        [
          71.0,
          279.0
        ],
        [
          73.0,
          281.0
        ],
        [
          73.0,
          282.0
        ],
        [
          74.0,
          283.0
        ],
        [
          75.0,
          283.0
        ],
        [
          76.0,
          284.0
        ],
        [
          80.0,
          284.0
        ],
        [
          80.0,
          283.0
        ],
        [
          82.0,
          281.0
        ],
        [
          83.0,
          281.0
        ],
        [
          84.0,
          280.0
        ],
        [
          88.0,
          280.0
        ],
        [
          89.0,
          279.0
        ],
        [
          90.0,
          279.0
        ],
        [
          91.0,
          278.0
        ],
        [
          91.0,
          276.0
        ],
        [
          92.0,
          275.0
        ],
        [
          92.0,
          273.0
        ],
        [
          94.0,
          271.0
        ],
        [
          95.0,
          271.0
        ],
        [
          99.0,
          267.0
        ],
        [
          99.0,
          266.0
        ],
        [
          100.0,
          265.0
        ],
        [
          100.0,
          263.0
        ],
        [
          99.0,
          263.0
        ],
        [
          98.0,
          262.0
        ],
        [
          97.0,
          262.0
        ],
        [
          96.0,
          261.0
        ],
        [
          95.0,
          261.0
        ],
        [
          94.0,
          260.0
        ],
        [
          93.0,
          260.0
        ],
        [
          92.0,
          259.0
        ],
        [
          85.0,
          259.0
        ],
        [
          82.0,
          256.0
        ],
        [
          82.0,
          255.0
        ],
        [
          81.0,
          254.0
        ],
        [
          81.0,
          253.0
        ],
        [
          80.0,
          252.0
        ],
        [
          80.0,
          251.0
        ],
        [
          79.0,
          251.0
        ],
        [
          77.0,
          249.0
        ],
        [
          75.0,
          249.0
        ],
        [
          74.0,
          248.0
        ],
        [
          69.0,
          248.0
        ],
        [
          68.0,
          249.0
        ],
        [
          66.0,
          249.0
        ],
        [
          65.0,
          250.0
        ],
        [
          63.0,
          250.0
        ],
        [
          62.0,
          251.0
        ],
        [
          60.0,
          251.0
        ],
        [
          59.0,
          252.0
        ]
      ],
      "group_id": null,
      "shape_type": "polygon",
      "flags": {}
    },
    {
      "label": "weed",
      "text": "",
      "points": [
        [
          83.0,
          320.0
        ],
        [
          81.0,
          322.0
        ],
        [
          81.0,
          324.0
        ],
        [
          80.0,
          325.0
        ],
        [
          80.0,
          331.0
        ],
        [
          76.0,
          335.0
        ],
        [
          73.0,
          335.0
        ],
        [
          70.0,
          338.0
        ],
        [
          70.0,
          342.0
        ],
        [
          71.0,
          343.0
        ],
        [
          71.0,
          345.0
        ],
        [
          74.0,
          348.0
        ],
        [
          75.0,
          348.0
        ],
        [
          76.0,
          349.0
        ],
        [
          79.0,
          349.0
        ],
        [
          80.0,
          350.0
        ],
        [
          83.0,
          350.0
        ],
        [
          88.0,
          355.0
        ],
        [
          92.0,
          355.0
        ],
        [
          96.0,
          351.0
        ],
        [
          96.0,
          344.0
        ],
        [
          95.0,
          343.0
        ],
        [
          95.0,
          341.0
        ],
        [
          94.0,
          340.0
        ],
        [
          94.0,
          339.0
        ],
        [
          93.0,
          338.0
        ],
        [
          93.0,
          331.0
        ],
        [
          94.0,
          330.0
        ],
        [
          94.0,
          323.0
        ],
        [
          93.0,
          322.0
        ],
        [
          93.0,
          321.0
        ],
        [
          91.0,
          319.0
        ],
        [
          89.0,
          319.0
        ],
        [
          88.0,
          320.0
        ]
      ],
      "group_id": null,
      "shape_type": "polygon",
      "flags": {}
    },
    {
      "label": "weed",
      "text": "",
      "points": [
        [
          64.0,
          480.0
        ],
        [
          64.0,
          481.0
        ],
        [
          63.0,
          482.0
        ],
        [
          63.0,
          489.0
        ],
        [
          65.0,
          491.0
        ],
        [
          66.0,
          491.0
        ],
        [
          67.0,
          492.0
        ],
        [
          70.0,
          492.0
        ],
        [
          71.0,
          493.0
        ],
        [
          82.0,
          493.0
        ],
        [
          83.0,
          492.0
        ],
        [
          84.0,
          492.0
        ],
        [
          86.0,
          490.0
        ],
        [
          86.0,
          489.0
        ],
        [
          87.0,
          488.0
        ],
        [
          87.0,
          485.0
        ],
        [
          88.0,
          484.0
        ],
        [
          88.0,
          483.0
        ],
        [
          89.0,
          482.0
        ],
        [
          89.0,
          479.0
        ],
        [
          87.0,
          477.0
        ],
        [
          87.0,
          476.0
        ],
        [
          86.0,
          475.0
        ],
        [
          85.0,
          475.0
        ],
        [
          84.0,
          474.0
        ],
        [
          72.0,
          474.0
        ],
        [
          71.0,
          475.0
        ],
        [
          69.0,
          475.0
        ]
      ],
      "group_id": null,
      "shape_type": "polygon",
      "flags": {}
    },
    {
      "label": "weed",
      "text": "",
      "points": [
        [
          195.0,
          411.0
        ],
        [
          191.0,
          411.0
        ],
        [
          185.0,
          417.0
        ],
        [
          185.0,
          421.0
        ],
        [
          184.0,
          422.0
        ],
        [
          184.0,
          426.0
        ],
        [
          185.0,
          427.0
        ],
        [
          185.0,
          429.0
        ],
        [
          187.0,
          431.0
        ],
        [
          188.0,
          431.0
        ],
        [
          189.0,
          432.0
        ],
        [
          192.0,
          432.0
        ],
        [
          193.0,
          431.0
        ],
        [
          195.0,
          431.0
        ],
        [
          196.0,
          430.0
        ],
        [
          199.0,
          430.0
        ],
        [
          200.0,
          429.0
        ],
        [
          201.0,
          429.0
        ],
        [
          202.0,
          428.0
        ],
        [
          203.0,
          428.0
        ],
        [
          204.0,
          427.0
        ],
        [
          204.0,
          426.0
        ],
        [
          205.0,
          425.0
        ],
        [
          205.0,
          423.0
        ],
        [
          204.0,
          422.0
        ],
        [
          204.0,
          420.0
        ],
        [
          203.0,
          419.0
        ],
        [
          203.0,
          418.0
        ],
        [
          197.0,
          412.0
        ],
        [
          196.0,
          412.0
        ]
      ],
      "group_id": null,
      "shape_type": "polygon",
      "flags": {}
    },
    {
      "label": "weed",
      "text": "",
      "points": [
        [
          337.0,
          436.0
        ],
        [
          337.0,
          440.0
        ],
        [
          338.0,
          441.0
        ],
        [
          338.0,
          442.0
        ],
        [
          339.0,
          442.0
        ],
        [
          343.0,
          446.0
        ],
        [
          344.0,
          446.0
        ],
        [
          345.0,
          447.0
        ],
        [
          346.0,
          447.0
        ],
        [
          351.0,
          452.0
        ],
        [
          351.0,
          453.0
        ],
        [
          354.0,
          456.0
        ],
        [
          355.0,
          456.0
        ],
        [
          356.0,
          457.0
        ],
        [
          357.0,
          457.0
        ],
        [
          358.0,
          458.0
        ],
        [
          359.0,
          458.0
        ],
        [
          360.0,
          459.0
        ],
        [
          361.0,
          459.0
        ],
        [
          369.0,
          451.0
        ],
        [
          370.0,
          451.0
        ],
        [
          371.0,
          450.0
        ],
        [
          372.0,
          450.0
        ],
        [
          374.0,
          448.0
        ],
        [
          375.0,
          448.0
        ],
        [
          377.0,
          446.0
        ],
        [
          377.0,
          445.0
        ],
        [
          378.0,
          444.0
        ],
        [
          378.0,
          440.0
        ],
        [
          377.0,
          439.0
        ],
        [
          377.0,
          438.0
        ],
        [
          372.0,
          433.0
        ],
        [
          356.0,
          433.0
        ],
        [
          355.0,
          432.0
        ],
        [
          351.0,
          432.0
        ],
        [
          350.0,
          431.0
        ],
        [
          346.0,
          431.0
        ],
        [
          345.0,
          432.0
        ],
        [
          343.0,
          432.0
        ],
        [
          342.0,
          433.0
        ],
        [
          340.0,
          433.0
        ]
      ],
      "group_id": null,
      "shape_type": "polygon",
      "flags": {}
    },
    {
      "label": "weed",
      "text": "",
      "points": [
        [
          417.0,
          383.0
        ],
        [
          416.0,
          384.0
        ],
        [
          415.0,
          384.0
        ],
        [
          412.0,
          387.0
        ],
        [
          412.0,
          391.0
        ],
        [
          411.0,
          392.0
        ],
        [
          411.0,
          396.0
        ],
        [
          413.0,
          398.0
        ],
        [
          414.0,
          397.0
        ],
        [
          416.0,
          397.0
        ],
        [
          417.0,
          396.0
        ],
        [
          420.0,
          399.0
        ],
        [
          420.0,
          401.0
        ],
        [
          422.0,
          401.0
        ],
        [
          422.0,
          400.0
        ],
        [
          423.0,
          399.0
        ],
        [
          423.0,
          398.0
        ],
        [
          425.0,
          396.0
        ],
        [
          425.0,
          395.0
        ],
        [
          428.0,
          392.0
        ],
        [
          428.0,
          385.0
        ],
        [
          426.0,
          383.0
        ]
      ],
      "group_id": null,
      "shape_type": "polygon",
      "flags": {}
    },
    {
      "label": "weed",
      "text": "",
      "points": [
        [
          425.0,
          354.0
        ],
        [
          424.0,
          353.0
        ],
        [
          420.0,
          353.0
        ],
        [
          419.0,
          354.0
        ],
        [
          410.0,
          354.0
        ],
        [
          409.0,
          355.0
        ],
        [
          409.0,
          356.0
        ],
        [
          407.0,
          358.0
        ],
        [
          406.0,
          358.0
        ],
        [
          405.0,
          359.0
        ],
        [
          405.0,
          360.0
        ],
        [
          404.0,
          361.0
        ],
        [
          404.0,
          362.0
        ],
        [
          403.0,
          363.0
        ],
        [
          403.0,
          367.0
        ],
        [
          402.0,
          368.0
        ],
        [
          403.0,
          369.0
        ],
        [
          403.0,
          370.0
        ],
        [
          404.0,
          371.0
        ],
        [
          404.0,
          372.0
        ],
        [
          405.0,
          372.0
        ],
        [
          406.0,
          373.0
        ],
        [
          422.0,
          373.0
        ],
        [
          423.0,
          372.0
        ],
        [
          423.0,
          368.0
        ],
        [
          424.0,
          367.0
        ],
        [
          424.0,
          361.0
        ],
        [
          425.0,
          360.0
        ]
      ],
      "group_id": null,
      "shape_type": "polygon",
      "flags": {}
    },
    {
      "label": "weed",
      "text": "",
      "points": [
        [
          236.0,
          514.0
        ],
        [
          235.0,
          514.0
        ],
        [
          234.0,
          513.0
        ],
        [
          232.0,
          515.0
        ],
        [
          230.0,
          515.0
        ],
        [
          229.0,
          516.0
        ],
        [
          225.0,
          516.0
        ],
        [
          224.0,
          517.0
        ],
        [
          223.0,
          517.0
        ],
        [
          220.0,
          520.0
        ],
        [
          220.0,
          521.0
        ],
        [
          216.0,
          525.0
        ],
        [
          216.0,
          526.0
        ],
        [
          215.0,
          527.0
        ],
        [
          215.0,
          528.0
        ],
        [
          210.0,
          533.0
        ],
        [
          209.0,
          533.0
        ],
        [
          208.0,
          534.0
        ],
        [
          208.0,
          536.0
        ],
        [
          207.0,
          537.0
        ],
        [
          208.0,
          538.0
        ],
        [
          208.0,
          540.0
        ],
        [
          209.0,
          541.0
        ],
        [
          209.0,
          546.0
        ],
        [
          208.0,
          547.0
        ],
        [
          208.0,
          551.0
        ],
        [
          207.0,
          552.0
        ],
        [
          207.0,
          553.0
        ],
        [
          208.0,
          554.0
        ],
        [
          208.0,
          556.0
        ],
        [
          210.0,
          558.0
        ],
        [
          212.0,
          556.0
        ],
        [
          212.0,
          555.0
        ],
        [
          214.0,
          553.0
        ],
        [
          214.0,
          552.0
        ],
        [
          216.0,
          550.0
        ],
        [
          218.0,
          550.0
        ],
        [
          221.0,
          553.0
        ],
        [
          221.0,
          554.0
        ],
        [
          227.0,
          560.0
        ],
        [
          229.0,
          560.0
        ],
        [
          229.0,
          559.0
        ],
        [
          228.0,
          558.0
        ],
        [
          228.0,
          557.0
        ],
        [
          226.0,
          555.0
        ],
        [
          226.0,
          554.0
        ],
        [
          223.0,
          551.0
        ],
        [
          223.0,
          550.0
        ],
        [
          222.0,
          549.0
        ],
        [
          222.0,
          548.0
        ],
        [
          221.0,
          547.0
        ],
        [
          221.0,
          546.0
        ],
        [
          220.0,
          545.0
        ],
        [
          220.0,
          544.0
        ],
        [
          219.0,
          543.0
        ],
        [
          219.0,
          540.0
        ],
        [
          220.0,
          539.0
        ],
        [
          220.0,
          538.0
        ],
        [
          221.0,
          537.0
        ],
        [
          221.0,
          536.0
        ],
        [
          223.0,
          534.0
        ],
        [
          223.0,
          533.0
        ],
        [
          224.0,
          532.0
        ],
        [
          224.0,
          531.0
        ],
        [
          226.0,
          529.0
        ],
        [
          227.0,
          529.0
        ],
        [
          228.0,
          528.0
        ],
        [
          232.0,
          528.0
        ],
        [
          234.0,
          526.0
        ],
        [
          234.0,
          525.0
        ],
        [
          239.0,
          520.0
        ],
        [
          239.0,
          518.0
        ],
        [
          238.0,
          517.0
        ],
        [
          238.0,
          516.0
        ]
      ],
      "group_id": null,
      "shape_type": "polygon",
      "flags": {}
    },
    {
      "label": "weed",
      "text": "",
      "points": [
        [
          210.0,
          555.0
        ],
        [
          209.0,
          555.0
        ],
        [
          207.0,
          553.0
        ],
        [
          203.0,
          553.0
        ],
        [
          201.0,
          555.0
        ],
        [
          200.0,
          555.0
        ],
        [
          199.0,
          556.0
        ],
        [
          198.0,
          556.0
        ],
        [
          197.0,
          557.0
        ],
        [
          192.0,
          557.0
        ],
        [
          191.0,
          558.0
        ],
        [
          188.0,
          558.0
        ],
        [
          187.0,
          559.0
        ],
        [
          187.0,
          561.0
        ],
        [
          186.0,
          562.0
        ],
        [
          186.0,
          564.0
        ],
        [
          187.0,
          565.0
        ],
        [
          187.0,
          572.0
        ],
        [
          186.0,
          573.0
        ],
        [
          186.0,
          574.0
        ],
        [
          185.0,
          575.0
        ],
        [
          185.0,
          576.0
        ],
        [
          184.0,
          577.0
        ],
        [
          184.0,
          582.0
        ],
        [
          185.0,
          583.0
        ],
        [
          186.0,
          583.0
        ],
        [
          187.0,
          584.0
        ],
        [
          205.0,
          584.0
        ],
        [
          206.0,
          583.0
        ],
        [
          207.0,
          583.0
        ],
        [
          209.0,
          581.0
        ],
        [
          210.0,
          581.0
        ],
        [
          212.0,
          579.0
        ],
        [
          212.0,
          578.0
        ],
        [
          213.0,
          577.0
        ],
        [
          213.0,
          571.0
        ],
        [
          212.0,
          570.0
        ],
        [
          212.0,
          567.0
        ],
        [
          211.0,
          566.0
        ],
        [
          211.0,
          562.0
        ],
        [
          210.0,
          561.0
        ],
        [
          210.0,
          560.0
        ],
        [
          211.0,
          559.0
        ],
        [
          211.0,
          556.0
        ]
      ],
      "group_id": null,
      "shape_type": "polygon",
      "flags": {}
    },
    {
      "label": "weed",
      "text": "",
      "points": [
        [
          176.0,
          458.0
        ],
        [
          175.0,
          459.0
        ],
        [
          175.0,
          460.0
        ],
        [
          174.0,
          461.0
        ],
        [
          174.0,
          464.0
        ],
        [
          175.0,
          465.0
        ],
        [
          175.0,
          469.0
        ],
        [
          176.0,
          470.0
        ],
        [
          176.0,
          471.0
        ],
        [
          177.0,
          472.0
        ],
        [
          178.0,
          472.0
        ],
        [
          179.0,
          471.0
        ],
        [
          181.0,
          471.0
        ],
        [
          183.0,
          469.0
        ],
        [
          184.0,
          469.0
        ],
        [
          186.0,
          467.0
        ],
        [
          186.0,
          465.0
        ],
        [
          187.0,
          464.0
        ],
        [
          187.0,
          462.0
        ],
        [
          186.0,
          461.0
        ],
        [
          184.0,
          461.0
        ],
        [
          182.0,
          459.0
        ],
        [
          180.0,
          459.0
        ],
        [
          179.0,
          458.0
        ]
      ],
      "group_id": null,
      "shape_type": "polygon",
      "flags": {}
    },
    {
      "label": "weed",
      "text": "",
      "points": [
        [
          144.0,
          533.0
        ],
        [
          144.0,
          536.0
        ],
        [
          143.0,
          537.0
        ],
        [
          143.0,
          538.0
        ],
        [
          144.0,
          539.0
        ],
        [
          144.0,
          542.0
        ],
        [
          145.0,
          542.0
        ],
        [
          147.0,
          544.0
        ],
        [
          151.0,
          544.0
        ],
        [
          152.0,
          543.0
        ],
        [
          154.0,
          543.0
        ],
        [
          155.0,
          542.0
        ],
        [
          157.0,
          542.0
        ],
        [
          157.0,
          537.0
        ],
        [
          156.0,
          536.0
        ],
        [
          156.0,
          535.0
        ],
        [
          155.0,
          534.0
        ],
        [
          155.0,
          533.0
        ],
        [
          153.0,
          531.0
        ],
        [
          147.0,
          531.0
        ],
        [
          145.0,
          533.0
        ]
      ],
      "group_id": null,
      "shape_type": "polygon",
      "flags": {}
    },
    {
      "label": "weed",
      "text": "",
      "points": [
        [
          0.0,
          503.0
        ],
        [
          0.0,
          522.0
        ],
        [
          11.0,
          522.0
        ],
        [
          12.0,
          523.0
        ],
        [
          21.0,
          523.0
        ],
        [
          22.0,
          522.0
        ],
        [
          27.0,
          522.0
        ],
        [
          25.0,
          522.0
        ],
        [
          21.0,
          518.0
        ],
        [
          21.0,
          517.0
        ],
        [
          20.0,
          516.0
        ],
        [
          20.0,
          515.0
        ],
        [
          13.0,
          508.0
        ],
        [
          12.0,
          508.0
        ],
        [
          11.0,
          507.0
        ],
        [
          10.0,
          507.0
        ],
        [
          9.0,
          506.0
        ],
        [
          8.0,
          506.0
        ],
        [
          6.0,
          504.0
        ],
        [
          5.0,
          504.0
        ],
        [
          4.0,
          503.0
        ]
      ],
      "group_id": null,
      "shape_type": "polygon",
      "flags": {}
    }
  ],
  "imagePath": "..\\after_crop\\tile_15_5.jpg",
  "imageData": null,
  "imageHeight": 640,
  "imageWidth": 640
}