{
  "version": "0.3.3",
  "flags": {},
  "shapes": [
    {
      "label": "potato",
      "text": "",
      "points": [
        [
          13.0,
          16.0
        ],
        [
          12.0,
          17.0
        ],
        [
          8.0,
          17.0
        ],
        [
          7.0,
          18.0
        ],
        [
          5.0,
          18.0
        ],
        [
          4.0,
          19.0
        ],
        [
          0.0,
          19.0
        ],
        [
          0.0,
          87.0
        ],
        [
          2.0,
          87.0
        ],
        [
          6.0,
          83.0
        ],
        [
          6.0,
          82.0
        ],
        [
          7.0,
          81.0
        ],
        [
          7.0,
          78.0
        ],
        [
          8.0,
          77.0
        ],
        [
          10.0,
          79.0
        ],
        [
          10.0,
          83.0
        ],
        [
          11.0,
          84.0
        ],
        [
          11.0,
          85.0
        ],
        [
          12.0,
          86.0
        ],
        [
          12.0,
          87.0
        ],
        [
          15.0,
          90.0
        ],
        [
          15.0,
          91.0
        ],
        [
          16.0,
          92.0
        ],
        [
          21.0,
          92.0
        ],
        [
          22.0,
          91.0
        ],
        [
          24.0,
          91.0
        ],
        [
          25.0,
          90.0
        ],
        [
          26.0,
          90.0
        ],
        [
          28.0,
          88.0
        ],
        [
          29.0,
          88.0
        ],
        [
          32.0,
          85.0
        ],
        [
          32.0,
          84.0
        ],
        [
          33.0,
          83.0
        ],
        [
          32.0,
          82.0
        ],
        [
          32.0,
          78.0
        ],
        [
          31.0,
          77.0
        ],
        [
          31.0,
          76.0
        ],
        [
          32.0,
          75.0
        ],
        [
          32.0,
          73.0
        ],
        [
          33.0,
          72.0
        ],
        [
          33.0,
          71.0
        ],
        [
          35.0,
          69.0
        ],
        [
          35.0,
          60.0
        ],
        [
          36.0,
          59.0
        ],
        [
          36.0,
          58.0
        ],
        [
          40.0,
          54.0
        ],
        [
          40.0,
          53.0
        ],
        [
          42.0,
          51.0
        ],
        [
          42.0,
          43.0
        ],
        [
          37.0,
          38.0
        ],
        [
          36.0,
          38.0
        ],
        [
          31.0,
          33.0
        ],
        [
          30.0,
          33.0
        ],
        [
          29.0,
          32.0
        ],
        [
          27.0,
          32.0
        ],
        [
          26.0,
          31.0
        ],
        [
          25.0,
          31.0
        ],
        [
          22.0,
          28.0
        ],
        [
          22.0,
          25.0
        ],
        [
          23.0,
          24.0
        ],
        [
          23.0,
          21.0
        ],
        [
          22.0,
          20.0
        ],
        [
          22.0,
          19.0
        ],
        [
          20.0,
          17.0
        ],
        [
          19.0,
          17.0
        ],
        [
          18.0,
          16.0
        ]
      ],
      "group_id": null,
      "shape_type": "polygon",
      "flags": {}
    },
    {
      "label": "potato",
      "text": "",
      "points": [
        [
          0.0,
          146.0
        ],
        [
          0.0,
          233.0
        ],
        [
          1.0,
          233.0
        ],
        [
          2.0,
          232.0
        ],
        [
          3.0,
          232.0
        ],
        [
          7.0,
          228.0
        ],
        [
          7.0,
          227.0
        ],
        [
          8.0,
          226.0
        ],
        [
          8.0,
          220.0
        ],
        [
          7.0,
          219.0
        ],
        [
          7.0,
          214.0
        ],
        [
          8.0,
          213.0
        ],
        [
          8.0,
          211.0
        ],
        [
          12.0,
          207.0
        ],
        [
          14.0,
          207.0
        ],
        [
          15.0,
          206.0
        ],
        [
          17.0,
          206.0
        ],
        [
          20.0,
          203.0
        ],
        [
          20.0,
          202.0
        ],
        [
          21.0,
          201.0
        ],
        [
          21.0,
          197.0
        ],
        [
          22.0,
          196.0
        ],
        [
          22.0,
          195.0
        ],
        [
          21.0,
          194.0
        ],
        [
          21.0,
          190.0
        ],
        [
          20.0,
          189.0
        ],
        [
          20.0,
          188.0
        ],
        [
          19.0,
          187.0
        ],
        [
          19.0,
          186.0
        ],
        [
          17.0,
          184.0
        ],
        [
          17.0,
          180.0
        ],
        [
          18.0,
          179.0
        ],
        [
          18.0,
          177.0
        ],
        [
          19.0,
          176.0
        ],
        [
          19.0,
          175.0
        ],
        [
          20.0,
          174.0
        ],
        [
          20.0,
          172.0
        ],
        [
          21.0,
          171.0
        ],
        [
          21.0,
          170.0
        ],
        [
          20.0,
          169.0
        ],
        [
          20.0,
          168.0
        ],
        [
          18.0,
          166.0
        ],
        [
          17.0,
          166.0
        ],
        [
          16.0,
          165.0
        ],
        [
          14.0,
          165.0
        ],
        [
          13.0,
          164.0
        ],
        [
          12.0,
          164.0
        ],
        [
          11.0,
          163.0
        ],
        [
          10.0,
          163.0
        ],
        [
          9.0,
          162.0
        ],
        [
          9.0,
          161.0
        ],
        [
          7.0,
          159.0
        ],
        [
          7.0,
          156.0
        ],
        [
          6.0,
          155.0
        ],
        [
          6.0,
          152.0
        ],
        [
          5.0,
          151.0
        ],
        [
          5.0,
          150.0
        ],
        [
          4.0,
          149.0
        ],
        [
          4.0,
          148.0
        ],
        [
          3.0,
          147.0
        ],
        [
          2.0,
          147.0
        ],
        [
          1.0,
          146.0
        ]
      ],
      "group_id": null,
      "shape_type": "polygon",
      "flags": {}
    },
    {
      "label": "potato",
      "text": "",
      "points": [
        [
          8.0,
          322.0
        ],
        [
          7.0,
          323.0
        ],
        [
          5.0,
          323.0
        ],
        [
          3.0,
          325.0
        ],
        [
          3.0,
          327.0
        ],
        [
          2.0,
          328.0
        ],
        [
          2.0,
          329.0
        ],
        [
          1.0,
          330.0
        ],
        [
          0.0,
          330.0
        ],
        [
          0.0,
          448.0
        ],
        [
          7.0,
          448.0
        ],
        [
          8.0,
          449.0
        ],
        [
          11.0,
          449.0
        ],
        [
          12.0,
          450.0
        ],
        [
          23.0,
          450.0
        ],
        [
          24.0,
          449.0
        ],
        [
          27.0,
          448.0
        ],
        [
          29.0,
          446.0
        ],
        [
          29.0,
          445.0
        ],
        [
          31.0,
          442.0
        ],
        [
          31.0,
          430.0
        ],
        [
          32.0,
          429.0
        ],
        [
          32.0,
          424.0
        ],
        [
          33.0,
          423.0
        ],
        [
          33.0,
          422.0
        ],
        [
          34.0,
          421.0
        ],
        [
          36.0,
          416.0
        ],
        [
          38.0,
          414.0
        ],
        [
          38.0,
          413.0
        ],
        [
          35.0,
          411.0
        ],
        [
          34.0,
          411.0
        ],
        [
          33.0,
          412.0
        ],
        [
          31.0,
          412.0
        ],
        [
          30.0,
          411.0
        ],
        [
          29.0,
          411.0
        ],
        [
          27.0,
          408.0
        ],
        [
          27.0,
          406.0
        ],
        [
          29.0,
          404.0
        ],
        [
          29.0,
          403.0
        ],
        [
          31.0,
          401.0
        ],
        [
          32.0,
          401.0
        ],
        [
          33.0,
          400.0
        ],
        [
          33.0,
          399.0
        ],
        [
          35.0,
          397.0
        ],
        [
          36.0,
          397.0
        ],
        [
          39.0,
          394.0
        ],
        [
          42.0,
          394.0
        ],
        [
          43.0,
          393.0
        ],
        [
          45.0,
          393.0
        ],
        [
          46.0,
          392.0
        ],
        [
          47.0,
          392.0
        ],
        [
          49.0,
          390.0
        ],
        [
          49.0,
          388.0
        ],
        [
          50.0,
          387.0
        ],
        [
          50.0,
          385.0
        ],
        [
          49.0,
          384.0
        ],
        [
          49.0,
          382.0
        ],
        [
          47.0,
          380.0
        ],
        [
          48.0,
          379.0
        ],
        [
          51.0,
          378.0
        ],
        [
          53.0,
          376.0
        ],
        [
          53.0,
          374.0
        ],
        [
          54.0,
          373.0
        ],
        [
          54.0,
          365.0
        ],
        [
          52.0,
          362.0
        ],
        [
          51.0,
          362.0
        ],
        [
          50.0,
          361.0
        ],
        [
          48.0,
          361.0
        ],
        [
          47.0,
          360.0
        ],
        [
          30.0,
          360.0
        ],
        [
          27.0,
          363.0
        ],
        [
          26.0,
          363.0
        ],
        [
          24.0,
          365.0
        ],
        [
          22.0,
          365.0
        ],
        [
          21.0,
          366.0
        ],
        [
          19.0,
          366.0
        ],
        [
          17.0,
          364.0
        ],
        [
          17.0,
          359.0
        ],
        [
          18.0,
          358.0
        ],
        [
          18.0,
          356.0
        ],
        [
          19.0,
          355.0
        ],
        [
          19.0,
          350.0
        ],
        [
          22.0,
          345.0
        ],
        [
          22.0,
          327.0
        ],
        [
          17.0,
          323.0
        ],
        [
          14.0,
          323.0
        ],
        [
          13.0,
          322.0
        ]
      ],
      "group_id": null,
      "shape_type": "polygon",
      "flags": {}
    },
    {
      "label": "potato",
      "text": "",
      "points": [
        [
          232.0,
          18.0
        ],
        [
          232.0,
          27.0
        ],
        [
          233.0,
          28.0
        ],
        [
          233.0,
          29.0
        ],
        [
          235.0,
          31.0
        ],
        [
          236.0,
          31.0
        ],
        [
          237.0,
          32.0
        ],
        [
          240.0,
          32.0
        ],
        [
          241.0,
          31.0
        ],
        [
          243.0,
          31.0
        ],
        [
          244.0,
          30.0
        ],
        [
          246.0,
          30.0
        ],
        [
          247.0,
          29.0
        ],
        [
          248.0,
          29.0
        ],
        [
          249.0,
          28.0
        ],
        [
          253.0,
          28.0
        ],
        [
          254.0,
          27.0
        ],
        [
          261.0,
          27.0
        ],
        [
          264.0,
          30.0
        ],
        [
          264.0,
          32.0
        ],
        [
          265.0,
          33.0
        ],
        [
          265.0,
          35.0
        ],
        [
          266.0,
          36.0
        ],
        [
          266.0,
          37.0
        ],
        [
          271.0,
          42.0
        ],
        [
          278.0,
          42.0
        ],
        [
          279.0,
          41.0
        ],
        [
          284.0,
          41.0
        ],
        [
          285.0,
          40.0
        ],
        [
          287.0,
          40.0
        ],
        [
          288.0,
          39.0
        ],
        [
          289.0,
          39.0
        ],
        [
          290.0,
          38.0
        ],
        [
          291.0,
          38.0
        ],
        [
          292.0,
          37.0
        ],
        [
          292.0,
          36.0
        ],
        [
          295.0,
          33.0
        ],
        [
          295.0,
          26.0
        ],
        [
          293.0,
          24.0
        ],
        [
          292.0,
          24.0
        ],
        [
          290.0,
          22.0
        ],
        [
          289.0,
          22.0
        ],
        [
          288.0,
          21.0
        ],
        [
          287.0,
          21.0
        ],
        [
          286.0,
          20.0
        ],
        [
          285.0,
          20.0
        ],
        [
          282.0,
          17.0
        ],
        [
          282.0,
          16.0
        ],
        [
          281.0,
          15.0
        ],
        [
          281.0,
          11.0
        ],
        [
          282.0,
          10.0
        ],
        [
          282.0,
          9.0
        ],
        [
          286.0,
          5.0
        ],
        [
          286.0,
          4.0
        ],
        [
          288.0,
          2.0
        ],
        [
          288.0,
          0.0
        ],
        [
          248.0,
          0.0
        ],
        [
          247.0,
          1.0
        ],
        [
          247.0,
          2.0
        ],
        [
          246.0,
          3.0
        ],
        [
          245.0,
          3.0
        ],
        [
          243.0,
          5.0
        ],
        [
          242.0,
          5.0
        ],
        [
          241.0,
          6.0
        ],
        [
          240.0,
          6.0
        ],
        [
          238.0,
          8.0
        ],
        [
          237.0,
          8.0
        ],
        [
          237.0,
          9.0
        ],
        [
          235.0,
          11.0
        ],
        [
          235.0,
          12.0
        ],
        [
          234.0,
          13.0
        ],
        [
          234.0,
          15.0
        ],
        [
          233.0,
          16.0
        ],
        [
          233.0,
          17.0
        ]
      ],
      "group_id": null,
      "shape_type": "polygon",
      "flags": {}
    },
    {
      "label": "potato",
      "text": "",
      "points": [
        [
          253.0,
          81.0
        ],
        [
          251.0,
          83.0
        ],
        [
          251.0,
          98.0
        ],
        [
          250.0,
          99.0
        ],
        [
          249.0,
          99.0
        ],
        [
          247.0,
          101.0
        ],
        [
          247.0,
          102.0
        ],
        [
          246.0,
          103.0
        ],
        [
          246.0,
          104.0
        ],
        [
          245.0,
          105.0
        ],
        [
          245.0,
          108.0
        ],
        [
          244.0,
          109.0
        ],
        [
          244.0,
          115.0
        ],
        [
          245.0,
          116.0
        ],
        [
          245.0,
          120.0
        ],
        [
          241.0,
          124.0
        ],
        [
          238.0,
          124.0
        ],
        [
          237.0,
          125.0
        ],
        [
          234.0,
          125.0
        ],
        [
          232.0,
          127.0
        ],
        [
          232.0,
          130.0
        ],
        [
          233.0,
          131.0
        ],
        [
          233.0,
          132.0
        ],
        [
          234.0,
          133.0
        ],
        [
          234.0,
          134.0
        ],
        [
          237.0,
          137.0
        ],
        [
          237.0,
          138.0
        ],
        [
          245.0,
          146.0
        ],
        [
          245.0,
          147.0
        ],
        [
          249.0,
          151.0
        ],
        [
          250.0,
          151.0
        ],
        [
          252.0,
          153.0
        ],
        [
          253.0,
          153.0
        ],
        [
          255.0,
          155.0
        ],
        [
          258.0,
          155.0
        ],
        [
          259.0,
          154.0
        ],
        [
          260.0,
          154.0
        ],
        [
          261.0,
          153.0
        ],
        [
          261.0,
          152.0
        ],
        [
          262.0,
          151.0
        ],
        [
          262.0,
          140.0
        ],
        [
          264.0,
          138.0
        ],
        [
          273.0,
          138.0
        ],
        [
          274.0,
          137.0
        ],
        [
          275.0,
          137.0
        ],
        [
          277.0,
          135.0
        ],
        [
          277.0,
          134.0
        ],
        [
          278.0,
          133.0
        ],
        [
          278.0,
          121.0
        ],
        [
          277.0,
          120.0
        ],
        [
          277.0,
          118.0
        ],
        [
          276.0,
          117.0
        ],
        [
          276.0,
          116.0
        ],
        [
          275.0,
          115.0
        ],
        [
          275.0,
          111.0
        ],
        [
          276.0,
          110.0
        ],
        [
          276.0,
          109.0
        ],
        [
          277.0,
          108.0
        ],
        [
          277.0,
          104.0
        ],
        [
          276.0,
          103.0
        ],
        [
          276.0,
          101.0
        ],
        [
          274.0,
          99.0
        ],
        [
          274.0,
          98.0
        ],
        [
          273.0,
          97.0
        ],
        [
          273.0,
          96.0
        ],
        [
          271.0,
          94.0
        ],
        [
          271.0,
          93.0
        ],
        [
          270.0,
          93.0
        ],
        [
          263.0,
          86.0
        ],
        [
          263.0,
          85.0
        ],
        [
          261.0,
          83.0
        ],
        [
          260.0,
          83.0
        ],
        [
          259.0,
          82.0
        ],
        [
          257.0,
          82.0
        ],
        [
          256.0,
          81.0
        ]
      ],
      "group_id": null,
      "shape_type": "polygon",
      "flags": {}
    },
    {
      "label": "potato",
      "text": "",
      "points": [
        [
          574.0,
          100.0
        ],
        [
          572.0,
          104.0
        ],
        [
          572.0,
          106.0
        ],
        [
          571.0,
          107.0
        ],
        [
          570.0,
          122.0
        ],
        [
          567.0,
          126.0
        ],
        [
          563.0,
          127.0
        ],
        [
          561.0,
          125.0
        ],
        [
          557.0,
          123.0
        ],
        [
          552.0,
          118.0
        ],
        [
          546.0,
          120.0
        ],
        [
          543.0,
          123.0
        ],
        [
          541.0,
          128.0
        ],
        [
          536.0,
          132.0
        ],
        [
          536.0,
          133.0
        ],
        [
          529.0,
          140.0
        ],
        [
          529.0,
          141.0
        ],
        [
          526.0,
          144.0
        ],
        [
          526.0,
          145.0
        ],
        [
          519.0,
          152.0
        ],
        [
          518.0,
          152.0
        ],
        [
          514.0,
          148.0
        ],
        [
          512.0,
          152.0
        ],
        [
          512.0,
          155.0
        ],
        [
          510.0,
          157.0
        ],
        [
          502.0,
          157.0
        ],
        [
          498.0,
          159.0
        ],
        [
          496.0,
          163.0
        ],
        [
          496.0,
          167.0
        ],
        [
          498.0,
          169.0
        ],
        [
          502.0,
          170.0
        ],
        [
          504.0,
          172.0
        ],
        [
          506.0,
          172.0
        ],
        [
          510.0,
          174.0
        ],
        [
          513.0,
          178.0
        ],
        [
          513.0,
          181.0
        ],
        [
          514.0,
          183.0
        ],
        [
          519.0,
          189.0
        ],
        [
          519.0,
          193.0
        ],
        [
          518.0,
          194.0
        ],
        [
          518.0,
          196.0
        ],
        [
          509.0,
          205.0
        ],
        [
          508.0,
          205.0
        ],
        [
          505.0,
          208.0
        ],
        [
          502.0,
          209.0
        ],
        [
          500.0,
          211.0
        ],
        [
          500.0,
          212.0
        ],
        [
          502.0,
          214.0
        ],
        [
          506.0,
          214.0
        ],
        [
          507.0,
          213.0
        ],
        [
          511.0,
          213.0
        ],
        [
          512.0,
          212.0
        ],
        [
          519.0,
          212.0
        ],
        [
          520.0,
          211.0
        ],
        [
          524.0,
          210.0
        ],
        [
          526.0,
          208.0
        ],
        [
          530.0,
          207.0
        ],
        [
          531.0,
          208.0
        ],
        [
          536.0,
          209.0
        ],
        [
          539.0,
          211.0
        ],
        [
          547.0,
          213.0
        ],
        [
          550.0,
          216.0
        ],
        [
          553.0,
          222.0
        ],
        [
          555.0,
          222.0
        ],
        [
          562.0,
          226.0
        ],
        [
          564.0,
          226.0
        ],
        [
          565.0,
          227.0
        ],
        [
          572.0,
          227.0
        ],
        [
          574.0,
          226.0
        ],
        [
          578.0,
          230.0
        ],
        [
          579.0,
          230.0
        ],
        [
          582.0,
          233.0
        ],
        [
          582.0,
          234.0
        ],
        [
          586.0,
          236.0
        ],
        [
          587.0,
          235.0
        ],
        [
          589.0,
          235.0
        ],
        [
          597.0,
          229.0
        ],
        [
          602.0,
          227.0
        ],
        [
          606.0,
          223.0
        ],
        [
          606.0,
          213.0
        ],
        [
          607.0,
          211.0
        ],
        [
          610.0,
          208.0
        ],
        [
          617.0,
          206.0
        ],
        [
          620.0,
          203.0
        ],
        [
          625.0,
          201.0
        ],
        [
          628.0,
          198.0
        ],
        [
          629.0,
          198.0
        ],
        [
          634.0,
          192.0
        ],
        [
          635.0,
          189.0
        ],
        [
          629.0,
          184.0
        ],
        [
          628.0,
          182.0
        ],
        [
          628.0,
          177.0
        ],
        [
          627.0,
          176.0
        ],
        [
          621.0,
          175.0
        ],
        [
          620.0,
          174.0
        ],
        [
          615.0,
          173.0
        ],
        [
          612.0,
          171.0
        ],
        [
          611.0,
          167.0
        ],
        [
          610.0,
          166.0
        ],
        [
          611.0,
          165.0
        ],
        [
          611.0,
          154.0
        ],
        [
          610.0,
          153.0
        ],
        [
          610.0,
          151.0
        ],
        [
          606.0,
          148.0
        ],
        [
          600.0,
          136.0
        ],
        [
          598.0,
          135.0
        ],
        [
          594.0,
          129.0
        ],
        [
          594.0,
          121.0
        ],
        [
          588.0,
          115.0
        ],
        [
          588.0,
          111.0
        ],
        [
          587.0,
          110.0
        ],
        [
          586.0,
          106.0
        ],
        [
          580.0,
          103.0
        ],
        [
          577.0,
          100.0
        ]
      ],
      "group_id": null,
      "shape_type": "polygon",
      "flags": {}
    },
    {
      "label": "potato",
      "text": "",
      "points": [
        [
          535.0,
          590.0
        ],
        [
          536.0,
          591.0
        ],
        [
          536.0,
          592.0
        ],
        [
          537.0,
          592.0
        ],
        [
          541.0,
          595.0
        ],
        [
          548.0,
          596.0
        ],
        [
          549.0,
          597.0
        ],
        [
          551.0,
          597.0
        ],
        [
          552.0,
          598.0
        ],
        [
          557.0,
          598.0
        ],
        [
          558.0,
          597.0
        ],
        [
          560.0,
          597.0
        ],
        [
          563.0,
          594.0
        ],
        [
          566.0,
          593.0
        ],
        [
          567.0,
          594.0
        ],
        [
          568.0,
          597.0
        ],
        [
          572.0,
          602.0
        ],
        [
          572.0,
          603.0
        ],
        [
          575.0,
          606.0
        ],
        [
          579.0,
          606.0
        ],
        [
          580.0,
          605.0
        ],
        [
          582.0,
          605.0
        ],
        [
          583.0,
          604.0
        ],
        [
          584.0,
          604.0
        ],
        [
          589.0,
          600.0
        ],
        [
          590.0,
          600.0
        ],
        [
          595.0,
          597.0
        ],
        [
          609.0,
          597.0
        ],
        [
          610.0,
          596.0
        ],
        [
          612.0,
          596.0
        ],
        [
          613.0,
          595.0
        ],
        [
          619.0,
          595.0
        ],
        [
          620.0,
          594.0
        ],
        [
          620.0,
          590.0
        ],
        [
          619.0,
          589.0
        ],
        [
          618.0,
          589.0
        ],
        [
          616.0,
          586.0
        ],
        [
          617.0,
          585.0
        ],
        [
          617.0,
          583.0
        ],
        [
          618.0,
          582.0
        ],
        [
          617.0,
          579.0
        ],
        [
          619.0,
          577.0
        ],
        [
          620.0,
          577.0
        ],
        [
          621.0,
          578.0
        ],
        [
          624.0,
          578.0
        ],
        [
          626.0,
          580.0
        ],
        [
          630.0,
          580.0
        ],
        [
          631.0,
          581.0
        ],
        [
          637.0,
          581.0
        ],
        [
          638.0,
          580.0
        ],
        [
          638.0,
          562.0
        ],
        [
          633.0,
          562.0
        ],
        [
          632.0,
          563.0
        ],
        [
          630.0,
          563.0
        ],
        [
          629.0,
          564.0
        ],
        [
          622.0,
          564.0
        ],
        [
          621.0,
          563.0
        ],
        [
          621.0,
          559.0
        ],
        [
          622.0,
          558.0
        ],
        [
          622.0,
          554.0
        ],
        [
          623.0,
          553.0
        ],
        [
          622.0,
          552.0
        ],
        [
          622.0,
          551.0
        ],
        [
          621.0,
          552.0
        ],
        [
          618.0,
          552.0
        ],
        [
          616.0,
          554.0
        ],
        [
          613.0,
          554.0
        ],
        [
          612.0,
          555.0
        ],
        [
          608.0,
          555.0
        ],
        [
          606.0,
          553.0
        ],
        [
          606.0,
          549.0
        ],
        [
          611.0,
          541.0
        ],
        [
          610.0,
          540.0
        ],
        [
          610.0,
          538.0
        ],
        [
          609.0,
          537.0
        ],
        [
          609.0,
          536.0
        ],
        [
          610.0,
          535.0
        ],
        [
          610.0,
          534.0
        ],
        [
          615.0,
          529.0
        ],
        [
          615.0,
          528.0
        ],
        [
          618.0,
          523.0
        ],
        [
          618.0,
          521.0
        ],
        [
          619.0,
          520.0
        ],
        [
          619.0,
          517.0
        ],
        [
          620.0,
          516.0
        ],
        [
          620.0,
          515.0
        ],
        [
          619.0,
          514.0
        ],
        [
          613.0,
          514.0
        ],
        [
          609.0,
          517.0
        ],
        [
          606.0,
          517.0
        ],
        [
          605.0,
          516.0
        ],
        [
          603.0,
          516.0
        ],
        [
          602.0,
          515.0
        ],
        [
          601.0,
          515.0
        ],
        [
          597.0,
          518.0
        ],
        [
          597.0,
          519.0
        ],
        [
          595.0,
          521.0
        ],
        [
          595.0,
          523.0
        ],
        [
          592.0,
          526.0
        ],
        [
          590.0,
          526.0
        ],
        [
          586.0,
          521.0
        ],
        [
          585.0,
          521.0
        ],
        [
          584.0,
          520.0
        ],
        [
          581.0,
          520.0
        ],
        [
          579.0,
          523.0
        ],
        [
          579.0,
          525.0
        ],
        [
          578.0,
          526.0
        ],
        [
          578.0,
          527.0
        ],
        [
          577.0,
          528.0
        ],
        [
          574.0,
          528.0
        ],
        [
          569.0,
          522.0
        ],
        [
          568.0,
          515.0
        ],
        [
          566.0,
          513.0
        ],
        [
          564.0,
          513.0
        ],
        [
          563.0,
          512.0
        ],
        [
          560.0,
          513.0
        ],
        [
          558.0,
          515.0
        ],
        [
          557.0,
          518.0
        ],
        [
          555.0,
          520.0
        ],
        [
          555.0,
          521.0
        ],
        [
          552.0,
          526.0
        ],
        [
          552.0,
          529.0
        ],
        [
          550.0,
          532.0
        ],
        [
          550.0,
          540.0
        ],
        [
          551.0,
          541.0
        ],
        [
          551.0,
          543.0
        ],
        [
          552.0,
          544.0
        ],
        [
          552.0,
          549.0
        ],
        [
          551.0,
          550.0
        ],
        [
          551.0,
          551.0
        ],
        [
          548.0,
          554.0
        ],
        [
          548.0,
          555.0
        ],
        [
          547.0,
          556.0
        ],
        [
          547.0,
          558.0
        ],
        [
          545.0,
          561.0
        ],
        [
          544.0,
          566.0
        ],
        [
          543.0,
          567.0
        ],
        [
          543.0,
          570.0
        ],
        [
          542.0,
          571.0
        ],
        [
          542.0,
          580.0
        ],
        [
          541.0,
          581.0
        ],
        [
          541.0,
          582.0
        ],
        [
          537.0,
          585.0
        ]
      ],
      "group_id": null,
      "shape_type": "polygon",
      "flags": {}
    },
    {
      "label": "potato",
      "text": "",
      "points": [
        [
          545.0,
          460.0
        ],
        [
          545.0,
          461.0
        ],
        [
          544.0,
          462.0
        ],
        [
          544.0,
          468.0
        ],
        [
          545.0,
          469.0
        ],
        [
          545.0,
          470.0
        ],
        [
          546.0,
          470.0
        ],
        [
          549.0,
          473.0
        ],
        [
          550.0,
          473.0
        ],
        [
          552.0,
          475.0
        ],
        [
          556.0,
          475.0
        ],
        [
          559.0,
          478.0
        ],
        [
          559.0,
          479.0
        ],
        [
          563.0,
          483.0
        ],
        [
          568.0,
          483.0
        ],
        [
          569.0,
          482.0
        ],
        [
          570.0,
          482.0
        ],
        [
          571.0,
          481.0
        ],
        [
          573.0,
          481.0
        ],
        [
          574.0,
          480.0
        ],
        [
          577.0,
          480.0
        ],
        [
          579.0,
          478.0
        ],
        [
          579.0,
          477.0
        ],
        [
          580.0,
          476.0
        ],
        [
          580.0,
          474.0
        ],
        [
          581.0,
          473.0
        ],
        [
          581.0,
          470.0
        ],
        [
          580.0,
          469.0
        ],
        [
          580.0,
          468.0
        ],
        [
          579.0,
          467.0
        ],
        [
          579.0,
          466.0
        ],
        [
          578.0,
          465.0
        ],
        [
          577.0,
          465.0
        ],
        [
          576.0,
          464.0
        ],
        [
          575.0,
          464.0
        ],
        [
          574.0,
          463.0
        ],
        [
          573.0,
          463.0
        ],
        [
          572.0,
          462.0
        ],
        [
          571.0,
          462.0
        ],
        [
          570.0,
          461.0
        ],
        [
          569.0,
          461.0
        ],
        [
          568.0,
          460.0
        ],
        [
          568.0,
          459.0
        ],
        [
          567.0,
          458.0
        ],
        [
          567.0,
          457.0
        ],
        [
          566.0,
          456.0
        ],
        [
          566.0,
          455.0
        ],
        [
          565.0,
          454.0
        ],
        [
          565.0,
          453.0
        ],
        [
          563.0,
          451.0
        ],
        [
          561.0,
          451.0
        ],
        [
          560.0,
          450.0
        ],
        [
          559.0,
          450.0
        ],
        [
          557.0,
          452.0
        ],
        [
          557.0,
          453.0
        ],
        [
          554.0,
          456.0
        ],
        [
          553.0,
          456.0
        ],
        [
          552.0,
          457.0
        ],
        [
          551.0,
          457.0
        ],
        [
          550.0,
          458.0
        ],
        [
          548.0,
          458.0
        ],
        [
          546.0,
          460.0
        ]
      ],
      "group_id": null,
      "shape_type": "polygon",
      "flags": {}
    },
    {
      "label": "potato",
      "text": "",
      "points": [
        [
          260.0,
          356.0
        ],
        [
          259.0,
          357.0
        ],
        [
          257.0,
          357.0
        ],
        [
          256.0,
          358.0
        ],
        [
          253.0,
          358.0
        ],
        [
          251.0,
          360.0
        ],
        [
          251.0,
          361.0
        ],
        [
          250.0,
          362.0
        ],
        [
          250.0,
          363.0
        ],
        [
          249.0,
          364.0
        ],
        [
          249.0,
          373.0
        ],
        [
          250.0,
          374.0
        ],
        [
          250.0,
          377.0
        ],
        [
          251.0,
          378.0
        ],
        [
          251.0,
          382.0
        ],
        [
          252.0,
          383.0
        ],
        [
          252.0,
          385.0
        ],
        [
          254.0,
          387.0
        ],
        [
          254.0,
          388.0
        ],
        [
          255.0,
          389.0
        ],
        [
          255.0,
          391.0
        ],
        [
          260.0,
          396.0
        ],
        [
          265.0,
          396.0
        ],
        [
          266.0,
          395.0
        ],
        [
          267.0,
          395.0
        ],
        [
          268.0,
          394.0
        ],
        [
          269.0,
          394.0
        ],
        [
          270.0,
          393.0
        ],
        [
          271.0,
          393.0
        ],
        [
          272.0,
          392.0
        ],
        [
          272.0,
          391.0
        ],
        [
          273.0,
          390.0
        ],
        [
          273.0,
          382.0
        ],
        [
          272.0,
          381.0
        ],
        [
          272.0,
          377.0
        ],
        [
          271.0,
          376.0
        ],
        [
          271.0,
          373.0
        ],
        [
          270.0,
          372.0
        ],
        [
          270.0,
          370.0
        ],
        [
          269.0,
          369.0
        ],
        [
          269.0,
          368.0
        ],
        [
          268.0,
          367.0
        ],
        [
          268.0,
          365.0
        ],
        [
          267.0,
          364.0
        ],
        [
          267.0,
          363.0
        ],
        [
          265.0,
          361.0
        ],
        [
          265.0,
          360.0
        ],
        [
          264.0,
          359.0
        ],
        [
          264.0,
          358.0
        ],
        [
          263.0,
          357.0
        ],
        [
          262.0,
          357.0
        ],
        [
          261.0,
          356.0
        ]
      ],
      "group_id": null,
      "shape_type": "polygon",
      "flags": {}
    },
    {
      "label": "weed",
      "text": "",
      "points": [
        [
          455.0,
          147.0
        ],
        [
          456.0,
          147.0
        ],
        [
          457.0,
          148.0
        ],
        [
          460.0,
          148.0
        ],
        [
          461.0,
          149.0
        ],
        [
          462.0,
          149.0
        ],
        [
          463.0,
          150.0
        ],
        [
          465.0,
          150.0
        ],
        [
          466.0,
          151.0
        ],
        [
          473.0,
          151.0
        ],
        [
          474.0,
          150.0
        ],
        [
          477.0,
          150.0
        ],
        [
          479.0,
          152.0
        ],
        [
          480.0,
          152.0
        ],
        [
          481.0,
          153.0
        ],
        [
          482.0,
          152.0
        ],
        [
          483.0,
          152.0
        ],
        [
          484.0,
          151.0
        ],
        [
          484.0,
          150.0
        ],
        [
          485.0,
          149.0
        ],
        [
          485.0,
          148.0
        ],
        [
          486.0,
          147.0
        ],
        [
          485.0,
          146.0
        ],
        [
          485.0,
          145.0
        ],
        [
          479.0,
          139.0
        ],
        [
          473.0,
          139.0
        ],
        [
          472.0,
          138.0
        ],
        [
          464.0,
          138.0
        ],
        [
          463.0,
          139.0
        ],
        [
          462.0,
          139.0
        ],
        [
          462.0,
          140.0
        ],
        [
          459.0,
          143.0
        ],
        [
          458.0,
          143.0
        ],
        [
          456.0,
          145.0
        ],
        [
          456.0,
          146.0
        ]
      ],
      "group_id": null,
      "shape_type": "polygon",
      "flags": {}
    },
    {
      "label": "weed",
      "text": "",
      "points": [
        [
          626.0,
          141.0
        ],
        [
          624.0,
          143.0
        ],
        [
          624.0,
          144.0
        ],
        [
          622.0,
          146.0
        ],
        [
          622.0,
          147.0
        ],
        [
          621.0,
          148.0
        ],
        [
          621.0,
          149.0
        ],
        [
          620.0,
          150.0
        ],
        [
          620.0,
          153.0
        ],
        [
          619.0,
          154.0
        ],
        [
          619.0,
          159.0
        ],
        [
          622.0,
          162.0
        ],
        [
          625.0,
          162.0
        ],
        [
          626.0,
          161.0
        ],
        [
          627.0,
          161.0
        ],
        [
          628.0,
          162.0
        ],
        [
          633.0,
          162.0
        ],
        [
          634.0,
          161.0
        ],
        [
          636.0,
          161.0
        ],
        [
          637.0,
          160.0
        ],
        [
          638.0,
          160.0
        ],
        [
          638.0,
          159.0
        ],
        [
          639.0,
          158.0
        ],
        [
          639.0,
          142.0
        ],
        [
          638.0,
          141.0
        ]
      ],
      "group_id": null,
      "shape_type": "polygon",
      "flags": {}
    }
  ],
  "imagePath": "..\\after_crop\\tile_7_1.jpg",
  "imageData": null,
  "imageHeight": 640,
  "imageWidth": 640
}