{
  "version": "0.3.3",
  "flags": {},
  "shapes": [
    {
      "label": "potato",
      "text": "",
      "points": [
        [
          37.0,
          425.0
        ],
        [
          34.0,
          425.0
        ],
        [
          33.0,
          426.0
        ],
        [
          32.0,
          426.0
        ],
        [
          29.0,
          429.0
        ],
        [
          29.0,
          430.0
        ],
        [
          27.0,
          433.0
        ],
        [
          27.0,
          438.0
        ],
        [
          26.0,
          439.0
        ],
        [
          26.0,
          440.0
        ],
        [
          23.0,
          443.0
        ],
        [
          22.0,
          443.0
        ],
        [
          21.0,
          444.0
        ],
        [
          17.0,
          444.0
        ],
        [
          16.0,
          443.0
        ],
        [
          0.0,
          443.0
        ],
        [
          0.0,
          534.0
        ],
        [
          2.0,
          534.0
        ],
        [
          3.0,
          533.0
        ],
        [
          6.0,
          533.0
        ],
        [
          7.0,
          534.0
        ],
        [
          8.0,
          534.0
        ],
        [
          10.0,
          537.0
        ],
        [
          10.0,
          539.0
        ],
        [
          11.0,
          540.0
        ],
        [
          11.0,
          541.0
        ],
        [
          15.0,
          545.0
        ],
        [
          15.0,
          546.0
        ],
        [
          20.0,
          551.0
        ],
        [
          21.0,
          551.0
        ],
        [
          22.0,
          552.0
        ],
        [
          27.0,
          552.0
        ],
        [
          27.0,
          545.0
        ],
        [
          31.0,
          540.0
        ],
        [
          32.0,
          537.0
        ],
        [
          37.0,
          531.0
        ],
        [
          37.0,
          530.0
        ],
        [
          39.0,
          528.0
        ],
        [
          40.0,
          528.0
        ],
        [
          46.0,
          522.0
        ],
        [
          48.0,
          522.0
        ],
        [
          49.0,
          523.0
        ],
        [
          55.0,
          523.0
        ],
        [
          56.0,
          524.0
        ],
        [
          61.0,
          524.0
        ],
        [
          62.0,
          525.0
        ],
        [
          63.0,
          524.0
        ],
        [
          65.0,
          524.0
        ],
        [
          65.0,
          521.0
        ],
        [
          66.0,
          520.0
        ],
        [
          66.0,
          510.0
        ],
        [
          67.0,
          509.0
        ],
        [
          67.0,
          505.0
        ],
        [
          72.0,
          496.0
        ],
        [
          72.0,
          488.0
        ],
        [
          71.0,
          487.0
        ],
        [
          71.0,
          477.0
        ],
        [
          70.0,
          476.0
        ],
        [
          70.0,
          475.0
        ],
        [
          68.0,
          473.0
        ],
        [
          66.0,
          473.0
        ],
        [
          65.0,
          472.0
        ],
        [
          61.0,
          472.0
        ],
        [
          60.0,
          471.0
        ],
        [
          59.0,
          471.0
        ],
        [
          57.0,
          469.0
        ],
        [
          57.0,
          468.0
        ],
        [
          56.0,
          467.0
        ],
        [
          56.0,
          465.0
        ],
        [
          57.0,
          464.0
        ],
        [
          57.0,
          458.0
        ],
        [
          58.0,
          457.0
        ],
        [
          58.0,
          456.0
        ],
        [
          60.0,
          454.0
        ],
        [
          65.0,
          453.0
        ],
        [
          70.0,
          450.0
        ],
        [
          71.0,
          447.0
        ],
        [
          73.0,
          445.0
        ],
        [
          73.0,
          444.0
        ],
        [
          74.0,
          443.0
        ],
        [
          74.0,
          439.0
        ],
        [
          72.0,
          436.0
        ],
        [
          53.0,
          436.0
        ],
        [
          52.0,
          437.0
        ],
        [
          50.0,
          437.0
        ],
        [
          47.0,
          434.0
        ],
        [
          47.0,
          433.0
        ],
        [
          46.0,
          432.0
        ],
        [
          45.0,
          432.0
        ],
        [
          39.0,
          426.0
        ],
        [
          38.0,
          426.0
        ]
      ],
      "group_id": null,
      "shape_type": "polygon",
      "flags": {}
    },
    {
      "label": "potato",
      "text": "",
      "points": [
        [
          244.0,
          290.0
        ],
        [
          243.0,
          291.0
        ],
        [
          242.0,
          291.0
        ],
        [
          241.0,
          292.0
        ],
        [
          240.0,
          292.0
        ],
        [
          239.0,
          293.0
        ],
        [
          238.0,
          293.0
        ],
        [
          237.0,
          294.0
        ],
        [
          236.0,
          294.0
        ],
        [
          228.0,
          302.0
        ],
        [
          227.0,
          302.0
        ],
        [
          227.0,
          303.0
        ],
        [
          223.0,
          307.0
        ],
        [
          223.0,
          308.0
        ],
        [
          216.0,
          315.0
        ],
        [
          216.0,
          316.0
        ],
        [
          214.0,
          319.0
        ],
        [
          214.0,
          321.0
        ],
        [
          215.0,
          322.0
        ],
        [
          215.0,
          323.0
        ],
        [
          216.0,
          323.0
        ],
        [
          217.0,
          324.0
        ],
        [
          221.0,
          324.0
        ],
        [
          222.0,
          325.0
        ],
        [
          228.0,
          325.0
        ],
        [
          231.0,
          328.0
        ],
        [
          231.0,
          329.0
        ],
        [
          232.0,
          330.0
        ],
        [
          232.0,
          331.0
        ],
        [
          233.0,
          332.0
        ],
        [
          233.0,
          333.0
        ],
        [
          234.0,
          333.0
        ],
        [
          236.0,
          335.0
        ],
        [
          236.0,
          336.0
        ],
        [
          237.0,
          337.0
        ],
        [
          237.0,
          340.0
        ],
        [
          236.0,
          341.0
        ],
        [
          236.0,
          342.0
        ],
        [
          235.0,
          343.0
        ],
        [
          235.0,
          344.0
        ],
        [
          233.0,
          347.0
        ],
        [
          233.0,
          353.0
        ],
        [
          236.0,
          356.0
        ],
        [
          236.0,
          357.0
        ],
        [
          237.0,
          357.0
        ],
        [
          238.0,
          358.0
        ],
        [
          240.0,
          358.0
        ],
        [
          241.0,
          359.0
        ],
        [
          242.0,
          358.0
        ],
        [
          246.0,
          358.0
        ],
        [
          248.0,
          356.0
        ],
        [
          252.0,
          356.0
        ],
        [
          253.0,
          357.0
        ],
        [
          253.0,
          358.0
        ],
        [
          254.0,
          359.0
        ],
        [
          254.0,
          360.0
        ],
        [
          256.0,
          362.0
        ],
        [
          257.0,
          362.0
        ],
        [
          263.0,
          368.0
        ],
        [
          263.0,
          369.0
        ],
        [
          264.0,
          370.0
        ],
        [
          265.0,
          370.0
        ],
        [
          268.0,
          373.0
        ],
        [
          269.0,
          373.0
        ],
        [
          271.0,
          375.0
        ],
        [
          272.0,
          375.0
        ],
        [
          273.0,
          376.0
        ],
        [
          275.0,
          376.0
        ],
        [
          278.0,
          373.0
        ],
        [
          278.0,
          372.0
        ],
        [
          279.0,
          371.0
        ],
        [
          279.0,
          348.0
        ],
        [
          280.0,
          347.0
        ],
        [
          280.0,
          340.0
        ],
        [
          281.0,
          339.0
        ],
        [
          281.0,
          337.0
        ],
        [
          282.0,
          336.0
        ],
        [
          282.0,
          335.0
        ],
        [
          284.0,
          333.0
        ],
        [
          284.0,
          332.0
        ],
        [
          286.0,
          330.0
        ],
        [
          286.0,
          328.0
        ],
        [
          287.0,
          327.0
        ],
        [
          287.0,
          322.0
        ],
        [
          288.0,
          321.0
        ],
        [
          288.0,
          316.0
        ],
        [
          289.0,
          315.0
        ],
        [
          289.0,
          314.0
        ],
        [
          290.0,
          313.0
        ],
        [
          290.0,
          312.0
        ],
        [
          292.0,
          310.0
        ],
        [
          292.0,
          309.0
        ],
        [
          293.0,
          308.0
        ],
        [
          293.0,
          306.0
        ],
        [
          294.0,
          305.0
        ],
        [
          294.0,
          299.0
        ],
        [
          292.0,
          297.0
        ],
        [
          291.0,
          297.0
        ],
        [
          290.0,
          296.0
        ],
        [
          289.0,
          296.0
        ],
        [
          287.0,
          298.0
        ],
        [
          285.0,
          298.0
        ],
        [
          284.0,
          299.0
        ],
        [
          282.0,
          299.0
        ],
        [
          279.0,
          301.0
        ],
        [
          271.0,
          301.0
        ],
        [
          270.0,
          300.0
        ],
        [
          264.0,
          300.0
        ],
        [
          263.0,
          299.0
        ],
        [
          252.0,
          299.0
        ],
        [
          251.0,
          298.0
        ],
        [
          249.0,
          298.0
        ],
        [
          245.0,
          294.0
        ],
        [
          245.0,
          290.0
        ]
      ],
      "group_id": null,
      "shape_type": "polygon",
      "flags": {}
    },
    {
      "label": "potato",
      "text": "",
      "points": [
        [
          257.0,
          144.0
        ],
        [
          256.0,
          145.0
        ],
        [
          255.0,
          145.0
        ],
        [
          253.0,
          147.0
        ],
        [
          253.0,
          148.0
        ],
        [
          252.0,
          149.0
        ],
        [
          252.0,
          150.0
        ],
        [
          251.0,
          151.0
        ],
        [
          251.0,
          162.0
        ],
        [
          252.0,
          163.0
        ],
        [
          252.0,
          173.0
        ],
        [
          251.0,
          174.0
        ],
        [
          251.0,
          175.0
        ],
        [
          250.0,
          176.0
        ],
        [
          250.0,
          178.0
        ],
        [
          248.0,
          180.0
        ],
        [
          248.0,
          181.0
        ],
        [
          247.0,
          182.0
        ],
        [
          246.0,
          182.0
        ],
        [
          245.0,
          183.0
        ],
        [
          244.0,
          183.0
        ],
        [
          240.0,
          187.0
        ],
        [
          240.0,
          197.0
        ],
        [
          241.0,
          198.0
        ],
        [
          241.0,
          205.0
        ],
        [
          240.0,
          206.0
        ],
        [
          240.0,
          212.0
        ],
        [
          242.0,
          214.0
        ],
        [
          243.0,
          214.0
        ],
        [
          244.0,
          215.0
        ],
        [
          246.0,
          215.0
        ],
        [
          247.0,
          216.0
        ],
        [
          248.0,
          216.0
        ],
        [
          249.0,
          217.0
        ],
        [
          250.0,
          217.0
        ],
        [
          252.0,
          219.0
        ],
        [
          256.0,
          219.0
        ],
        [
          259.0,
          216.0
        ],
        [
          272.0,
          216.0
        ],
        [
          275.0,
          219.0
        ],
        [
          275.0,
          221.0
        ],
        [
          277.0,
          223.0
        ],
        [
          278.0,
          223.0
        ],
        [
          279.0,
          224.0
        ],
        [
          282.0,
          224.0
        ],
        [
          283.0,
          223.0
        ],
        [
          285.0,
          223.0
        ],
        [
          286.0,
          222.0
        ],
        [
          287.0,
          222.0
        ],
        [
          287.0,
          220.0
        ],
        [
          288.0,
          219.0
        ],
        [
          288.0,
          215.0
        ],
        [
          287.0,
          214.0
        ],
        [
          287.0,
          209.0
        ],
        [
          286.0,
          208.0
        ],
        [
          286.0,
          195.0
        ],
        [
          287.0,
          194.0
        ],
        [
          287.0,
          191.0
        ],
        [
          288.0,
          190.0
        ],
        [
          288.0,
          184.0
        ],
        [
          289.0,
          183.0
        ],
        [
          289.0,
          181.0
        ],
        [
          291.0,
          179.0
        ],
        [
          291.0,
          178.0
        ],
        [
          293.0,
          176.0
        ],
        [
          294.0,
          176.0
        ],
        [
          295.0,
          175.0
        ],
        [
          295.0,
          172.0
        ],
        [
          296.0,
          171.0
        ],
        [
          296.0,
          170.0
        ],
        [
          295.0,
          169.0
        ],
        [
          295.0,
          165.0
        ],
        [
          294.0,
          164.0
        ],
        [
          294.0,
          162.0
        ],
        [
          293.0,
          161.0
        ],
        [
          293.0,
          160.0
        ],
        [
          292.0,
          159.0
        ],
        [
          292.0,
          158.0
        ],
        [
          290.0,
          156.0
        ],
        [
          290.0,
          155.0
        ],
        [
          289.0,
          154.0
        ],
        [
          289.0,
          152.0
        ],
        [
          288.0,
          151.0
        ],
        [
          288.0,
          148.0
        ],
        [
          287.0,
          147.0
        ],
        [
          284.0,
          147.0
        ],
        [
          283.0,
          148.0
        ],
        [
          282.0,
          148.0
        ],
        [
          281.0,
          149.0
        ],
        [
          280.0,
          149.0
        ],
        [
          275.0,
          154.0
        ],
        [
          273.0,
          154.0
        ],
        [
          272.0,
          153.0
        ],
        [
          271.0,
          153.0
        ],
        [
          263.0,
          145.0
        ],
        [
          262.0,
          145.0
        ],
        [
          261.0,
          144.0
        ]
      ],
      "group_id": null,
      "shape_type": "polygon",
      "flags": {}
    },
    {
      "label": "potato",
      "text": "",
      "points": [
        [
          615.0,
          613.0
        ],
        [
          612.0,
          610.0
        ],
        [
          611.0,
          610.0
        ],
        [
          607.0,
          606.0
        ],
        [
          606.0,
          606.0
        ],
        [
          602.0,
          602.0
        ],
        [
          602.0,
          601.0
        ],
        [
          601.0,
          600.0
        ],
        [
          601.0,
          598.0
        ],
        [
          600.0,
          597.0
        ],
        [
          600.0,
          595.0
        ],
        [
          599.0,
          594.0
        ],
        [
          599.0,
          592.0
        ],
        [
          597.0,
          589.0
        ],
        [
          597.0,
          587.0
        ],
        [
          596.0,
          586.0
        ],
        [
          596.0,
          584.0
        ],
        [
          593.0,
          582.0
        ],
        [
          588.0,
          586.0
        ],
        [
          586.0,
          586.0
        ],
        [
          585.0,
          587.0
        ],
        [
          584.0,
          587.0
        ],
        [
          580.0,
          591.0
        ],
        [
          580.0,
          592.0
        ],
        [
          577.0,
          595.0
        ],
        [
          574.0,
          595.0
        ],
        [
          571.0,
          597.0
        ],
        [
          569.0,
          597.0
        ],
        [
          568.0,
          598.0
        ],
        [
          567.0,
          598.0
        ],
        [
          564.0,
          601.0
        ],
        [
          561.0,
          601.0
        ],
        [
          560.0,
          602.0
        ],
        [
          557.0,
          600.0
        ],
        [
          557.0,
          599.0
        ],
        [
          555.0,
          597.0
        ],
        [
          555.0,
          596.0
        ],
        [
          554.0,
          595.0
        ],
        [
          554.0,
          594.0
        ],
        [
          553.0,
          594.0
        ],
        [
          552.0,
          593.0
        ],
        [
          551.0,
          593.0
        ],
        [
          550.0,
          594.0
        ],
        [
          549.0,
          594.0
        ],
        [
          548.0,
          595.0
        ],
        [
          548.0,
          596.0
        ],
        [
          546.0,
          598.0
        ],
        [
          545.0,
          598.0
        ],
        [
          544.0,
          599.0
        ],
        [
          540.0,
          599.0
        ],
        [
          539.0,
          598.0
        ],
        [
          537.0,
          598.0
        ],
        [
          536.0,
          597.0
        ],
        [
          535.0,
          597.0
        ],
        [
          532.0,
          595.0
        ],
        [
          530.0,
          595.0
        ],
        [
          529.0,
          594.0
        ],
        [
          528.0,
          595.0
        ],
        [
          525.0,
          595.0
        ],
        [
          524.0,
          596.0
        ],
        [
          523.0,
          596.0
        ],
        [
          522.0,
          597.0
        ],
        [
          521.0,
          597.0
        ],
        [
          520.0,
          598.0
        ],
        [
          519.0,
          598.0
        ],
        [
          517.0,
          600.0
        ],
        [
          516.0,
          600.0
        ],
        [
          516.0,
          603.0
        ],
        [
          519.0,
          606.0
        ],
        [
          520.0,
          606.0
        ],
        [
          523.0,
          608.0
        ],
        [
          528.0,
          608.0
        ],
        [
          531.0,
          611.0
        ],
        [
          531.0,
          613.0
        ],
        [
          532.0,
          614.0
        ],
        [
          532.0,
          616.0
        ],
        [
          535.0,
          619.0
        ],
        [
          536.0,
          619.0
        ],
        [
          540.0,
          623.0
        ],
        [
          540.0,
          625.0
        ],
        [
          536.0,
          629.0
        ],
        [
          536.0,
          635.0
        ],
        [
          534.0,
          637.0
        ],
        [
          531.0,
          637.0
        ],
        [
          530.0,
          638.0
        ],
        [
          528.0,
          638.0
        ],
        [
          528.0,
          639.0
        ],
        [
          604.0,
          639.0
        ],
        [
          605.0,
          638.0
        ],
        [
          605.0,
          637.0
        ],
        [
          604.0,
          636.0
        ],
        [
          604.0,
          634.0
        ],
        [
          602.0,
          631.0
        ],
        [
          602.0,
          630.0
        ],
        [
          603.0,
          629.0
        ],
        [
          603.0,
          627.0
        ],
        [
          607.0,
          623.0
        ],
        [
          608.0,
          623.0
        ],
        [
          609.0,
          622.0
        ],
        [
          610.0,
          622.0
        ],
        [
          612.0,
          620.0
        ],
        [
          613.0,
          620.0
        ],
        [
          614.0,
          619.0
        ],
        [
          614.0,
          618.0
        ],
        [
          615.0,
          617.0
        ]
      ],
      "group_id": null,
      "shape_type": "polygon",
      "flags": {}
    },
    {
      "label": "weed",
      "text": "",
      "points": [
        [
          417.0,
          54.0
        ],
        [
          416.0,
          55.0
        ],
        [
          416.0,
          57.0
        ],
        [
          415.0,
          58.0
        ],
        [
          415.0,
          62.0
        ],
        [
          414.0,
          63.0
        ],
        [
          414.0,
          65.0
        ],
        [
          410.0,
          69.0
        ],
        [
          409.0,
          69.0
        ],
        [
          407.0,
          71.0
        ],
        [
          407.0,
          73.0
        ],
        [
          408.0,
          73.0
        ],
        [
          409.0,
          74.0
        ],
        [
          412.0,
          74.0
        ],
        [
          413.0,
          75.0
        ],
        [
          415.0,
          75.0
        ],
        [
          416.0,
          76.0
        ],
        [
          424.0,
          76.0
        ],
        [
          425.0,
          77.0
        ],
        [
          427.0,
          77.0
        ],
        [
          429.0,
          79.0
        ],
        [
          430.0,
          79.0
        ],
        [
          436.0,
          85.0
        ],
        [
          437.0,
          85.0
        ],
        [
          438.0,
          86.0
        ],
        [
          443.0,
          86.0
        ],
        [
          445.0,
          84.0
        ],
        [
          444.0,
          83.0
        ],
        [
          444.0,
          80.0
        ],
        [
          441.0,
          77.0
        ],
        [
          441.0,
          76.0
        ],
        [
          438.0,
          73.0
        ],
        [
          438.0,
          72.0
        ],
        [
          437.0,
          71.0
        ],
        [
          437.0,
          70.0
        ],
        [
          435.0,
          68.0
        ],
        [
          435.0,
          67.0
        ],
        [
          434.0,
          66.0
        ],
        [
          434.0,
          65.0
        ],
        [
          430.0,
          61.0
        ],
        [
          430.0,
          59.0
        ],
        [
          429.0,
          58.0
        ],
        [
          429.0,
          57.0
        ],
        [
          428.0,
          56.0
        ],
        [
          427.0,
          56.0
        ],
        [
          426.0,
          55.0
        ],
        [
          425.0,
          55.0
        ],
        [
          424.0,
          54.0
        ]
      ],
      "group_id": null,
      "shape_type": "polygon",
      "flags": {}
    },
    {
      "label": "weed",
      "text": "",
      "points": [
        [
          433.0,
          265.0
        ],
        [
          431.0,
          265.0
        ],
        [
          430.0,
          266.0
        ],
        [
          429.0,
          266.0
        ],
        [
          426.0,
          269.0
        ],
        [
          426.0,
          270.0
        ],
        [
          425.0,
          271.0
        ],
        [
          425.0,
          272.0
        ],
        [
          424.0,
          273.0
        ],
        [
          424.0,
          274.0
        ],
        [
          423.0,
          275.0
        ],
        [
          423.0,
          277.0
        ],
        [
          422.0,
          278.0
        ],
        [
          422.0,
          283.0
        ],
        [
          423.0,
          284.0
        ],
        [
          423.0,
          285.0
        ],
        [
          424.0,
          285.0
        ],
        [
          425.0,
          286.0
        ],
        [
          426.0,
          285.0
        ],
        [
          428.0,
          285.0
        ],
        [
          429.0,
          284.0
        ],
        [
          430.0,
          284.0
        ],
        [
          432.0,
          282.0
        ],
        [
          432.0,
          281.0
        ],
        [
          433.0,
          280.0
        ],
        [
          433.0,
          279.0
        ],
        [
          437.0,
          275.0
        ],
        [
          437.0,
          274.0
        ],
        [
          436.0,
          273.0
        ],
        [
          436.0,
          272.0
        ],
        [
          435.0,
          271.0
        ],
        [
          435.0,
          268.0
        ],
        [
          433.0,
          266.0
        ]
      ],
      "group_id": null,
      "shape_type": "polygon",
      "flags": {}
    },
    {
      "label": "weed",
      "text": "",
      "points": [
        [
          429.0,
          313.0
        ],
        [
          428.0,
          313.0
        ],
        [
          426.0,
          315.0
        ],
        [
          426.0,
          316.0
        ],
        [
          425.0,
          317.0
        ],
        [
          425.0,
          320.0
        ],
        [
          424.0,
          321.0
        ],
        [
          424.0,
          325.0
        ],
        [
          423.0,
          326.0
        ],
        [
          423.0,
          327.0
        ],
        [
          422.0,
          328.0
        ],
        [
          422.0,
          330.0
        ],
        [
          423.0,
          331.0
        ],
        [
          423.0,
          333.0
        ],
        [
          424.0,
          334.0
        ],
        [
          431.0,
          334.0
        ],
        [
          431.0,
          333.0
        ],
        [
          432.0,
          332.0
        ],
        [
          432.0,
          321.0
        ],
        [
          431.0,
          320.0
        ],
        [
          431.0,
          314.0
        ],
        [
          430.0,
          314.0
        ]
      ],
      "group_id": null,
      "shape_type": "polygon",
      "flags": {}
    },
    {
      "label": "weed",
      "text": "",
      "points": [
        [
          530.0,
          0.0
        ],
        [
          530.0,
          3.0
        ],
        [
          537.0,
          10.0
        ],
        [
          539.0,
          10.0
        ],
        [
          540.0,
          11.0
        ],
        [
          542.0,
          11.0
        ],
        [
          543.0,
          12.0
        ],
        [
          544.0,
          12.0
        ],
        [
          545.0,
          13.0
        ],
        [
          547.0,
          13.0
        ],
        [
          548.0,
          14.0
        ],
        [
          550.0,
          14.0
        ],
        [
          551.0,
          13.0
        ],
        [
          551.0,
          12.0
        ],
        [
          552.0,
          11.0
        ],
        [
          552.0,
          7.0
        ],
        [
          553.0,
          6.0
        ],
        [
          553.0,
          0.0
        ]
      ],
      "group_id": null,
      "shape_type": "polygon",
      "flags": {}
    },
    {
      "label": "weed",
      "text": "",
      "points": [
        [
          485.0,
          563.0
        ],
        [
          485.0,
          564.0
        ],
        [
          486.0,
          565.0
        ],
        [
          486.0,
          566.0
        ],
        [
          487.0,
          566.0
        ],
        [
          488.0,
          567.0
        ],
        [
          489.0,
          567.0
        ],
        [
          491.0,
          569.0
        ],
        [
          492.0,
          569.0
        ],
        [
          495.0,
          572.0
        ],
        [
          496.0,
          572.0
        ],
        [
          497.0,
          573.0
        ],
        [
          498.0,
          573.0
        ],
        [
          499.0,
          574.0
        ],
        [
          501.0,
          574.0
        ],
        [
          502.0,
          575.0
        ],
        [
          512.0,
          575.0
        ],
        [
          513.0,
          574.0
        ],
        [
          514.0,
          574.0
        ],
        [
          515.0,
          573.0
        ],
        [
          516.0,
          573.0
        ],
        [
          517.0,
          572.0
        ],
        [
          518.0,
          572.0
        ],
        [
          519.0,
          571.0
        ],
        [
          519.0,
          569.0
        ],
        [
          518.0,
          568.0
        ],
        [
          517.0,
          568.0
        ],
        [
          516.0,
          567.0
        ],
        [
          515.0,
          567.0
        ],
        [
          514.0,
          566.0
        ],
        [
          512.0,
          566.0
        ],
        [
          511.0,
          565.0
        ],
        [
          510.0,
          565.0
        ],
        [
          509.0,
          564.0
        ],
        [
          508.0,
          564.0
        ],
        [
          507.0,
          563.0
        ],
        [
          506.0,
          563.0
        ],
        [
          505.0,
          562.0
        ],
        [
          504.0,
          562.0
        ],
        [
          503.0,
          561.0
        ],
        [
          501.0,
          561.0
        ],
        [
          500.0,
          560.0
        ],
        [
          487.0,
          560.0
        ],
        [
          486.0,
          561.0
        ],
        [
          486.0,
          562.0
        ]
      ],
      "group_id": null,
      "shape_type": "polygon",
      "flags": {}
    }
  ],
  "imagePath": "..\\after_crop\\tile_13_6.jpg",
  "imageData": null,
  "imageHeight": 640,
  "imageWidth": 640
}