{
  "version": "0.3.3",
  "flags": {},
  "shapes": [
    {
      "label": "potato",
      "text": "",
      "points": [
        [
          214.0,
          292.0
        ],
        [
          212.0,
          294.0
        ],
        [
          211.0,
          294.0
        ],
        [
          210.0,
          295.0
        ],
        [
          209.0,
          295.0
        ],
        [
          207.0,
          297.0
        ],
        [
          207.0,
          298.0
        ],
        [
          206.0,
          299.0
        ],
        [
          206.0,
          302.0
        ],
        [
          207.0,
          303.0
        ],
        [
          207.0,
          309.0
        ],
        [
          205.0,
          311.0
        ],
        [
          204.0,
          311.0
        ],
        [
          201.0,
          314.0
        ],
        [
          200.0,
          314.0
        ],
        [
          199.0,
          315.0
        ],
        [
          199.0,
          318.0
        ],
        [
          200.0,
          319.0
        ],
        [
          202.0,
          319.0
        ],
        [
          203.0,
          320.0
        ],
        [
          207.0,
          320.0
        ],
        [
          209.0,
          322.0
        ],
        [
          209.0,
          323.0
        ],
        [
          210.0,
          324.0
        ],
        [
          210.0,
          327.0
        ],
        [
          208.0,
          330.0
        ],
        [
          208.0,
          334.0
        ],
        [
          206.0,
          336.0
        ],
        [
          204.0,
          336.0
        ],
        [
          203.0,
          337.0
        ],
        [
          202.0,
          337.0
        ],
        [
          200.0,
          339.0
        ],
        [
          200.0,
          340.0
        ],
        [
          199.0,
          341.0
        ],
        [
          199.0,
          347.0
        ],
        [
          196.0,
          350.0
        ],
        [
          195.0,
          350.0
        ],
        [
          194.0,
          351.0
        ],
        [
          193.0,
          351.0
        ],
        [
          193.0,
          353.0
        ],
        [
          192.0,
          354.0
        ],
        [
          192.0,
          357.0
        ],
        [
          193.0,
          358.0
        ],
        [
          193.0,
          362.0
        ],
        [
          194.0,
          363.0
        ],
        [
          194.0,
          366.0
        ],
        [
          195.0,
          367.0
        ],
        [
          195.0,
          370.0
        ],
        [
          197.0,
          372.0
        ],
        [
          197.0,
          373.0
        ],
        [
          199.0,
          375.0
        ],
        [
          201.0,
          375.0
        ],
        [
          202.0,
          376.0
        ],
        [
          207.0,
          376.0
        ],
        [
          208.0,
          377.0
        ],
        [
          213.0,
          377.0
        ],
        [
          214.0,
          376.0
        ],
        [
          217.0,
          376.0
        ],
        [
          218.0,
          375.0
        ],
        [
          222.0,
          375.0
        ],
        [
          224.0,
          377.0
        ],
        [
          226.0,
          377.0
        ],
        [
          227.0,
          378.0
        ],
        [
          228.0,
          377.0
        ],
        [
          233.0,
          377.0
        ],
        [
          236.0,
          374.0
        ],
        [
          241.0,
          374.0
        ],
        [
          243.0,
          376.0
        ],
        [
          250.0,
          376.0
        ],
        [
          252.0,
          374.0
        ],
        [
          253.0,
          374.0
        ],
        [
          255.0,
          371.0
        ],
        [
          255.0,
          364.0
        ],
        [
          254.0,
          363.0
        ],
        [
          254.0,
          360.0
        ],
        [
          250.0,
          356.0
        ],
        [
          250.0,
          355.0
        ],
        [
          248.0,
          352.0
        ],
        [
          248.0,
          350.0
        ],
        [
          249.0,
          349.0
        ],
        [
          250.0,
          349.0
        ],
        [
          251.0,
          348.0
        ],
        [
          252.0,
          348.0
        ],
        [
          254.0,
          346.0
        ],
        [
          254.0,
          344.0
        ],
        [
          255.0,
          343.0
        ],
        [
          255.0,
          340.0
        ],
        [
          256.0,
          339.0
        ],
        [
          256.0,
          337.0
        ],
        [
          257.0,
          336.0
        ],
        [
          257.0,
          334.0
        ],
        [
          256.0,
          333.0
        ],
        [
          256.0,
          332.0
        ],
        [
          252.0,
          328.0
        ],
        [
          251.0,
          328.0
        ],
        [
          249.0,
          326.0
        ],
        [
          247.0,
          326.0
        ],
        [
          246.0,
          325.0
        ],
        [
          244.0,
          325.0
        ],
        [
          240.0,
          321.0
        ],
        [
          239.0,
          321.0
        ],
        [
          236.0,
          318.0
        ],
        [
          236.0,
          317.0
        ],
        [
          235.0,
          316.0
        ],
        [
          235.0,
          312.0
        ],
        [
          234.0,
          311.0
        ],
        [
          234.0,
          309.0
        ],
        [
          232.0,
          306.0
        ],
        [
          232.0,
          304.0
        ],
        [
          231.0,
          303.0
        ],
        [
          231.0,
          302.0
        ],
        [
          230.0,
          301.0
        ],
        [
          230.0,
          300.0
        ],
        [
          229.0,
          299.0
        ],
        [
          229.0,
          298.0
        ],
        [
          225.0,
          294.0
        ],
        [
          224.0,
          294.0
        ],
        [
          223.0,
          293.0
        ],
        [
          221.0,
          293.0
        ],
        [
          220.0,
          292.0
        ]
      ],
      "group_id": null,
      "shape_type": "polygon",
      "flags": {}
    },
    {
      "label": "potato",
      "text": "",
      "points": [
        [
          476.0,
          265.0
        ],
        [
          475.0,
          266.0
        ],
        [
          474.0,
          266.0
        ],
        [
          472.0,
          268.0
        ],
        [
          471.0,
          268.0
        ],
        [
          471.0,
          269.0
        ],
        [
          468.0,
          272.0
        ],
        [
          468.0,
          273.0
        ],
        [
          467.0,
          274.0
        ],
        [
          467.0,
          280.0
        ],
        [
          468.0,
          281.0
        ],
        [
          468.0,
          282.0
        ],
        [
          469.0,
          283.0
        ],
        [
          469.0,
          284.0
        ],
        [
          475.0,
          290.0
        ],
        [
          475.0,
          291.0
        ],
        [
          476.0,
          292.0
        ],
        [
          476.0,
          293.0
        ],
        [
          475.0,
          294.0
        ],
        [
          475.0,
          295.0
        ],
        [
          474.0,
          296.0
        ],
        [
          471.0,
          296.0
        ],
        [
          470.0,
          295.0
        ],
        [
          463.0,
          295.0
        ],
        [
          462.0,
          296.0
        ],
        [
          461.0,
          296.0
        ],
        [
          458.0,
          299.0
        ],
        [
          458.0,
          300.0
        ],
        [
          456.0,
          302.0
        ],
        [
          456.0,
          303.0
        ],
        [
          455.0,
          304.0
        ],
        [
          455.0,
          306.0
        ],
        [
          456.0,
          307.0
        ],
        [
          456.0,
          309.0
        ],
        [
          460.0,
          313.0
        ],
        [
          461.0,
          313.0
        ],
        [
          462.0,
          314.0
        ],
        [
          466.0,
          314.0
        ],
        [
          467.0,
          315.0
        ],
        [
          469.0,
          315.0
        ],
        [
          470.0,
          316.0
        ],
        [
          471.0,
          316.0
        ],
        [
          472.0,
          317.0
        ],
        [
          473.0,
          317.0
        ],
        [
          474.0,
          318.0
        ],
        [
          476.0,
          318.0
        ],
        [
          477.0,
          319.0
        ],
        [
          481.0,
          319.0
        ],
        [
          486.0,
          314.0
        ],
        [
          487.0,
          314.0
        ],
        [
          493.0,
          308.0
        ],
        [
          493.0,
          307.0
        ],
        [
          494.0,
          306.0
        ],
        [
          494.0,
          304.0
        ],
        [
          495.0,
          303.0
        ],
        [
          495.0,
          301.0
        ],
        [
          496.0,
          300.0
        ],
        [
          496.0,
          299.0
        ],
        [
          499.0,
          296.0
        ],
        [
          500.0,
          296.0
        ],
        [
          501.0,
          295.0
        ],
        [
          502.0,
          295.0
        ],
        [
          505.0,
          292.0
        ],
        [
          505.0,
          288.0
        ],
        [
          504.0,
          287.0
        ],
        [
          504.0,
          286.0
        ],
        [
          502.0,
          284.0
        ],
        [
          502.0,
          283.0
        ],
        [
          501.0,
          282.0
        ],
        [
          501.0,
          281.0
        ],
        [
          499.0,
          279.0
        ],
        [
          499.0,
          277.0
        ],
        [
          497.0,
          275.0
        ],
        [
          497.0,
          274.0
        ],
        [
          496.0,
          273.0
        ],
        [
          496.0,
          272.0
        ],
        [
          495.0,
          271.0
        ],
        [
          495.0,
          269.0
        ],
        [
          492.0,
          266.0
        ],
        [
          491.0,
          266.0
        ],
        [
          490.0,
          267.0
        ],
        [
          483.0,
          267.0
        ],
        [
          482.0,
          266.0
        ],
        [
          481.0,
          266.0
        ],
        [
          480.0,
          265.0
        ]
      ],
      "group_id": null,
      "shape_type": "polygon",
      "flags": {}
    },
    {
      "label": "potato",
      "text": "",
      "points": [
        [
          463.0,
          408.0
        ],
        [
          462.0,
          408.0
        ],
        [
          461.0,
          409.0
        ],
        [
          460.0,
          409.0
        ],
        [
          460.0,
          410.0
        ],
        [
          459.0,
          411.0
        ],
        [
          459.0,
          412.0
        ],
        [
          458.0,
          413.0
        ],
        [
          458.0,
          420.0
        ],
        [
          459.0,
          421.0
        ],
        [
          459.0,
          423.0
        ],
        [
          458.0,
          424.0
        ],
        [
          458.0,
          425.0
        ],
        [
          457.0,
          426.0
        ],
        [
          456.0,
          426.0
        ],
        [
          454.0,
          428.0
        ],
        [
          453.0,
          428.0
        ],
        [
          449.0,
          432.0
        ],
        [
          448.0,
          432.0
        ],
        [
          447.0,
          433.0
        ],
        [
          446.0,
          433.0
        ],
        [
          444.0,
          435.0
        ],
        [
          443.0,
          435.0
        ],
        [
          441.0,
          437.0
        ],
        [
          440.0,
          437.0
        ],
        [
          438.0,
          439.0
        ],
        [
          438.0,
          444.0
        ],
        [
          439.0,
          445.0
        ],
        [
          441.0,
          445.0
        ],
        [
          442.0,
          446.0
        ],
        [
          445.0,
          446.0
        ],
        [
          446.0,
          447.0
        ],
        [
          450.0,
          447.0
        ],
        [
          451.0,
          448.0
        ],
        [
          451.0,
          450.0
        ],
        [
          450.0,
          451.0
        ],
        [
          450.0,
          456.0
        ],
        [
          453.0,
          459.0
        ],
        [
          460.0,
          459.0
        ],
        [
          462.0,
          457.0
        ],
        [
          462.0,
          453.0
        ],
        [
          461.0,
          452.0
        ],
        [
          461.0,
          450.0
        ],
        [
          460.0,
          449.0
        ],
        [
          460.0,
          447.0
        ],
        [
          463.0,
          444.0
        ],
        [
          467.0,
          444.0
        ],
        [
          468.0,
          443.0
        ],
        [
          475.0,
          443.0
        ],
        [
          476.0,
          444.0
        ],
        [
          478.0,
          444.0
        ],
        [
          479.0,
          445.0
        ],
        [
          483.0,
          445.0
        ],
        [
          484.0,
          444.0
        ],
        [
          485.0,
          444.0
        ],
        [
          486.0,
          443.0
        ],
        [
          487.0,
          443.0
        ],
        [
          489.0,
          441.0
        ],
        [
          489.0,
          440.0
        ],
        [
          490.0,
          439.0
        ],
        [
          490.0,
          433.0
        ],
        [
          489.0,
          432.0
        ],
        [
          489.0,
          431.0
        ],
        [
          488.0,
          430.0
        ],
        [
          488.0,
          428.0
        ],
        [
          487.0,
          427.0
        ],
        [
          487.0,
          424.0
        ],
        [
          484.0,
          421.0
        ],
        [
          483.0,
          421.0
        ],
        [
          480.0,
          418.0
        ],
        [
          479.0,
          418.0
        ],
        [
          477.0,
          416.0
        ],
        [
          476.0,
          416.0
        ],
        [
          471.0,
          411.0
        ],
        [
          470.0,
          411.0
        ],
        [
          469.0,
          410.0
        ],
        [
          468.0,
          410.0
        ],
        [
          467.0,
          409.0
        ],
        [
          464.0,
          409.0
        ]
      ],
      "group_id": null,
      "shape_type": "polygon",
      "flags": {}
    },
    {
      "label": "potato",
      "text": "",
      "points": [
        [
          206.0,
          441.0
        ],
        [
          204.0,
          439.0
        ],
        [
          202.0,
          439.0
        ],
        [
          201.0,
          440.0
        ],
        [
          196.0,
          440.0
        ],
        [
          195.0,
          441.0
        ],
        [
          192.0,
          441.0
        ],
        [
          191.0,
          442.0
        ],
        [
          189.0,
          442.0
        ],
        [
          188.0,
          443.0
        ],
        [
          185.0,
          443.0
        ],
        [
          184.0,
          444.0
        ],
        [
          183.0,
          444.0
        ],
        [
          182.0,
          445.0
        ],
        [
          179.0,
          445.0
        ],
        [
          178.0,
          446.0
        ],
        [
          177.0,
          446.0
        ],
        [
          177.0,
          447.0
        ],
        [
          176.0,
          448.0
        ],
        [
          176.0,
          456.0
        ],
        [
          177.0,
          457.0
        ],
        [
          177.0,
          458.0
        ],
        [
          178.0,
          459.0
        ],
        [
          178.0,
          460.0
        ],
        [
          179.0,
          461.0
        ],
        [
          180.0,
          461.0
        ],
        [
          184.0,
          465.0
        ],
        [
          187.0,
          465.0
        ],
        [
          188.0,
          464.0
        ],
        [
          202.0,
          464.0
        ],
        [
          207.0,
          459.0
        ],
        [
          207.0,
          456.0
        ],
        [
          208.0,
          455.0
        ],
        [
          208.0,
          450.0
        ],
        [
          207.0,
          449.0
        ],
        [
          207.0,
          443.0
        ],
        [
          206.0,
          442.0
        ]
      ],
      "group_id": null,
      "shape_type": "polygon",
      "flags": {}
    },
    {
      "label": "weed",
      "text": "",
      "points": [
        [
          16.0,
          0.0
        ],
        [
          16.0,
          2.0
        ],
        [
          15.0,
          3.0
        ],
        [
          15.0,
          11.0
        ],
        [
          16.0,
          12.0
        ],
        [
          16.0,
          13.0
        ],
        [
          17.0,
          14.0
        ],
        [
          17.0,
          22.0
        ],
        [
          16.0,
          23.0
        ],
        [
          16.0,
          26.0
        ],
        [
          17.0,
          27.0
        ],
        [
          17.0,
          31.0
        ],
        [
          18.0,
          32.0
        ],
        [
          18.0,
          33.0
        ],
        [
          19.0,
          34.0
        ],
        [
          19.0,
          35.0
        ],
        [
          25.0,
          41.0
        ],
        [
          29.0,
          41.0
        ],
        [
          31.0,
          39.0
        ],
        [
          31.0,
          37.0
        ],
        [
          32.0,
          36.0
        ],
        [
          32.0,
          27.0
        ],
        [
          31.0,
          26.0
        ],
        [
          31.0,
          22.0
        ],
        [
          30.0,
          21.0
        ],
        [
          30.0,
          19.0
        ],
        [
          29.0,
          18.0
        ],
        [
          29.0,
          16.0
        ],
        [
          28.0,
          15.0
        ],
        [
          28.0,
          11.0
        ],
        [
          27.0,
          10.0
        ],
        [
          27.0,
          0.0
        ]
      ],
      "group_id": null,
      "shape_type": "polygon",
      "flags": {}
    },
    {
      "label": "weed",
      "text": "",
      "points": [
        [
          193.0,
          0.0
        ],
        [
          193.0,
          2.0
        ],
        [
          195.0,
          4.0
        ],
        [
          196.0,
          4.0
        ],
        [
          198.0,
          6.0
        ],
        [
          199.0,
          6.0
        ],
        [
          200.0,
          7.0
        ],
        [
          201.0,
          7.0
        ],
        [
          207.0,
          13.0
        ],
        [
          208.0,
          13.0
        ],
        [
          209.0,
          12.0
        ],
        [
          212.0,
          12.0
        ],
        [
          213.0,
          11.0
        ],
        [
          215.0,
          11.0
        ],
        [
          216.0,
          10.0
        ],
        [
          217.0,
          10.0
        ],
        [
          218.0,
          9.0
        ],
        [
          220.0,
          9.0
        ],
        [
          221.0,
          8.0
        ],
        [
          222.0,
          8.0
        ],
        [
          223.0,
          7.0
        ],
        [
          223.0,
          6.0
        ],
        [
          224.0,
          5.0
        ],
        [
          224.0,
          3.0
        ],
        [
          225.0,
          2.0
        ],
        [
          225.0,
          0.0
        ]
      ],
      "group_id": null,
      "shape_type": "polygon",
      "flags": {}
    },
    {
      "label": "weed",
      "text": "",
      "points": [
        [
          288.0,
          124.0
        ],
        [
          287.0,
          123.0
        ],
        [
          281.0,
          123.0
        ],
        [
          280.0,
          124.0
        ],
        [
          278.0,
          124.0
        ],
        [
          277.0,
          125.0
        ],
        [
          273.0,
          125.0
        ],
        [
          272.0,
          126.0
        ],
        [
          257.0,
          126.0
        ],
        [
          256.0,
          127.0
        ],
        [
          256.0,
          130.0
        ],
        [
          260.0,
          134.0
        ],
        [
          267.0,
          134.0
        ],
        [
          268.0,
          135.0
        ],
        [
          269.0,
          135.0
        ],
        [
          270.0,
          136.0
        ],
        [
          271.0,
          136.0
        ],
        [
          272.0,
          137.0
        ],
        [
          274.0,
          137.0
        ],
        [
          275.0,
          138.0
        ],
        [
          278.0,
          138.0
        ],
        [
          279.0,
          137.0
        ],
        [
          281.0,
          137.0
        ],
        [
          282.0,
          136.0
        ],
        [
          283.0,
          136.0
        ],
        [
          283.0,
          131.0
        ],
        [
          286.0,
          128.0
        ],
        [
          287.0,
          128.0
        ],
        [
          288.0,
          127.0
        ]
      ],
      "group_id": null,
      "shape_type": "polygon",
      "flags": {}
    },
    {
      "label": "weed",
      "text": "",
      "points": [
        [
          48.0,
          267.0
        ],
        [
          48.0,
          269.0
        ],
        [
          51.0,
          272.0
        ],
        [
          52.0,
          272.0
        ],
        [
          64.0,
          284.0
        ],
        [
          64.0,
          285.0
        ],
        [
          65.0,
          286.0
        ],
        [
          65.0,
          287.0
        ],
        [
          66.0,
          288.0
        ],
        [
          66.0,
          290.0
        ],
        [
          67.0,
          291.0
        ],
        [
          67.0,
          293.0
        ],
        [
          69.0,
          295.0
        ],
        [
          70.0,
          295.0
        ],
        [
          71.0,
          296.0
        ],
        [
          74.0,
          296.0
        ],
        [
          75.0,
          295.0
        ],
        [
          76.0,
          295.0
        ],
        [
          78.0,
          293.0
        ],
        [
          79.0,
          293.0
        ],
        [
          80.0,
          292.0
        ],
        [
          80.0,
          291.0
        ],
        [
          81.0,
          290.0
        ],
        [
          81.0,
          287.0
        ],
        [
          80.0,
          286.0
        ],
        [
          80.0,
          285.0
        ],
        [
          79.0,
          284.0
        ],
        [
          79.0,
          283.0
        ],
        [
          77.0,
          281.0
        ],
        [
          77.0,
          280.0
        ],
        [
          76.0,
          279.0
        ],
        [
          76.0,
          278.0
        ],
        [
          71.0,
          273.0
        ],
        [
          70.0,
          273.0
        ],
        [
          69.0,
          272.0
        ],
        [
          67.0,
          272.0
        ],
        [
          66.0,
          271.0
        ],
        [
          65.0,
          271.0
        ],
        [
          64.0,
          270.0
        ],
        [
          63.0,
          270.0
        ],
        [
          61.0,
          268.0
        ],
        [
          60.0,
          268.0
        ],
        [
          59.0,
          267.0
        ]
      ],
      "group_id": null,
      "shape_type": "polygon",
      "flags": {}
    },
    {
      "label": "weed",
      "text": "",
      "points": [
        [
          215.0,
          197.0
        ],
        [
          212.0,
          197.0
        ],
        [
          210.0,
          199.0
        ],
        [
          209.0,
          199.0
        ],
        [
          208.0,
          200.0
        ],
        [
          205.0,
          200.0
        ],
        [
          204.0,
          201.0
        ],
        [
          203.0,
          201.0
        ],
        [
          202.0,
          202.0
        ],
        [
          201.0,
          202.0
        ],
        [
          201.0,
          203.0
        ],
        [
          199.0,
          205.0
        ],
        [
          199.0,
          206.0
        ],
        [
          198.0,
          207.0
        ],
        [
          198.0,
          216.0
        ],
        [
          199.0,
          217.0
        ],
        [
          199.0,
          218.0
        ],
        [
          200.0,
          219.0
        ],
        [
          206.0,
          219.0
        ],
        [
          207.0,
          218.0
        ],
        [
          209.0,
          218.0
        ],
        [
          211.0,
          220.0
        ],
        [
          213.0,
          220.0
        ],
        [
          214.0,
          221.0
        ],
        [
          216.0,
          221.0
        ],
        [
          217.0,
          220.0
        ],
        [
          218.0,
          220.0
        ],
        [
          218.0,
          215.0
        ],
        [
          221.0,
          212.0
        ],
        [
          221.0,
          211.0
        ],
        [
          222.0,
          210.0
        ],
        [
          222.0,
          206.0
        ],
        [
          221.0,
          205.0
        ],
        [
          221.0,
          204.0
        ],
        [
          218.0,
          201.0
        ],
        [
          218.0,
          200.0
        ]
      ],
      "group_id": null,
      "shape_type": "polygon",
      "flags": {}
    }
  ],
  "imagePath": "..\\after_crop\\tile_5_4.jpg",
  "imageData": null,
  "imageHeight": 640,
  "imageWidth": 640
}