{
  "version": "0.3.3",
  "flags": {},
  "shapes": [
    {
      "label": "potato",
      "text": "",
      "points": [
        [
          190.0,
          118.0
        ],
        [
          189.0,
          117.0
        ],
        [
          187.0,
          117.0
        ],
        [
          186.0,
          116.0
        ],
        [
          180.0,
          116.0
        ],
        [
          179.0,
          117.0
        ],
        [
          175.0,
          117.0
        ],
        [
          174.0,
          118.0
        ],
        [
          173.0,
          118.0
        ],
        [
          172.0,
          117.0
        ],
        [
          161.0,
          117.0
        ],
        [
          160.0,
          116.0
        ],
        [
          153.0,
          116.0
        ],
        [
          150.0,
          119.0
        ],
        [
          149.0,
          122.0
        ],
        [
          144.0,
          127.0
        ],
        [
          143.0,
          127.0
        ],
        [
          140.0,
          125.0
        ],
        [
          138.0,
          125.0
        ],
        [
          137.0,
          124.0
        ],
        [
          135.0,
          124.0
        ],
        [
          134.0,
          123.0
        ],
        [
          132.0,
          123.0
        ],
        [
          131.0,
          122.0
        ],
        [
          129.0,
          122.0
        ],
        [
          128.0,
          121.0
        ],
        [
          126.0,
          121.0
        ],
        [
          125.0,
          120.0
        ],
        [
          121.0,
          120.0
        ],
        [
          120.0,
          121.0
        ],
        [
          114.0,
          121.0
        ],
        [
          113.0,
          120.0
        ],
        [
          112.0,
          120.0
        ],
        [
          109.0,
          118.0
        ],
        [
          103.0,
          118.0
        ],
        [
          101.0,
          121.0
        ],
        [
          101.0,
          132.0
        ],
        [
          102.0,
          133.0
        ],
        [
          102.0,
          137.0
        ],
        [
          103.0,
          138.0
        ],
        [
          103.0,
          140.0
        ],
        [
          104.0,
          141.0
        ],
        [
          104.0,
          146.0
        ],
        [
          103.0,
          147.0
        ],
        [
          103.0,
          153.0
        ],
        [
          105.0,
          155.0
        ],
        [
          108.0,
          155.0
        ],
        [
          109.0,
          156.0
        ],
        [
          111.0,
          156.0
        ],
        [
          114.0,
          159.0
        ],
        [
          114.0,
          165.0
        ],
        [
          113.0,
          166.0
        ],
        [
          113.0,
          176.0
        ],
        [
          114.0,
          177.0
        ],
        [
          114.0,
          183.0
        ],
        [
          116.0,
          185.0
        ],
        [
          121.0,
          185.0
        ],
        [
          122.0,
          184.0
        ],
        [
          123.0,
          184.0
        ],
        [
          125.0,
          182.0
        ],
        [
          126.0,
          183.0
        ],
        [
          127.0,
          183.0
        ],
        [
          134.0,
          190.0
        ],
        [
          137.0,
          190.0
        ],
        [
          138.0,
          189.0
        ],
        [
          140.0,
          189.0
        ],
        [
          141.0,
          188.0
        ],
        [
          144.0,
          187.0
        ],
        [
          147.0,
          184.0
        ],
        [
          147.0,
          183.0
        ],
        [
          149.0,
          180.0
        ],
        [
          149.0,
          177.0
        ],
        [
          152.0,
          174.0
        ],
        [
          153.0,
          174.0
        ],
        [
          154.0,
          173.0
        ],
        [
          161.0,
          173.0
        ],
        [
          162.0,
          174.0
        ],
        [
          168.0,
          174.0
        ],
        [
          170.0,
          172.0
        ],
        [
          170.0,
          169.0
        ],
        [
          169.0,
          168.0
        ],
        [
          169.0,
          166.0
        ],
        [
          167.0,
          163.0
        ],
        [
          167.0,
          161.0
        ],
        [
          166.0,
          160.0
        ],
        [
          166.0,
          158.0
        ],
        [
          167.0,
          157.0
        ],
        [
          169.0,
          157.0
        ],
        [
          172.0,
          160.0
        ],
        [
          175.0,
          160.0
        ],
        [
          176.0,
          161.0
        ],
        [
          178.0,
          161.0
        ],
        [
          179.0,
          160.0
        ],
        [
          182.0,
          159.0
        ],
        [
          182.0,
          155.0
        ],
        [
          183.0,
          154.0
        ],
        [
          183.0,
          148.0
        ],
        [
          182.0,
          147.0
        ],
        [
          182.0,
          144.0
        ],
        [
          181.0,
          143.0
        ],
        [
          181.0,
          141.0
        ],
        [
          182.0,
          140.0
        ],
        [
          182.0,
          138.0
        ],
        [
          183.0,
          137.0
        ],
        [
          183.0,
          136.0
        ],
        [
          186.0,
          133.0
        ],
        [
          187.0,
          130.0
        ],
        [
          191.0,
          125.0
        ],
        [
          191.0,
          120.0
        ],
        [
          190.0,
          119.0
        ]
      ],
      "group_id": null,
      "shape_type": "polygon",
      "flags": {}
    },
    {
      "label": "potato",
      "text": "",
      "points": [
        [
          410.0,
          279.0
        ],
        [
          405.0,
          279.0
        ],
        [
          404.0,
          280.0
        ],
        [
          401.0,
          281.0
        ],
        [
          394.0,
          288.0
        ],
        [
          394.0,
          289.0
        ],
        [
          390.0,
          292.0
        ],
        [
          373.0,
          292.0
        ],
        [
          371.0,
          294.0
        ],
        [
          371.0,
          295.0
        ],
        [
          372.0,
          296.0
        ],
        [
          372.0,
          298.0
        ],
        [
          373.0,
          299.0
        ],
        [
          373.0,
          305.0
        ],
        [
          374.0,
          306.0
        ],
        [
          374.0,
          308.0
        ],
        [
          375.0,
          309.0
        ],
        [
          375.0,
          311.0
        ],
        [
          376.0,
          312.0
        ],
        [
          376.0,
          315.0
        ],
        [
          377.0,
          316.0
        ],
        [
          377.0,
          328.0
        ],
        [
          373.0,
          332.0
        ],
        [
          373.0,
          333.0
        ],
        [
          372.0,
          334.0
        ],
        [
          372.0,
          339.0
        ],
        [
          374.0,
          341.0
        ],
        [
          374.0,
          343.0
        ],
        [
          375.0,
          344.0
        ],
        [
          376.0,
          347.0
        ],
        [
          380.0,
          352.0
        ],
        [
          380.0,
          353.0
        ],
        [
          382.0,
          356.0
        ],
        [
          382.0,
          358.0
        ],
        [
          384.0,
          360.0
        ],
        [
          384.0,
          364.0
        ],
        [
          382.0,
          366.0
        ],
        [
          380.0,
          366.0
        ],
        [
          379.0,
          367.0
        ],
        [
          378.0,
          367.0
        ],
        [
          378.0,
          368.0
        ],
        [
          376.0,
          370.0
        ],
        [
          375.0,
          370.0
        ],
        [
          369.0,
          366.0
        ],
        [
          369.0,
          364.0
        ],
        [
          372.0,
          362.0
        ],
        [
          367.0,
          362.0
        ],
        [
          367.0,
          364.0
        ],
        [
          368.0,
          365.0
        ],
        [
          367.0,
          366.0
        ],
        [
          367.0,
          367.0
        ],
        [
          363.0,
          371.0
        ],
        [
          361.0,
          371.0
        ],
        [
          360.0,
          370.0
        ],
        [
          359.0,
          365.0
        ],
        [
          358.0,
          364.0
        ],
        [
          357.0,
          364.0
        ],
        [
          357.0,
          366.0
        ],
        [
          355.0,
          369.0
        ],
        [
          358.0,
          373.0
        ],
        [
          360.0,
          373.0
        ],
        [
          361.0,
          374.0
        ],
        [
          361.0,
          376.0
        ],
        [
          362.0,
          377.0
        ],
        [
          362.0,
          380.0
        ],
        [
          360.0,
          383.0
        ],
        [
          360.0,
          387.0
        ],
        [
          362.0,
          389.0
        ],
        [
          367.0,
          389.0
        ],
        [
          368.0,
          388.0
        ],
        [
          375.0,
          387.0
        ],
        [
          378.0,
          385.0
        ],
        [
          381.0,
          385.0
        ],
        [
          382.0,
          384.0
        ],
        [
          387.0,
          384.0
        ],
        [
          388.0,
          385.0
        ],
        [
          390.0,
          385.0
        ],
        [
          394.0,
          390.0
        ],
        [
          403.0,
          390.0
        ],
        [
          404.0,
          389.0
        ],
        [
          409.0,
          389.0
        ],
        [
          411.0,
          387.0
        ],
        [
          412.0,
          387.0
        ],
        [
          415.0,
          385.0
        ],
        [
          419.0,
          385.0
        ],
        [
          420.0,
          386.0
        ],
        [
          421.0,
          386.0
        ],
        [
          423.0,
          384.0
        ],
        [
          426.0,
          384.0
        ],
        [
          427.0,
          385.0
        ],
        [
          435.0,
          385.0
        ],
        [
          436.0,
          386.0
        ],
        [
          444.0,
          386.0
        ],
        [
          448.0,
          383.0
        ],
        [
          448.0,
          374.0
        ],
        [
          447.0,
          373.0
        ],
        [
          447.0,
          371.0
        ],
        [
          446.0,
          370.0
        ],
        [
          446.0,
          369.0
        ],
        [
          444.0,
          367.0
        ],
        [
          444.0,
          366.0
        ],
        [
          440.0,
          362.0
        ],
        [
          440.0,
          361.0
        ],
        [
          439.0,
          360.0
        ],
        [
          439.0,
          351.0
        ],
        [
          436.0,
          348.0
        ],
        [
          436.0,
          347.0
        ],
        [
          435.0,
          346.0
        ],
        [
          433.0,
          346.0
        ],
        [
          432.0,
          345.0
        ],
        [
          429.0,
          344.0
        ],
        [
          425.0,
          340.0
        ],
        [
          425.0,
          333.0
        ],
        [
          426.0,
          332.0
        ],
        [
          426.0,
          329.0
        ],
        [
          427.0,
          328.0
        ],
        [
          427.0,
          325.0
        ],
        [
          428.0,
          324.0
        ],
        [
          428.0,
          320.0
        ],
        [
          429.0,
          319.0
        ],
        [
          429.0,
          317.0
        ],
        [
          428.0,
          316.0
        ],
        [
          428.0,
          312.0
        ],
        [
          427.0,
          311.0
        ],
        [
          427.0,
          307.0
        ],
        [
          426.0,
          306.0
        ],
        [
          426.0,
          301.0
        ],
        [
          425.0,
          300.0
        ],
        [
          425.0,
          298.0
        ],
        [
          424.0,
          297.0
        ],
        [
          422.0,
          292.0
        ],
        [
          417.0,
          286.0
        ],
        [
          417.0,
          285.0
        ],
        [
          412.0,
          280.0
        ],
        [
          411.0,
          280.0
        ]
      ],
      "group_id": null,
      "shape_type": "polygon",
      "flags": {}
    },
    {
      "label": "potato",
      "text": "",
      "points": [
        [
          458.0,
          400.0
        ],
        [
          456.0,
          400.0
        ],
        [
          455.0,
          399.0
        ],
        [
          452.0,
          399.0
        ],
        [
          451.0,
          398.0
        ],
        [
          449.0,
          398.0
        ],
        [
          448.0,
          399.0
        ],
        [
          442.0,
          399.0
        ],
        [
          441.0,
          400.0
        ],
        [
          435.0,
          400.0
        ],
        [
          434.0,
          399.0
        ],
        [
          432.0,
          399.0
        ],
        [
          427.0,
          394.0
        ],
        [
          427.0,
          393.0
        ],
        [
          425.0,
          391.0
        ],
        [
          424.0,
          391.0
        ],
        [
          421.0,
          389.0
        ],
        [
          419.0,
          389.0
        ],
        [
          418.0,
          388.0
        ],
        [
          414.0,
          388.0
        ],
        [
          413.0,
          389.0
        ],
        [
          411.0,
          389.0
        ],
        [
          409.0,
          391.0
        ],
        [
          408.0,
          391.0
        ],
        [
          408.0,
          392.0
        ],
        [
          407.0,
          393.0
        ],
        [
          407.0,
          396.0
        ],
        [
          405.0,
          398.0
        ],
        [
          405.0,
          399.0
        ],
        [
          403.0,
          402.0
        ],
        [
          403.0,
          413.0
        ],
        [
          402.0,
          414.0
        ],
        [
          402.0,
          415.0
        ],
        [
          401.0,
          416.0
        ],
        [
          401.0,
          417.0
        ],
        [
          400.0,
          418.0
        ],
        [
          400.0,
          419.0
        ],
        [
          399.0,
          420.0
        ],
        [
          398.0,
          423.0
        ],
        [
          396.0,
          425.0
        ],
        [
          396.0,
          426.0
        ],
        [
          395.0,
          427.0
        ],
        [
          394.0,
          430.0
        ],
        [
          391.0,
          433.0
        ],
        [
          391.0,
          434.0
        ],
        [
          386.0,
          439.0
        ],
        [
          386.0,
          440.0
        ],
        [
          385.0,
          441.0
        ],
        [
          385.0,
          451.0
        ],
        [
          387.0,
          453.0
        ],
        [
          387.0,
          454.0
        ],
        [
          389.0,
          457.0
        ],
        [
          389.0,
          459.0
        ],
        [
          390.0,
          460.0
        ],
        [
          390.0,
          463.0
        ],
        [
          391.0,
          464.0
        ],
        [
          391.0,
          467.0
        ],
        [
          392.0,
          468.0
        ],
        [
          392.0,
          474.0
        ],
        [
          393.0,
          475.0
        ],
        [
          393.0,
          480.0
        ],
        [
          395.0,
          483.0
        ],
        [
          395.0,
          486.0
        ],
        [
          396.0,
          487.0
        ],
        [
          396.0,
          492.0
        ],
        [
          397.0,
          493.0
        ],
        [
          398.0,
          496.0
        ],
        [
          403.0,
          501.0
        ],
        [
          404.0,
          501.0
        ],
        [
          405.0,
          502.0
        ],
        [
          407.0,
          502.0
        ],
        [
          408.0,
          501.0
        ],
        [
          411.0,
          500.0
        ],
        [
          415.0,
          496.0
        ],
        [
          415.0,
          495.0
        ],
        [
          416.0,
          494.0
        ],
        [
          416.0,
          492.0
        ],
        [
          417.0,
          491.0
        ],
        [
          417.0,
          482.0
        ],
        [
          418.0,
          481.0
        ],
        [
          418.0,
          480.0
        ],
        [
          421.0,
          477.0
        ],
        [
          423.0,
          477.0
        ],
        [
          424.0,
          476.0
        ],
        [
          435.0,
          476.0
        ],
        [
          436.0,
          475.0
        ],
        [
          437.0,
          475.0
        ],
        [
          438.0,
          474.0
        ],
        [
          441.0,
          473.0
        ],
        [
          443.0,
          467.0
        ],
        [
          449.0,
          461.0
        ],
        [
          450.0,
          458.0
        ],
        [
          452.0,
          456.0
        ],
        [
          452.0,
          455.0
        ],
        [
          454.0,
          453.0
        ],
        [
          454.0,
          452.0
        ],
        [
          456.0,
          450.0
        ],
        [
          456.0,
          449.0
        ],
        [
          459.0,
          446.0
        ],
        [
          459.0,
          444.0
        ],
        [
          460.0,
          443.0
        ],
        [
          460.0,
          438.0
        ],
        [
          461.0,
          437.0
        ],
        [
          461.0,
          434.0
        ],
        [
          459.0,
          432.0
        ],
        [
          456.0,
          431.0
        ],
        [
          453.0,
          428.0
        ],
        [
          453.0,
          420.0
        ],
        [
          454.0,
          419.0
        ],
        [
          454.0,
          418.0
        ],
        [
          455.0,
          417.0
        ],
        [
          456.0,
          414.0
        ],
        [
          458.0,
          412.0
        ],
        [
          458.0,
          411.0
        ],
        [
          459.0,
          410.0
        ],
        [
          459.0,
          409.0
        ],
        [
          461.0,
          406.0
        ],
        [
          461.0,
          403.0
        ]
      ],
      "group_id": null,
      "shape_type": "polygon",
      "flags": {}
    },
    {
      "label": "potato",
      "text": "",
      "points": [
        [
          633.0,
          135.0
        ],
        [
          632.0,
          136.0
        ],
        [
          631.0,
          136.0
        ],
        [
          630.0,
          137.0
        ],
        [
          629.0,
          137.0
        ],
        [
          628.0,
          138.0
        ],
        [
          627.0,
          138.0
        ],
        [
          625.0,
          140.0
        ],
        [
          625.0,
          143.0
        ],
        [
          624.0,
          144.0
        ],
        [
          624.0,
          146.0
        ],
        [
          623.0,
          147.0
        ],
        [
          623.0,
          156.0
        ],
        [
          622.0,
          157.0
        ],
        [
          622.0,
          158.0
        ],
        [
          621.0,
          159.0
        ],
        [
          620.0,
          159.0
        ],
        [
          618.0,
          161.0
        ],
        [
          618.0,
          162.0
        ],
        [
          616.0,
          164.0
        ],
        [
          616.0,
          165.0
        ],
        [
          615.0,
          166.0
        ],
        [
          615.0,
          167.0
        ],
        [
          614.0,
          168.0
        ],
        [
          614.0,
          171.0
        ],
        [
          613.0,
          172.0
        ],
        [
          613.0,
          178.0
        ],
        [
          614.0,
          179.0
        ],
        [
          615.0,
          179.0
        ],
        [
          616.0,
          180.0
        ],
        [
          620.0,
          180.0
        ],
        [
          621.0,
          181.0
        ],
        [
          629.0,
          181.0
        ],
        [
          630.0,
          182.0
        ],
        [
          634.0,
          182.0
        ],
        [
          635.0,
          183.0
        ],
        [
          638.0,
          183.0
        ],
        [
          638.0,
          182.0
        ],
        [
          639.0,
          181.0
        ],
        [
          639.0,
          136.0
        ],
        [
          638.0,
          135.0
        ]
      ],
      "group_id": null,
      "shape_type": "polygon",
      "flags": {}
    },
    {
      "label": "weed",
      "text": "",
      "points": [
        [
          345.0,
          269.0
        ],
        [
          344.0,
          270.0
        ],
        [
          343.0,
          270.0
        ],
        [
          343.0,
          271.0
        ],
        [
          342.0,
          272.0
        ],
        [
          342.0,
          288.0
        ],
        [
          341.0,
          289.0
        ],
        [
          341.0,
          290.0
        ],
        [
          340.0,
          291.0
        ],
        [
          340.0,
          292.0
        ],
        [
          339.0,
          293.0
        ],
        [
          339.0,
          305.0
        ],
        [
          342.0,
          308.0
        ],
        [
          343.0,
          308.0
        ],
        [
          346.0,
          311.0
        ],
        [
          347.0,
          311.0
        ],
        [
          348.0,
          312.0
        ],
        [
          348.0,
          317.0
        ],
        [
          349.0,
          318.0
        ],
        [
          349.0,
          320.0
        ],
        [
          348.0,
          321.0
        ],
        [
          348.0,
          322.0
        ],
        [
          347.0,
          323.0
        ],
        [
          346.0,
          323.0
        ],
        [
          346.0,
          329.0
        ],
        [
          345.0,
          330.0
        ],
        [
          345.0,
          332.0
        ],
        [
          346.0,
          333.0
        ],
        [
          346.0,
          334.0
        ],
        [
          348.0,
          336.0
        ],
        [
          348.0,
          337.0
        ],
        [
          349.0,
          338.0
        ],
        [
          349.0,
          340.0
        ],
        [
          350.0,
          341.0
        ],
        [
          350.0,
          342.0
        ],
        [
          351.0,
          343.0
        ],
        [
          351.0,
          344.0
        ],
        [
          352.0,
          345.0
        ],
        [
          353.0,
          345.0
        ],
        [
          354.0,
          346.0
        ],
        [
          355.0,
          345.0
        ],
        [
          356.0,
          345.0
        ],
        [
          356.0,
          341.0
        ],
        [
          355.0,
          340.0
        ],
        [
          352.0,
          340.0
        ],
        [
          351.0,
          339.0
        ],
        [
          351.0,
          338.0
        ],
        [
          352.0,
          337.0
        ],
        [
          354.0,
          337.0
        ],
        [
          355.0,
          336.0
        ],
        [
          355.0,
          335.0
        ],
        [
          356.0,
          334.0
        ],
        [
          356.0,
          332.0
        ],
        [
          357.0,
          331.0
        ],
        [
          357.0,
          329.0
        ],
        [
          358.0,
          328.0
        ],
        [
          358.0,
          324.0
        ],
        [
          357.0,
          323.0
        ],
        [
          357.0,
          321.0
        ],
        [
          356.0,
          320.0
        ],
        [
          356.0,
          319.0
        ],
        [
          357.0,
          318.0
        ],
        [
          357.0,
          316.0
        ],
        [
          354.0,
          313.0
        ],
        [
          354.0,
          312.0
        ],
        [
          355.0,
          311.0
        ],
        [
          355.0,
          310.0
        ],
        [
          356.0,
          309.0
        ],
        [
          356.0,
          308.0
        ],
        [
          357.0,
          307.0
        ],
        [
          361.0,
          307.0
        ],
        [
          362.0,
          308.0
        ],
        [
          363.0,
          308.0
        ],
        [
          364.0,
          309.0
        ],
        [
          364.0,
          307.0
        ],
        [
          365.0,
          306.0
        ],
        [
          365.0,
          305.0
        ],
        [
          364.0,
          304.0
        ],
        [
          364.0,
          302.0
        ],
        [
          363.0,
          301.0
        ],
        [
          363.0,
          297.0
        ],
        [
          362.0,
          296.0
        ],
        [
          362.0,
          291.0
        ],
        [
          361.0,
          290.0
        ],
        [
          361.0,
          289.0
        ],
        [
          360.0,
          288.0
        ],
        [
          360.0,
          287.0
        ],
        [
          359.0,
          286.0
        ],
        [
          359.0,
          281.0
        ],
        [
          360.0,
          280.0
        ],
        [
          360.0,
          273.0
        ],
        [
          358.0,
          271.0
        ],
        [
          357.0,
          271.0
        ],
        [
          356.0,
          270.0
        ],
        [
          354.0,
          270.0
        ],
        [
          353.0,
          269.0
        ]
      ],
      "group_id": null,
      "shape_type": "polygon",
      "flags": {}
    },
    {
      "label": "potato",
      "text": "",
      "points": [
        [
          410.0,
          90.0
        ],
        [
          406.0,
          90.0
        ],
        [
          404.0,
          92.0
        ],
        [
          403.0,
          92.0
        ],
        [
          402.0,
          93.0
        ],
        [
          401.0,
          93.0
        ],
        [
          400.0,
          94.0
        ],
        [
          399.0,
          94.0
        ],
        [
          396.0,
          97.0
        ],
        [
          395.0,
          97.0
        ],
        [
          395.0,
          98.0
        ],
        [
          394.0,
          99.0
        ],
        [
          394.0,
          100.0
        ],
        [
          393.0,
          101.0
        ],
        [
          393.0,
          105.0
        ],
        [
          394.0,
          106.0
        ],
        [
          394.0,
          116.0
        ],
        [
          395.0,
          117.0
        ],
        [
          395.0,
          119.0
        ],
        [
          399.0,
          123.0
        ],
        [
          400.0,
          123.0
        ],
        [
          401.0,
          124.0
        ],
        [
          406.0,
          124.0
        ],
        [
          407.0,
          123.0
        ],
        [
          409.0,
          123.0
        ],
        [
          410.0,
          122.0
        ],
        [
          411.0,
          122.0
        ],
        [
          414.0,
          119.0
        ],
        [
          414.0,
          116.0
        ],
        [
          415.0,
          115.0
        ],
        [
          415.0,
          110.0
        ],
        [
          416.0,
          109.0
        ],
        [
          416.0,
          108.0
        ],
        [
          417.0,
          107.0
        ],
        [
          417.0,
          102.0
        ],
        [
          415.0,
          100.0
        ],
        [
          415.0,
          97.0
        ],
        [
          414.0,
          96.0
        ],
        [
          414.0,
          93.0
        ],
        [
          412.0,
          91.0
        ],
        [
          411.0,
          91.0
        ]
      ],
      "group_id": null,
      "shape_type": "polygon",
      "flags": {}
    },
    {
      "label": "potato",
      "text": "",
      "points": [
        [
          409.0,
          162.0
        ],
        [
          407.0,
          162.0
        ],
        [
          406.0,
          161.0
        ],
        [
          405.0,
          161.0
        ],
        [
          404.0,
          162.0
        ],
        [
          403.0,
          162.0
        ],
        [
          402.0,
          163.0
        ],
        [
          402.0,
          164.0
        ],
        [
          399.0,
          167.0
        ],
        [
          398.0,
          167.0
        ],
        [
          396.0,
          169.0
        ],
        [
          395.0,
          169.0
        ],
        [
          394.0,
          170.0
        ],
        [
          393.0,
          170.0
        ],
        [
          391.0,
          172.0
        ],
        [
          391.0,
          173.0
        ],
        [
          389.0,
          175.0
        ],
        [
          389.0,
          176.0
        ],
        [
          386.0,
          179.0
        ],
        [
          386.0,
          180.0
        ],
        [
          385.0,
          181.0
        ],
        [
          385.0,
          183.0
        ],
        [
          386.0,
          184.0
        ],
        [
          386.0,
          186.0
        ],
        [
          387.0,
          187.0
        ],
        [
          387.0,
          188.0
        ],
        [
          388.0,
          189.0
        ],
        [
          388.0,
          190.0
        ],
        [
          391.0,
          193.0
        ],
        [
          391.0,
          197.0
        ],
        [
          393.0,
          199.0
        ],
        [
          400.0,
          199.0
        ],
        [
          401.0,
          198.0
        ],
        [
          406.0,
          198.0
        ],
        [
          407.0,
          197.0
        ],
        [
          408.0,
          197.0
        ],
        [
          409.0,
          196.0
        ],
        [
          410.0,
          196.0
        ],
        [
          411.0,
          195.0
        ],
        [
          412.0,
          195.0
        ],
        [
          413.0,
          194.0
        ],
        [
          413.0,
          190.0
        ],
        [
          412.0,
          189.0
        ],
        [
          412.0,
          182.0
        ],
        [
          413.0,
          181.0
        ],
        [
          413.0,
          177.0
        ],
        [
          414.0,
          176.0
        ],
        [
          414.0,
          167.0
        ],
        [
          411.0,
          164.0
        ],
        [
          411.0,
          163.0
        ],
        [
          410.0,
          163.0
        ]
      ],
      "group_id": null,
      "shape_type": "polygon",
      "flags": {}
    },
    {
      "label": "weed",
      "text": "",
      "points": [
        [
          132.0,
          586.0
        ],
        [
          132.0,
          587.0
        ],
        [
          131.0,
          588.0
        ],
        [
          131.0,
          592.0
        ],
        [
          132.0,
          593.0
        ],
        [
          132.0,
          594.0
        ],
        [
          133.0,
          595.0
        ],
        [
          133.0,
          596.0
        ],
        [
          134.0,
          597.0
        ],
        [
          135.0,
          597.0
        ],
        [
          136.0,
          598.0
        ],
        [
          143.0,
          598.0
        ],
        [
          144.0,
          599.0
        ],
        [
          145.0,
          599.0
        ],
        [
          147.0,
          601.0
        ],
        [
          149.0,
          601.0
        ],
        [
          150.0,
          602.0
        ],
        [
          152.0,
          602.0
        ],
        [
          153.0,
          601.0
        ],
        [
          155.0,
          601.0
        ],
        [
          156.0,
          600.0
        ],
        [
          156.0,
          599.0
        ],
        [
          158.0,
          597.0
        ],
        [
          158.0,
          596.0
        ],
        [
          160.0,
          594.0
        ],
        [
          160.0,
          582.0
        ],
        [
          149.0,
          582.0
        ],
        [
          148.0,
          581.0
        ],
        [
          146.0,
          581.0
        ],
        [
          145.0,
          582.0
        ],
        [
          143.0,
          582.0
        ],
        [
          142.0,
          583.0
        ],
        [
          137.0,
          583.0
        ],
        [
          136.0,
          584.0
        ],
        [
          134.0,
          584.0
        ]
      ],
      "group_id": null,
      "shape_type": "polygon",
      "flags": {}
    },
    {
      "label": "weed",
      "text": "",
      "points": [
        [
          369.0,
          458.0
        ],
        [
          368.0,
          459.0
        ],
        [
          368.0,
          460.0
        ],
        [
          367.0,
          461.0
        ],
        [
          367.0,
          468.0
        ],
        [
          368.0,
          469.0
        ],
        [
          368.0,
          470.0
        ],
        [
          366.0,
          472.0
        ],
        [
          366.0,
          473.0
        ],
        [
          365.0,
          474.0
        ],
        [
          365.0,
          476.0
        ],
        [
          364.0,
          477.0
        ],
        [
          364.0,
          478.0
        ],
        [
          363.0,
          479.0
        ],
        [
          363.0,
          481.0
        ],
        [
          362.0,
          482.0
        ],
        [
          362.0,
          484.0
        ],
        [
          361.0,
          485.0
        ],
        [
          361.0,
          487.0
        ],
        [
          360.0,
          488.0
        ],
        [
          360.0,
          489.0
        ],
        [
          361.0,
          490.0
        ],
        [
          361.0,
          491.0
        ],
        [
          363.0,
          493.0
        ],
        [
          363.0,
          494.0
        ],
        [
          365.0,
          496.0
        ],
        [
          365.0,
          497.0
        ],
        [
          366.0,
          498.0
        ],
        [
          366.0,
          500.0
        ],
        [
          367.0,
          501.0
        ],
        [
          367.0,
          502.0
        ],
        [
          369.0,
          504.0
        ],
        [
          370.0,
          504.0
        ],
        [
          371.0,
          505.0
        ],
        [
          373.0,
          505.0
        ],
        [
          374.0,
          504.0
        ],
        [
          376.0,
          504.0
        ],
        [
          383.0,
          497.0
        ],
        [
          384.0,
          497.0
        ],
        [
          385.0,
          496.0
        ],
        [
          387.0,
          496.0
        ],
        [
          387.0,
          494.0
        ],
        [
          386.0,
          493.0
        ],
        [
          386.0,
          492.0
        ],
        [
          385.0,
          491.0
        ],
        [
          385.0,
          489.0
        ],
        [
          384.0,
          488.0
        ],
        [
          384.0,
          486.0
        ],
        [
          383.0,
          485.0
        ],
        [
          383.0,
          481.0
        ],
        [
          382.0,
          480.0
        ],
        [
          382.0,
          479.0
        ],
        [
          381.0,
          478.0
        ],
        [
          381.0,
          474.0
        ],
        [
          380.0,
          473.0
        ],
        [
          380.0,
          471.0
        ],
        [
          379.0,
          470.0
        ],
        [
          379.0,
          467.0
        ],
        [
          378.0,
          467.0
        ],
        [
          377.0,
          468.0
        ],
        [
          376.0,
          468.0
        ],
        [
          375.0,
          467.0
        ],
        [
          375.0,
          466.0
        ],
        [
          374.0,
          465.0
        ],
        [
          374.0,
          462.0
        ],
        [
          372.0,
          460.0
        ],
        [
          371.0,
          460.0
        ]
      ],
      "group_id": null,
      "shape_type": "polygon",
      "flags": {}
    },
    {
      "label": "weed",
      "text": "",
      "points": [
        [
          357.0,
          428.0
        ],
        [
          357.0,
          429.0
        ],
        [
          356.0,
          430.0
        ],
        [
          356.0,
          431.0
        ],
        [
          355.0,
          432.0
        ],
        [
          354.0,
          432.0
        ],
        [
          354.0,
          434.0
        ],
        [
          355.0,
          433.0
        ],
        [
          358.0,
          433.0
        ],
        [
          360.0,
          435.0
        ],
        [
          360.0,
          436.0
        ],
        [
          362.0,
          438.0
        ],
        [
          362.0,
          439.0
        ],
        [
          363.0,
          440.0
        ],
        [
          363.0,
          446.0
        ],
        [
          364.0,
          447.0
        ],
        [
          364.0,
          448.0
        ],
        [
          365.0,
          449.0
        ],
        [
          366.0,
          449.0
        ],
        [
          371.0,
          454.0
        ],
        [
          371.0,
          457.0
        ],
        [
          372.0,
          457.0
        ],
        [
          373.0,
          456.0
        ],
        [
          373.0,
          453.0
        ],
        [
          372.0,
          452.0
        ],
        [
          372.0,
          451.0
        ],
        [
          374.0,
          449.0
        ],
        [
          374.0,
          444.0
        ],
        [
          373.0,
          443.0
        ],
        [
          373.0,
          441.0
        ],
        [
          372.0,
          440.0
        ],
        [
          372.0,
          437.0
        ],
        [
          371.0,
          436.0
        ],
        [
          371.0,
          435.0
        ],
        [
          370.0,
          434.0
        ],
        [
          370.0,
          433.0
        ],
        [
          368.0,
          431.0
        ],
        [
          368.0,
          430.0
        ],
        [
          366.0,
          428.0
        ],
        [
          365.0,
          428.0
        ],
        [
          364.0,
          427.0
        ],
        [
          360.0,
          427.0
        ],
        [
          359.0,
          428.0
        ]
      ],
      "group_id": null,
      "shape_type": "polygon",
      "flags": {}
    }
  ],
  "imagePath": "..\\after_crop\\tile_3_7.jpg",
  "imageData": null,
  "imageHeight": 640,
  "imageWidth": 640
}