{
  "version": "0.3.3",
  "flags": {},
  "shapes": [
    {
      "label": "potato",
      "text": "",
      "points": [
        [
          213.0,
          331.0
        ],
        [
          209.0,
          331.0
        ],
        [
          208.0,
          332.0
        ],
        [
          208.0,
          333.0
        ],
        [
          207.0,
          334.0
        ],
        [
          207.0,
          336.0
        ],
        [
          199.0,
          344.0
        ],
        [
          198.0,
          344.0
        ],
        [
          198.0,
          345.0
        ],
        [
          196.0,
          347.0
        ],
        [
          195.0,
          347.0
        ],
        [
          193.0,
          349.0
        ],
        [
          193.0,
          353.0
        ],
        [
          192.0,
          354.0
        ],
        [
          192.0,
          357.0
        ],
        [
          193.0,
          358.0
        ],
        [
          193.0,
          363.0
        ],
        [
          194.0,
          364.0
        ],
        [
          194.0,
          365.0
        ],
        [
          195.0,
          366.0
        ],
        [
          195.0,
          367.0
        ],
        [
          196.0,
          368.0
        ],
        [
          196.0,
          369.0
        ],
        [
          197.0,
          370.0
        ],
        [
          197.0,
          371.0
        ],
        [
          198.0,
          372.0
        ],
        [
          198.0,
          373.0
        ],
        [
          200.0,
          375.0
        ],
        [
          201.0,
          375.0
        ],
        [
          203.0,
          377.0
        ],
        [
          207.0,
          377.0
        ],
        [
          210.0,
          374.0
        ],
        [
          211.0,
          374.0
        ],
        [
          213.0,
          372.0
        ],
        [
          215.0,
          372.0
        ],
        [
          216.0,
          371.0
        ],
        [
          219.0,
          371.0
        ],
        [
          220.0,
          370.0
        ],
        [
          221.0,
          370.0
        ],
        [
          222.0,
          369.0
        ],
        [
          223.0,
          369.0
        ],
        [
          227.0,
          365.0
        ],
        [
          227.0,
          364.0
        ],
        [
          228.0,
          363.0
        ],
        [
          228.0,
          351.0
        ],
        [
          227.0,
          350.0
        ],
        [
          227.0,
          347.0
        ],
        [
          226.0,
          346.0
        ],
        [
          226.0,
          345.0
        ],
        [
          225.0,
          344.0
        ],
        [
          221.0,
          344.0
        ],
        [
          220.0,
          343.0
        ],
        [
          218.0,
          343.0
        ],
        [
          216.0,
          341.0
        ],
        [
          216.0,
          334.0
        ]
      ],
      "group_id": null,
      "shape_type": "polygon",
      "flags": {}
    },
    {
      "label": "potato",
      "text": "",
      "points": [
        [
          230.0,
          469.0
        ],
        [
          229.0,
          468.0
        ],
        [
          227.0,
          468.0
        ],
        [
          226.0,
          467.0
        ],
        [
          225.0,
          467.0
        ],
        [
          224.0,
          466.0
        ],
        [
          218.0,
          466.0
        ],
        [
          217.0,
          465.0
        ],
        [
          215.0,
          465.0
        ],
        [
          214.0,
          464.0
        ],
        [
          212.0,
          464.0
        ],
        [
          209.0,
          461.0
        ],
        [
          209.0,
          460.0
        ],
        [
          208.0,
          459.0
        ],
        [
          208.0,
          457.0
        ],
        [
          207.0,
          456.0
        ],
        [
          207.0,
          455.0
        ],
        [
          203.0,
          451.0
        ],
        [
          201.0,
          451.0
        ],
        [
          200.0,
          450.0
        ],
        [
          199.0,
          450.0
        ],
        [
          198.0,
          451.0
        ],
        [
          197.0,
          451.0
        ],
        [
          196.0,
          452.0
        ],
        [
          195.0,
          452.0
        ],
        [
          194.0,
          453.0
        ],
        [
          194.0,
          454.0
        ],
        [
          193.0,
          455.0
        ],
        [
          193.0,
          457.0
        ],
        [
          192.0,
          458.0
        ],
        [
          192.0,
          459.0
        ],
        [
          189.0,
          462.0
        ],
        [
          186.0,
          459.0
        ],
        [
          186.0,
          457.0
        ],
        [
          185.0,
          456.0
        ],
        [
          185.0,
          455.0
        ],
        [
          184.0,
          454.0
        ],
        [
          184.0,
          453.0
        ],
        [
          183.0,
          452.0
        ],
        [
          180.0,
          452.0
        ],
        [
          180.0,
          453.0
        ],
        [
          177.0,
          456.0
        ],
        [
          175.0,
          456.0
        ],
        [
          175.0,
          465.0
        ],
        [
          176.0,
          466.0
        ],
        [
          175.0,
          467.0
        ],
        [
          175.0,
          468.0
        ],
        [
          172.0,
          471.0
        ],
        [
          171.0,
          471.0
        ],
        [
          170.0,
          472.0
        ],
        [
          169.0,
          472.0
        ],
        [
          168.0,
          473.0
        ],
        [
          168.0,
          486.0
        ],
        [
          169.0,
          487.0
        ],
        [
          169.0,
          496.0
        ],
        [
          170.0,
          497.0
        ],
        [
          170.0,
          504.0
        ],
        [
          171.0,
          505.0
        ],
        [
          171.0,
          507.0
        ],
        [
          172.0,
          508.0
        ],
        [
          172.0,
          509.0
        ],
        [
          173.0,
          510.0
        ],
        [
          175.0,
          510.0
        ],
        [
          176.0,
          511.0
        ],
        [
          178.0,
          511.0
        ],
        [
          179.0,
          510.0
        ],
        [
          183.0,
          510.0
        ],
        [
          184.0,
          509.0
        ],
        [
          191.0,
          509.0
        ],
        [
          192.0,
          508.0
        ],
        [
          193.0,
          508.0
        ],
        [
          196.0,
          505.0
        ],
        [
          197.0,
          505.0
        ],
        [
          201.0,
          501.0
        ],
        [
          202.0,
          501.0
        ],
        [
          204.0,
          499.0
        ],
        [
          205.0,
          499.0
        ],
        [
          206.0,
          498.0
        ],
        [
          206.0,
          497.0
        ],
        [
          207.0,
          496.0
        ],
        [
          207.0,
          491.0
        ],
        [
          206.0,
          490.0
        ],
        [
          206.0,
          489.0
        ],
        [
          205.0,
          488.0
        ],
        [
          205.0,
          487.0
        ],
        [
          204.0,
          486.0
        ],
        [
          204.0,
          482.0
        ],
        [
          205.0,
          481.0
        ],
        [
          205.0,
          479.0
        ],
        [
          206.0,
          478.0
        ],
        [
          206.0,
          477.0
        ],
        [
          208.0,
          475.0
        ],
        [
          212.0,
          475.0
        ],
        [
          214.0,
          477.0
        ],
        [
          217.0,
          477.0
        ],
        [
          218.0,
          478.0
        ],
        [
          225.0,
          478.0
        ],
        [
          229.0,
          474.0
        ],
        [
          230.0,
          474.0
        ],
        [
          230.0,
          472.0
        ],
        [
          231.0,
          471.0
        ],
        [
          230.0,
          470.0
        ]
      ],
      "group_id": null,
      "shape_type": "polygon",
      "flags": {}
    },
    {
      "label": "potato",
      "text": "",
      "points": [
        [
          453.0,
          395.0
        ],
        [
          453.0,
          398.0
        ],
        [
          454.0,
          399.0
        ],
        [
          454.0,
          400.0
        ],
        [
          455.0,
          400.0
        ],
        [
          457.0,
          402.0
        ],
        [
          460.0,
          402.0
        ],
        [
          461.0,
          403.0
        ],
        [
          462.0,
          402.0
        ],
        [
          464.0,
          402.0
        ],
        [
          465.0,
          401.0
        ],
        [
          468.0,
          401.0
        ],
        [
          469.0,
          400.0
        ],
        [
          471.0,
          400.0
        ],
        [
          472.0,
          401.0
        ],
        [
          475.0,
          401.0
        ],
        [
          477.0,
          403.0
        ],
        [
          477.0,
          410.0
        ],
        [
          476.0,
          411.0
        ],
        [
          476.0,
          412.0
        ],
        [
          468.0,
          420.0
        ],
        [
          468.0,
          426.0
        ],
        [
          469.0,
          427.0
        ],
        [
          470.0,
          427.0
        ],
        [
          472.0,
          429.0
        ],
        [
          473.0,
          429.0
        ],
        [
          474.0,
          430.0
        ],
        [
          476.0,
          430.0
        ],
        [
          477.0,
          431.0
        ],
        [
          478.0,
          431.0
        ],
        [
          481.0,
          434.0
        ],
        [
          481.0,
          435.0
        ],
        [
          485.0,
          439.0
        ],
        [
          491.0,
          439.0
        ],
        [
          492.0,
          438.0
        ],
        [
          494.0,
          438.0
        ],
        [
          497.0,
          435.0
        ],
        [
          498.0,
          435.0
        ],
        [
          503.0,
          430.0
        ],
        [
          503.0,
          429.0
        ],
        [
          504.0,
          428.0
        ],
        [
          504.0,
          424.0
        ],
        [
          506.0,
          422.0
        ],
        [
          510.0,
          422.0
        ],
        [
          512.0,
          420.0
        ],
        [
          513.0,
          420.0
        ],
        [
          513.0,
          419.0
        ],
        [
          515.0,
          417.0
        ],
        [
          515.0,
          416.0
        ],
        [
          516.0,
          415.0
        ],
        [
          516.0,
          411.0
        ],
        [
          515.0,
          410.0
        ],
        [
          513.0,
          410.0
        ],
        [
          512.0,
          409.0
        ],
        [
          510.0,
          409.0
        ],
        [
          509.0,
          408.0
        ],
        [
          500.0,
          408.0
        ],
        [
          499.0,
          407.0
        ],
        [
          498.0,
          407.0
        ],
        [
          496.0,
          405.0
        ],
        [
          496.0,
          403.0
        ],
        [
          495.0,
          402.0
        ],
        [
          495.0,
          399.0
        ],
        [
          494.0,
          398.0
        ],
        [
          494.0,
          396.0
        ],
        [
          493.0,
          395.0
        ],
        [
          493.0,
          394.0
        ],
        [
          491.0,
          392.0
        ],
        [
          490.0,
          392.0
        ],
        [
          489.0,
          391.0
        ],
        [
          488.0,
          391.0
        ],
        [
          487.0,
          390.0
        ],
        [
          485.0,
          390.0
        ],
        [
          484.0,
          389.0
        ],
        [
          464.0,
          389.0
        ],
        [
          463.0,
          390.0
        ],
        [
          462.0,
          390.0
        ],
        [
          461.0,
          391.0
        ],
        [
          459.0,
          391.0
        ],
        [
          458.0,
          392.0
        ],
        [
          456.0,
          392.0
        ]
      ],
      "group_id": null,
      "shape_type": "polygon",
      "flags": {}
    },
    {
      "label": "weed",
      "text": "",
      "points": [
        [
          72.0,
          482.0
        ],
        [
          68.0,
          482.0
        ],
        [
          67.0,
          481.0
        ],
        [
          64.0,
          481.0
        ],
        [
          63.0,
          482.0
        ],
        [
          62.0,
          482.0
        ],
        [
          60.0,
          484.0
        ],
        [
          59.0,
          484.0
        ],
        [
          59.0,
          485.0
        ],
        [
          58.0,
          486.0
        ],
        [
          58.0,
          491.0
        ],
        [
          61.0,
          494.0
        ],
        [
          64.0,
          494.0
        ],
        [
          65.0,
          495.0
        ],
        [
          66.0,
          494.0
        ],
        [
          69.0,
          494.0
        ],
        [
          70.0,
          493.0
        ],
        [
          70.0,
          492.0
        ],
        [
          71.0,
          491.0
        ],
        [
          71.0,
          490.0
        ],
        [
          72.0,
          489.0
        ],
        [
          72.0,
          487.0
        ],
        [
          73.0,
          486.0
        ],
        [
          73.0,
          483.0
        ]
      ],
      "group_id": null,
      "shape_type": "polygon",
      "flags": {}
    },
    {
      "label": "weed",
      "text": "",
      "points": [
        [
          608.0,
          470.0
        ],
        [
          602.0,
          470.0
        ],
        [
          601.0,
          471.0
        ],
        [
          598.0,
          471.0
        ],
        [
          595.0,
          474.0
        ],
        [
          595.0,
          477.0
        ],
        [
          594.0,
          478.0
        ],
        [
          594.0,
          486.0
        ],
        [
          595.0,
          487.0
        ],
        [
          595.0,
          490.0
        ],
        [
          596.0,
          491.0
        ],
        [
          596.0,
          495.0
        ],
        [
          597.0,
          496.0
        ],
        [
          597.0,
          497.0
        ],
        [
          601.0,
          501.0
        ],
        [
          601.0,
          503.0
        ],
        [
          602.0,
          504.0
        ],
        [
          602.0,
          512.0
        ],
        [
          604.0,
          514.0
        ],
        [
          605.0,
          513.0
        ],
        [
          608.0,
          513.0
        ],
        [
          609.0,
          512.0
        ],
        [
          611.0,
          512.0
        ],
        [
          612.0,
          511.0
        ],
        [
          613.0,
          511.0
        ],
        [
          614.0,
          510.0
        ],
        [
          614.0,
          509.0
        ],
        [
          615.0,
          508.0
        ],
        [
          615.0,
          507.0
        ],
        [
          616.0,
          506.0
        ],
        [
          616.0,
          504.0
        ],
        [
          617.0,
          503.0
        ],
        [
          617.0,
          502.0
        ],
        [
          618.0,
          501.0
        ],
        [
          618.0,
          500.0
        ],
        [
          619.0,
          499.0
        ],
        [
          619.0,
          498.0
        ],
        [
          620.0,
          497.0
        ],
        [
          620.0,
          495.0
        ],
        [
          621.0,
          494.0
        ],
        [
          621.0,
          488.0
        ],
        [
          620.0,
          487.0
        ],
        [
          620.0,
          486.0
        ],
        [
          617.0,
          483.0
        ],
        [
          617.0,
          482.0
        ],
        [
          616.0,
          481.0
        ],
        [
          616.0,
          480.0
        ],
        [
          615.0,
          479.0
        ],
        [
          615.0,
          477.0
        ],
        [
          614.0,
          476.0
        ],
        [
          614.0,
          474.0
        ],
        [
          611.0,
          471.0
        ],
        [
          609.0,
          471.0
        ]
      ],
      "group_id": null,
      "shape_type": "polygon",
      "flags": {}
    },
    {
      "label": "weed",
      "text": "",
      "points": [
        [
          597.0,
          578.0
        ],
        [
          596.0,
          579.0
        ],
        [
          596.0,
          590.0
        ],
        [
          593.0,
          593.0
        ],
        [
          593.0,
          594.0
        ],
        [
          592.0,
          595.0
        ],
        [
          592.0,
          601.0
        ],
        [
          594.0,
          603.0
        ],
        [
          595.0,
          603.0
        ],
        [
          596.0,
          604.0
        ],
        [
          597.0,
          604.0
        ],
        [
          598.0,
          605.0
        ],
        [
          598.0,
          606.0
        ],
        [
          599.0,
          607.0
        ],
        [
          600.0,
          607.0
        ],
        [
          601.0,
          608.0
        ],
        [
          602.0,
          608.0
        ],
        [
          604.0,
          610.0
        ],
        [
          606.0,
          610.0
        ],
        [
          608.0,
          612.0
        ],
        [
          609.0,
          611.0
        ],
        [
          609.0,
          610.0
        ],
        [
          610.0,
          609.0
        ],
        [
          610.0,
          607.0
        ],
        [
          611.0,
          606.0
        ],
        [
          611.0,
          601.0
        ],
        [
          612.0,
          600.0
        ],
        [
          612.0,
          598.0
        ],
        [
          615.0,
          595.0
        ],
        [
          616.0,
          595.0
        ],
        [
          617.0,
          594.0
        ],
        [
          617.0,
          593.0
        ],
        [
          616.0,
          592.0
        ],
        [
          616.0,
          589.0
        ],
        [
          615.0,
          588.0
        ],
        [
          615.0,
          587.0
        ],
        [
          614.0,
          586.0
        ],
        [
          614.0,
          585.0
        ],
        [
          612.0,
          583.0
        ],
        [
          611.0,
          583.0
        ],
        [
          610.0,
          584.0
        ],
        [
          609.0,
          584.0
        ],
        [
          608.0,
          585.0
        ],
        [
          604.0,
          585.0
        ],
        [
          603.0,
          584.0
        ],
        [
          603.0,
          583.0
        ],
        [
          602.0,
          582.0
        ],
        [
          602.0,
          581.0
        ],
        [
          601.0,
          580.0
        ],
        [
          601.0,
          579.0
        ],
        [
          600.0,
          578.0
        ]
      ],
      "group_id": null,
      "shape_type": "polygon",
      "flags": {}
    },
    {
      "label": "weed",
      "text": "",
      "points": [
        [
          554.0,
          471.0
        ],
        [
          551.0,
          474.0
        ],
        [
          551.0,
          475.0
        ],
        [
          550.0,
          476.0
        ],
        [
          550.0,
          485.0
        ],
        [
          551.0,
          486.0
        ],
        [
          551.0,
          487.0
        ],
        [
          552.0,
          488.0
        ],
        [
          552.0,
          489.0
        ],
        [
          555.0,
          492.0
        ],
        [
          556.0,
          492.0
        ],
        [
          557.0,
          491.0
        ],
        [
          557.0,
          490.0
        ],
        [
          558.0,
          489.0
        ],
        [
          558.0,
          488.0
        ],
        [
          559.0,
          487.0
        ],
        [
          560.0,
          487.0
        ],
        [
          561.0,
          488.0
        ],
        [
          561.0,
          489.0
        ],
        [
          562.0,
          490.0
        ],
        [
          562.0,
          493.0
        ],
        [
          563.0,
          494.0
        ],
        [
          564.0,
          494.0
        ],
        [
          564.0,
          492.0
        ],
        [
          567.0,
          489.0
        ],
        [
          568.0,
          489.0
        ],
        [
          569.0,
          490.0
        ],
        [
          570.0,
          490.0
        ],
        [
          570.0,
          487.0
        ],
        [
          569.0,
          486.0
        ],
        [
          569.0,
          484.0
        ],
        [
          568.0,
          483.0
        ],
        [
          568.0,
          479.0
        ],
        [
          569.0,
          478.0
        ],
        [
          569.0,
          477.0
        ],
        [
          563.0,
          477.0
        ],
        [
          557.0,
          471.0
        ]
      ],
      "group_id": null,
      "shape_type": "polygon",
      "flags": {}
    },
    {
      "label": "weed",
      "text": "",
      "points": [
        [
          592.0,
          376.0
        ],
        [
          591.0,
          377.0
        ],
        [
          590.0,
          377.0
        ],
        [
          589.0,
          378.0
        ],
        [
          588.0,
          378.0
        ],
        [
          588.0,
          379.0
        ],
        [
          587.0,
          380.0
        ],
        [
          587.0,
          381.0
        ],
        [
          586.0,
          382.0
        ],
        [
          586.0,
          383.0
        ],
        [
          585.0,
          384.0
        ],
        [
          585.0,
          386.0
        ],
        [
          584.0,
          387.0
        ],
        [
          584.0,
          392.0
        ],
        [
          585.0,
          393.0
        ],
        [
          585.0,
          395.0
        ],
        [
          586.0,
          396.0
        ],
        [
          586.0,
          397.0
        ],
        [
          587.0,
          398.0
        ],
        [
          588.0,
          398.0
        ],
        [
          591.0,
          401.0
        ],
        [
          591.0,
          402.0
        ],
        [
          592.0,
          403.0
        ],
        [
          592.0,
          404.0
        ],
        [
          593.0,
          405.0
        ],
        [
          593.0,
          406.0
        ],
        [
          595.0,
          408.0
        ],
        [
          595.0,
          409.0
        ],
        [
          596.0,
          410.0
        ],
        [
          596.0,
          411.0
        ],
        [
          597.0,
          412.0
        ],
        [
          600.0,
          412.0
        ],
        [
          601.0,
          411.0
        ],
        [
          601.0,
          410.0
        ],
        [
          602.0,
          409.0
        ],
        [
          602.0,
          408.0
        ],
        [
          603.0,
          407.0
        ],
        [
          603.0,
          405.0
        ],
        [
          604.0,
          404.0
        ],
        [
          604.0,
          403.0
        ],
        [
          605.0,
          402.0
        ],
        [
          605.0,
          395.0
        ],
        [
          606.0,
          394.0
        ],
        [
          606.0,
          392.0
        ],
        [
          607.0,
          391.0
        ],
        [
          607.0,
          387.0
        ],
        [
          608.0,
          386.0
        ],
        [
          608.0,
          383.0
        ],
        [
          609.0,
          382.0
        ],
        [
          609.0,
          380.0
        ],
        [
          607.0,
          378.0
        ],
        [
          605.0,
          378.0
        ],
        [
          604.0,
          377.0
        ],
        [
          603.0,
          378.0
        ],
        [
          599.0,
          378.0
        ],
        [
          598.0,
          377.0
        ],
        [
          596.0,
          377.0
        ],
        [
          595.0,
          376.0
        ]
      ],
      "group_id": null,
      "shape_type": "polygon",
      "flags": {}
    }
  ],
  "imagePath": "..\\after_crop\\tile_8_5.jpg",
  "imageData": null,
  "imageHeight": 640,
  "imageWidth": 640
}