{
  "version": "0.3.3",
  "flags": {},
  "shapes": [
    {
      "label": "potato",
      "text": "",
      "points": [
        [
          0.0,
          0.0
        ],
        [
          0.0,
          95.0
        ],
        [
          2.0,
          95.0
        ],
        [
          4.0,
          93.0
        ],
        [
          4.0,
          90.0
        ],
        [
          5.0,
          89.0
        ],
        [
          5.0,
          88.0
        ],
        [
          7.0,
          86.0
        ],
        [
          8.0,
          86.0
        ],
        [
          10.0,
          88.0
        ],
        [
          10.0,
          90.0
        ],
        [
          11.0,
          91.0
        ],
        [
          11.0,
          92.0
        ],
        [
          14.0,
          95.0
        ],
        [
          21.0,
          95.0
        ],
        [
          22.0,
          94.0
        ],
        [
          23.0,
          94.0
        ],
        [
          23.0,
          93.0
        ],
        [
          24.0,
          92.0
        ],
        [
          24.0,
          91.0
        ],
        [
          26.0,
          89.0
        ],
        [
          26.0,
          88.0
        ],
        [
          28.0,
          86.0
        ],
        [
          28.0,
          84.0
        ],
        [
          29.0,
          83.0
        ],
        [
          29.0,
          72.0
        ],
        [
          28.0,
          71.0
        ],
        [
          28.0,
          70.0
        ],
        [
          27.0,
          69.0
        ],
        [
          27.0,
          68.0
        ],
        [
          23.0,
          64.0
        ],
        [
          22.0,
          64.0
        ],
        [
          21.0,
          63.0
        ],
        [
          19.0,
          63.0
        ],
        [
          18.0,
          62.0
        ],
        [
          18.0,
          60.0
        ],
        [
          20.0,
          58.0
        ],
        [
          21.0,
          58.0
        ],
        [
          22.0,
          57.0
        ],
        [
          22.0,
          56.0
        ],
        [
          24.0,
          54.0
        ],
        [
          24.0,
          53.0
        ],
        [
          26.0,
          51.0
        ],
        [
          26.0,
          50.0
        ],
        [
          27.0,
          49.0
        ],
        [
          27.0,
          44.0
        ],
        [
          28.0,
          43.0
        ],
        [
          28.0,
          39.0
        ],
        [
          29.0,
          38.0
        ],
        [
          29.0,
          35.0
        ],
        [
          30.0,
          34.0
        ],
        [
          30.0,
          29.0
        ],
        [
          28.0,
          27.0
        ],
        [
          27.0,
          27.0
        ],
        [
          26.0,
          26.0
        ],
        [
          24.0,
          26.0
        ],
        [
          23.0,
          25.0
        ],
        [
          21.0,
          25.0
        ],
        [
          20.0,
          24.0
        ],
        [
          20.0,
          23.0
        ],
        [
          19.0,
          22.0
        ],
        [
          19.0,
          20.0
        ],
        [
          18.0,
          19.0
        ],
        [
          18.0,
          16.0
        ],
        [
          19.0,
          15.0
        ],
        [
          19.0,
          10.0
        ],
        [
          20.0,
          9.0
        ],
        [
          20.0,
          6.0
        ],
        [
          19.0,
          5.0
        ],
        [
          19.0,
          0.0
        ]
      ],
      "group_id": null,
      "shape_type": "polygon",
      "flags": {}
    },
    {
      "label": "weed",
      "text": "",
      "points": [
        [
          227.0,
          16.0
        ],
        [
          228.0,
          17.0
        ],
        [
          228.0,
          18.0
        ],
        [
          231.0,
          21.0
        ],
        [
          232.0,
          21.0
        ],
        [
          233.0,
          22.0
        ],
        [
          236.0,
          22.0
        ],
        [
          237.0,
          21.0
        ],
        [
          238.0,
          21.0
        ],
        [
          243.0,
          16.0
        ],
        [
          243.0,
          15.0
        ],
        [
          245.0,
          13.0
        ],
        [
          247.0,
          13.0
        ],
        [
          248.0,
          12.0
        ],
        [
          253.0,
          12.0
        ],
        [
          254.0,
          11.0
        ],
        [
          255.0,
          11.0
        ],
        [
          255.0,
          10.0
        ],
        [
          256.0,
          9.0
        ],
        [
          256.0,
          8.0
        ],
        [
          257.0,
          7.0
        ],
        [
          257.0,
          5.0
        ],
        [
          261.0,
          1.0
        ],
        [
          261.0,
          0.0
        ],
        [
          229.0,
          0.0
        ],
        [
          230.0,
          1.0
        ],
        [
          230.0,
          7.0
        ],
        [
          229.0,
          8.0
        ],
        [
          229.0,
          9.0
        ],
        [
          228.0,
          10.0
        ],
        [
          228.0,
          12.0
        ],
        [
          227.0,
          13.0
        ]
      ],
      "group_id": null,
      "shape_type": "polygon",
      "flags": {}
    },
    {
      "label": "weed",
      "text": "",
      "points": [
        [
          83.0,
          164.0
        ],
        [
          83.0,
          168.0
        ],
        [
          84.0,
          169.0
        ],
        [
          84.0,
          171.0
        ],
        [
          87.0,
          174.0
        ],
        [
          88.0,
          174.0
        ],
        [
          89.0,
          175.0
        ],
        [
          93.0,
          175.0
        ],
        [
          94.0,
          176.0
        ],
        [
          97.0,
          176.0
        ],
        [
          98.0,
          177.0
        ],
        [
          100.0,
          177.0
        ],
        [
          101.0,
          176.0
        ],
        [
          102.0,
          176.0
        ],
        [
          106.0,
          172.0
        ],
        [
          107.0,
          173.0
        ],
        [
          110.0,
          173.0
        ],
        [
          110.0,
          169.0
        ],
        [
          107.0,
          169.0
        ],
        [
          104.0,
          166.0
        ],
        [
          104.0,
          162.0
        ],
        [
          101.0,
          159.0
        ],
        [
          95.0,
          159.0
        ],
        [
          94.0,
          160.0
        ],
        [
          87.0,
          160.0
        ],
        [
          85.0,
          162.0
        ],
        [
          84.0,
          162.0
        ],
        [
          84.0,
          163.0
        ]
      ],
      "group_id": null,
      "shape_type": "polygon",
      "flags": {}
    },
    {
      "label": "weed",
      "text": "",
      "points": [
        [
          49.0,
          256.0
        ],
        [
          48.0,
          256.0
        ],
        [
          47.0,
          255.0
        ],
        [
          41.0,
          255.0
        ],
        [
          40.0,
          256.0
        ],
        [
          38.0,
          256.0
        ],
        [
          37.0,
          257.0
        ],
        [
          35.0,
          257.0
        ],
        [
          33.0,
          259.0
        ],
        [
          33.0,
          260.0
        ],
        [
          31.0,
          262.0
        ],
        [
          31.0,
          264.0
        ],
        [
          30.0,
          265.0
        ],
        [
          30.0,
          277.0
        ],
        [
          31.0,
          278.0
        ],
        [
          33.0,
          278.0
        ],
        [
          34.0,
          279.0
        ],
        [
          36.0,
          279.0
        ],
        [
          37.0,
          278.0
        ],
        [
          38.0,
          278.0
        ],
        [
          41.0,
          275.0
        ],
        [
          41.0,
          274.0
        ],
        [
          43.0,
          272.0
        ],
        [
          44.0,
          272.0
        ],
        [
          46.0,
          270.0
        ],
        [
          47.0,
          270.0
        ],
        [
          47.0,
          269.0
        ],
        [
          49.0,
          267.0
        ],
        [
          49.0,
          266.0
        ],
        [
          51.0,
          264.0
        ],
        [
          51.0,
          263.0
        ],
        [
          52.0,
          262.0
        ],
        [
          52.0,
          259.0
        ]
      ],
      "group_id": null,
      "shape_type": "polygon",
      "flags": {}
    },
    {
      "label": "weed",
      "text": "",
      "points": [
        [
          39.0,
          501.0
        ],
        [
          36.0,
          504.0
        ],
        [
          36.0,
          509.0
        ],
        [
          37.0,
          510.0
        ],
        [
          37.0,
          511.0
        ],
        [
          38.0,
          512.0
        ],
        [
          39.0,
          512.0
        ],
        [
          40.0,
          513.0
        ],
        [
          45.0,
          513.0
        ],
        [
          46.0,
          512.0
        ],
        [
          47.0,
          512.0
        ],
        [
          52.0,
          507.0
        ],
        [
          52.0,
          503.0
        ],
        [
          51.0,
          503.0
        ],
        [
          50.0,
          502.0
        ],
        [
          49.0,
          502.0
        ],
        [
          48.0,
          501.0
        ],
        [
          47.0,
          501.0
        ],
        [
          46.0,
          500.0
        ],
        [
          42.0,
          500.0
        ],
        [
          41.0,
          501.0
        ]
      ],
      "group_id": null,
      "shape_type": "polygon",
      "flags": {}
    },
    {
      "label": "weed",
      "text": "",
      "points": [
        [
          60.0,
          533.0
        ],
        [
          56.0,
          537.0
        ],
        [
          55.0,
          537.0
        ],
        [
          54.0,
          538.0
        ],
        [
          54.0,
          542.0
        ],
        [
          55.0,
          543.0
        ],
        [
          55.0,
          545.0
        ],
        [
          58.0,
          548.0
        ],
        [
          59.0,
          548.0
        ],
        [
          60.0,
          549.0
        ],
        [
          61.0,
          549.0
        ],
        [
          62.0,
          550.0
        ],
        [
          68.0,
          550.0
        ],
        [
          70.0,
          548.0
        ],
        [
          70.0,
          547.0
        ],
        [
          71.0,
          546.0
        ],
        [
          71.0,
          544.0
        ],
        [
          70.0,
          543.0
        ],
        [
          70.0,
          541.0
        ],
        [
          68.0,
          539.0
        ],
        [
          67.0,
          539.0
        ],
        [
          66.0,
          538.0
        ],
        [
          65.0,
          538.0
        ],
        [
          63.0,
          536.0
        ],
        [
          63.0,
          535.0
        ],
        [
          61.0,
          533.0
        ]
      ],
      "group_id": null,
      "shape_type": "polygon",
      "flags": {}
    },
    {
      "label": "weed",
      "text": "",
      "points": [
        [
          80.0,
          572.0
        ],
        [
          80.0,
          578.0
        ],
        [
          81.0,
          579.0
        ],
        [
          81.0,
          583.0
        ],
        [
          82.0,
          584.0
        ],
        [
          83.0,
          584.0
        ],
        [
          84.0,
          585.0
        ],
        [
          85.0,
          584.0
        ],
        [
          90.0,
          584.0
        ],
        [
          91.0,
          583.0
        ],
        [
          93.0,
          583.0
        ],
        [
          94.0,
          582.0
        ],
        [
          94.0,
          580.0
        ],
        [
          95.0,
          579.0
        ],
        [
          95.0,
          576.0
        ],
        [
          94.0,
          575.0
        ],
        [
          94.0,
          574.0
        ],
        [
          91.0,
          571.0
        ],
        [
          90.0,
          571.0
        ],
        [
          89.0,
          570.0
        ],
        [
          84.0,
          570.0
        ],
        [
          83.0,
          571.0
        ],
        [
          81.0,
          571.0
        ]
      ],
      "group_id": null,
      "shape_type": "polygon",
      "flags": {}
    },
    {
      "label": "weed",
      "text": "",
      "points": [
        [
          229.0,
          483.0
        ],
        [
          228.0,
          484.0
        ],
        [
          226.0,
          484.0
        ],
        [
          224.0,
          486.0
        ],
        [
          224.0,
          487.0
        ],
        [
          223.0,
          488.0
        ],
        [
          223.0,
          490.0
        ],
        [
          224.0,
          491.0
        ],
        [
          224.0,
          494.0
        ],
        [
          225.0,
          495.0
        ],
        [
          225.0,
          498.0
        ],
        [
          226.0,
          499.0
        ],
        [
          226.0,
          503.0
        ],
        [
          227.0,
          504.0
        ],
        [
          227.0,
          505.0
        ],
        [
          228.0,
          506.0
        ],
        [
          228.0,
          507.0
        ],
        [
          229.0,
          508.0
        ],
        [
          229.0,
          509.0
        ],
        [
          230.0,
          510.0
        ],
        [
          230.0,
          511.0
        ],
        [
          231.0,
          512.0
        ],
        [
          236.0,
          512.0
        ],
        [
          238.0,
          510.0
        ],
        [
          238.0,
          509.0
        ],
        [
          241.0,
          506.0
        ],
        [
          241.0,
          505.0
        ],
        [
          242.0,
          504.0
        ],
        [
          242.0,
          497.0
        ],
        [
          241.0,
          496.0
        ],
        [
          241.0,
          494.0
        ],
        [
          240.0,
          493.0
        ],
        [
          240.0,
          492.0
        ],
        [
          239.0,
          491.0
        ],
        [
          239.0,
          490.0
        ],
        [
          234.0,
          485.0
        ],
        [
          233.0,
          485.0
        ],
        [
          232.0,
          484.0
        ],
        [
          231.0,
          484.0
        ],
        [
          230.0,
          483.0
        ]
      ],
      "group_id": null,
      "shape_type": "polygon",
      "flags": {}
    },
    {
      "label": "weed",
      "text": "",
      "points": [
        [
          382.0,
          305.0
        ],
        [
          375.0,
          305.0
        ],
        [
          374.0,
          306.0
        ],
        [
          373.0,
          306.0
        ],
        [
          372.0,
          307.0
        ],
        [
          372.0,
          308.0
        ],
        [
          371.0,
          309.0
        ],
        [
          371.0,
          310.0
        ],
        [
          370.0,
          311.0
        ],
        [
          370.0,
          314.0
        ],
        [
          369.0,
          315.0
        ],
        [
          369.0,
          321.0
        ],
        [
          370.0,
          322.0
        ],
        [
          370.0,
          323.0
        ],
        [
          371.0,
          324.0
        ],
        [
          372.0,
          324.0
        ],
        [
          373.0,
          325.0
        ],
        [
          376.0,
          325.0
        ],
        [
          377.0,
          324.0
        ],
        [
          378.0,
          324.0
        ],
        [
          379.0,
          323.0
        ],
        [
          380.0,
          323.0
        ],
        [
          381.0,
          322.0
        ],
        [
          382.0,
          322.0
        ],
        [
          383.0,
          321.0
        ],
        [
          383.0,
          320.0
        ],
        [
          384.0,
          319.0
        ],
        [
          384.0,
          315.0
        ],
        [
          385.0,
          314.0
        ],
        [
          385.0,
          311.0
        ],
        [
          384.0,
          310.0
        ],
        [
          384.0,
          307.0
        ]
      ],
      "group_id": null,
      "shape_type": "polygon",
      "flags": {}
    },
    {
      "label": "weed",
      "text": "",
      "points": [
        [
          377.0,
          90.0
        ],
        [
          376.0,
          91.0
        ],
        [
          376.0,
          96.0
        ],
        [
          377.0,
          97.0
        ],
        [
          377.0,
          98.0
        ],
        [
          378.0,
          99.0
        ],
        [
          378.0,
          100.0
        ],
        [
          379.0,
          101.0
        ],
        [
          379.0,
          102.0
        ],
        [
          380.0,
          103.0
        ],
        [
          381.0,
          103.0
        ],
        [
          383.0,
          105.0
        ],
        [
          386.0,
          105.0
        ],
        [
          387.0,
          106.0
        ],
        [
          388.0,
          105.0
        ],
        [
          391.0,
          105.0
        ],
        [
          392.0,
          104.0
        ],
        [
          392.0,
          103.0
        ],
        [
          393.0,
          102.0
        ],
        [
          393.0,
          100.0
        ],
        [
          394.0,
          99.0
        ],
        [
          394.0,
          98.0
        ],
        [
          395.0,
          97.0
        ],
        [
          395.0,
          96.0
        ],
        [
          396.0,
          95.0
        ],
        [
          396.0,
          94.0
        ],
        [
          395.0,
          93.0
        ],
        [
          395.0,
          92.0
        ],
        [
          392.0,
          89.0
        ],
        [
          388.0,
          89.0
        ],
        [
          387.0,
          88.0
        ],
        [
          383.0,
          88.0
        ],
        [
          382.0,
          89.0
        ],
        [
          380.0,
          89.0
        ],
        [
          379.0,
          90.0
        ]
      ],
      "group_id": null,
      "shape_type": "polygon",
      "flags": {}
    },
    {
      "label": "weed",
      "text": "",
      "points": [
        [
          623.0,
          523.0
        ],
        [
          619.0,
          523.0
        ],
        [
          618.0,
          524.0
        ],
        [
          617.0,
          524.0
        ],
        [
          616.0,
          525.0
        ],
        [
          615.0,
          525.0
        ],
        [
          612.0,
          528.0
        ],
        [
          612.0,
          531.0
        ],
        [
          611.0,
          532.0
        ],
        [
          611.0,
          533.0
        ],
        [
          608.0,
          536.0
        ],
        [
          608.0,
          542.0
        ],
        [
          611.0,
          542.0
        ],
        [
          614.0,
          539.0
        ],
        [
          616.0,
          539.0
        ],
        [
          617.0,
          538.0
        ],
        [
          619.0,
          538.0
        ],
        [
          620.0,
          537.0
        ],
        [
          621.0,
          537.0
        ],
        [
          622.0,
          536.0
        ],
        [
          622.0,
          535.0
        ],
        [
          623.0,
          534.0
        ],
        [
          623.0,
          532.0
        ],
        [
          624.0,
          531.0
        ],
        [
          624.0,
          528.0
        ],
        [
          625.0,
          527.0
        ],
        [
          625.0,
          525.0
        ]
      ],
      "group_id": null,
      "shape_type": "polygon",
      "flags": {}
    },
    {
      "label": "weed",
      "text": "",
      "points": [
        [
          570.0,
          351.0
        ],
        [
          569.0,
          352.0
        ],
        [
          568.0,
          352.0
        ],
        [
          567.0,
          353.0
        ],
        [
          567.0,
          354.0
        ],
        [
          566.0,
          355.0
        ],
        [
          566.0,
          369.0
        ],
        [
          567.0,
          370.0
        ],
        [
          567.0,
          373.0
        ],
        [
          568.0,
          374.0
        ],
        [
          568.0,
          375.0
        ],
        [
          569.0,
          376.0
        ],
        [
          569.0,
          377.0
        ],
        [
          570.0,
          378.0
        ],
        [
          571.0,
          378.0
        ],
        [
          572.0,
          379.0
        ],
        [
          580.0,
          379.0
        ],
        [
          583.0,
          376.0
        ],
        [
          583.0,
          375.0
        ],
        [
          584.0,
          374.0
        ],
        [
          584.0,
          373.0
        ],
        [
          585.0,
          372.0
        ],
        [
          585.0,
          368.0
        ],
        [
          586.0,
          367.0
        ],
        [
          586.0,
          365.0
        ],
        [
          590.0,
          361.0
        ],
        [
          590.0,
          360.0
        ],
        [
          591.0,
          359.0
        ],
        [
          591.0,
          355.0
        ],
        [
          590.0,
          354.0
        ],
        [
          590.0,
          353.0
        ],
        [
          589.0,
          353.0
        ],
        [
          588.0,
          352.0
        ],
        [
          576.0,
          352.0
        ],
        [
          575.0,
          351.0
        ]
      ],
      "group_id": null,
      "shape_type": "polygon",
      "flags": {}
    },
    {
      "label": "weed",
      "text": "",
      "points": [
        [
          562.0,
          209.0
        ],
        [
          560.0,
          209.0
        ],
        [
          559.0,
          208.0
        ],
        [
          558.0,
          208.0
        ],
        [
          557.0,
          209.0
        ],
        [
          555.0,
          209.0
        ],
        [
          553.0,
          211.0
        ],
        [
          553.0,
          212.0
        ],
        [
          550.0,
          215.0
        ],
        [
          550.0,
          216.0
        ],
        [
          549.0,
          217.0
        ],
        [
          549.0,
          218.0
        ],
        [
          547.0,
          220.0
        ],
        [
          547.0,
          221.0
        ],
        [
          546.0,
          222.0
        ],
        [
          546.0,
          223.0
        ],
        [
          545.0,
          224.0
        ],
        [
          545.0,
          228.0
        ],
        [
          546.0,
          229.0
        ],
        [
          546.0,
          230.0
        ],
        [
          547.0,
          231.0
        ],
        [
          547.0,
          232.0
        ],
        [
          548.0,
          232.0
        ],
        [
          549.0,
          233.0
        ],
        [
          550.0,
          233.0
        ],
        [
          551.0,
          234.0
        ],
        [
          555.0,
          234.0
        ],
        [
          556.0,
          233.0
        ],
        [
          559.0,
          233.0
        ],
        [
          560.0,
          232.0
        ],
        [
          561.0,
          232.0
        ],
        [
          561.0,
          231.0
        ],
        [
          562.0,
          230.0
        ],
        [
          562.0,
          227.0
        ],
        [
          563.0,
          226.0
        ],
        [
          563.0,
          225.0
        ],
        [
          565.0,
          223.0
        ],
        [
          565.0,
          222.0
        ],
        [
          566.0,
          221.0
        ],
        [
          566.0,
          217.0
        ],
        [
          565.0,
          216.0
        ],
        [
          565.0,
          215.0
        ],
        [
          564.0,
          214.0
        ],
        [
          564.0,
          212.0
        ],
        [
          563.0,
          211.0
        ],
        [
          563.0,
          210.0
        ]
      ],
      "group_id": null,
      "shape_type": "polygon",
      "flags": {}
    },
    {
      "label": "weed",
      "text": "",
      "points": [
        [
          610.0,
          293.0
        ],
        [
          609.0,
          294.0
        ],
        [
          608.0,
          294.0
        ],
        [
          604.0,
          298.0
        ],
        [
          604.0,
          299.0
        ],
        [
          603.0,
          300.0
        ],
        [
          603.0,
          304.0
        ],
        [
          605.0,
          306.0
        ],
        [
          606.0,
          306.0
        ],
        [
          609.0,
          309.0
        ],
        [
          613.0,
          309.0
        ],
        [
          615.0,
          307.0
        ],
        [
          616.0,
          307.0
        ],
        [
          617.0,
          306.0
        ],
        [
          617.0,
          305.0
        ],
        [
          618.0,
          304.0
        ],
        [
          618.0,
          299.0
        ],
        [
          616.0,
          297.0
        ],
        [
          616.0,
          296.0
        ],
        [
          615.0,
          296.0
        ],
        [
          613.0,
          294.0
        ],
        [
          612.0,
          294.0
        ],
        [
          611.0,
          293.0
        ]
      ],
      "group_id": null,
      "shape_type": "polygon",
      "flags": {}
    },
    {
      "label": "weed",
      "text": "",
      "points": [
        [
          638.0,
          298.0
        ],
        [
          633.0,
          298.0
        ],
        [
          632.0,
          299.0
        ],
        [
          631.0,
          299.0
        ],
        [
          630.0,
          300.0
        ],
        [
          629.0,
          300.0
        ],
        [
          628.0,
          301.0
        ],
        [
          626.0,
          301.0
        ],
        [
          624.0,
          299.0
        ],
        [
          623.0,
          299.0
        ],
        [
          623.0,
          303.0
        ],
        [
          627.0,
          307.0
        ],
        [
          627.0,
          308.0
        ],
        [
          628.0,
          309.0
        ],
        [
          628.0,
          313.0
        ],
        [
          629.0,
          313.0
        ],
        [
          630.0,
          314.0
        ],
        [
          632.0,
          314.0
        ],
        [
          633.0,
          313.0
        ],
        [
          637.0,
          313.0
        ],
        [
          638.0,
          312.0
        ],
        [
          638.0,
          311.0
        ],
        [
          639.0,
          310.0
        ],
        [
          639.0,
          301.0
        ],
        [
          638.0,
          300.0
        ]
      ],
      "group_id": null,
      "shape_type": "polygon",
      "flags": {}
    }
  ],
  "imagePath": "..\\after_crop\\tile_16_0.jpg",
  "imageData": null,
  "imageHeight": 640,
  "imageWidth": 640
}