{
  "version": "0.3.3",
  "flags": {},
  "shapes": [
    {
      "label": "potato",
      "text": "",
      "points": [
        [
          590.0,
          20.0
        ],
        [
          589.0,
          21.0
        ],
        [
          589.0,
          22.0
        ],
        [
          588.0,
          23.0
        ],
        [
          588.0,
          24.0
        ],
        [
          587.0,
          25.0
        ],
        [
          587.0,
          27.0
        ],
        [
          586.0,
          28.0
        ],
        [
          586.0,
          32.0
        ],
        [
          585.0,
          33.0
        ],
        [
          585.0,
          36.0
        ],
        [
          582.0,
          39.0
        ],
        [
          581.0,
          39.0
        ],
        [
          578.0,
          42.0
        ],
        [
          578.0,
          44.0
        ],
        [
          577.0,
          45.0
        ],
        [
          577.0,
          52.0
        ],
        [
          575.0,
          54.0
        ],
        [
          575.0,
          55.0
        ],
        [
          574.0,
          56.0
        ],
        [
          574.0,
          57.0
        ],
        [
          573.0,
          58.0
        ],
        [
          574.0,
          59.0
        ],
        [
          574.0,
          62.0
        ],
        [
          575.0,
          63.0
        ],
        [
          575.0,
          64.0
        ],
        [
          578.0,
          67.0
        ],
        [
          578.0,
          68.0
        ],
        [
          582.0,
          72.0
        ],
        [
          583.0,
          72.0
        ],
        [
          588.0,
          77.0
        ],
        [
          588.0,
          78.0
        ],
        [
          590.0,
          80.0
        ],
        [
          590.0,
          82.0
        ],
        [
          591.0,
          83.0
        ],
        [
          591.0,
          85.0
        ],
        [
          593.0,
          87.0
        ],
        [
          595.0,
          87.0
        ],
        [
          596.0,
          88.0
        ],
        [
          602.0,
          88.0
        ],
        [
          603.0,
          87.0
        ],
        [
          605.0,
          87.0
        ],
        [
          606.0,
          86.0
        ],
        [
          610.0,
          86.0
        ],
        [
          611.0,
          87.0
        ],
        [
          612.0,
          87.0
        ],
        [
          613.0,
          88.0
        ],
        [
          614.0,
          88.0
        ],
        [
          618.0,
          92.0
        ],
        [
          623.0,
          92.0
        ],
        [
          624.0,
          91.0
        ],
        [
          626.0,
          91.0
        ],
        [
          627.0,
          90.0
        ],
        [
          633.0,
          90.0
        ],
        [
          634.0,
          89.0
        ],
        [
          635.0,
          89.0
        ],
        [
          637.0,
          87.0
        ],
        [
          637.0,
          86.0
        ],
        [
          638.0,
          85.0
        ],
        [
          638.0,
          66.0
        ],
        [
          639.0,
          65.0
        ],
        [
          639.0,
          64.0
        ],
        [
          638.0,
          63.0
        ],
        [
          638.0,
          34.0
        ],
        [
          637.0,
          34.0
        ],
        [
          634.0,
          37.0
        ],
        [
          631.0,
          37.0
        ],
        [
          630.0,
          36.0
        ],
        [
          629.0,
          36.0
        ],
        [
          626.0,
          33.0
        ],
        [
          623.0,
          33.0
        ],
        [
          622.0,
          32.0
        ],
        [
          610.0,
          32.0
        ],
        [
          609.0,
          31.0
        ],
        [
          608.0,
          31.0
        ],
        [
          607.0,
          30.0
        ],
        [
          606.0,
          30.0
        ],
        [
          605.0,
          29.0
        ],
        [
          604.0,
          29.0
        ],
        [
          600.0,
          25.0
        ],
        [
          600.0,
          24.0
        ],
        [
          599.0,
          23.0
        ],
        [
          599.0,
          22.0
        ],
        [
          596.0,
          19.0
        ],
        [
          592.0,
          19.0
        ],
        [
          591.0,
          20.0
        ]
      ],
      "group_id": null,
      "shape_type": "polygon",
      "flags": {}
    },
    {
      "label": "potato",
      "text": "",
      "points": [
        [
          623.0,
          113.0
        ],
        [
          620.0,
          115.0
        ],
        [
          620.0,
          116.0
        ],
        [
          618.0,
          119.0
        ],
        [
          618.0,
          121.0
        ],
        [
          617.0,
          122.0
        ],
        [
          617.0,
          124.0
        ],
        [
          616.0,
          125.0
        ],
        [
          616.0,
          126.0
        ],
        [
          614.0,
          128.0
        ],
        [
          614.0,
          129.0
        ],
        [
          610.0,
          133.0
        ],
        [
          609.0,
          133.0
        ],
        [
          608.0,
          134.0
        ],
        [
          607.0,
          134.0
        ],
        [
          606.0,
          133.0
        ],
        [
          598.0,
          133.0
        ],
        [
          597.0,
          134.0
        ],
        [
          595.0,
          134.0
        ],
        [
          594.0,
          135.0
        ],
        [
          592.0,
          135.0
        ],
        [
          589.0,
          137.0
        ],
        [
          589.0,
          138.0
        ],
        [
          588.0,
          139.0
        ],
        [
          588.0,
          147.0
        ],
        [
          589.0,
          148.0
        ],
        [
          588.0,
          149.0
        ],
        [
          588.0,
          153.0
        ],
        [
          587.0,
          154.0
        ],
        [
          587.0,
          156.0
        ],
        [
          583.0,
          160.0
        ],
        [
          582.0,
          160.0
        ],
        [
          581.0,
          161.0
        ],
        [
          577.0,
          161.0
        ],
        [
          576.0,
          162.0
        ],
        [
          575.0,
          162.0
        ],
        [
          573.0,
          164.0
        ],
        [
          573.0,
          166.0
        ],
        [
          572.0,
          167.0
        ],
        [
          572.0,
          174.0
        ],
        [
          575.0,
          177.0
        ],
        [
          575.0,
          178.0
        ],
        [
          576.0,
          179.0
        ],
        [
          576.0,
          185.0
        ],
        [
          574.0,
          188.0
        ],
        [
          574.0,
          191.0
        ],
        [
          576.0,
          193.0
        ],
        [
          577.0,
          193.0
        ],
        [
          580.0,
          195.0
        ],
        [
          582.0,
          195.0
        ],
        [
          584.0,
          197.0
        ],
        [
          584.0,
          198.0
        ],
        [
          585.0,
          199.0
        ],
        [
          585.0,
          200.0
        ],
        [
          582.0,
          205.0
        ],
        [
          582.0,
          208.0
        ],
        [
          581.0,
          209.0
        ],
        [
          581.0,
          211.0
        ],
        [
          578.0,
          216.0
        ],
        [
          578.0,
          219.0
        ],
        [
          582.0,
          223.0
        ],
        [
          588.0,
          223.0
        ],
        [
          589.0,
          222.0
        ],
        [
          590.0,
          222.0
        ],
        [
          591.0,
          221.0
        ],
        [
          593.0,
          221.0
        ],
        [
          594.0,
          220.0
        ],
        [
          604.0,
          220.0
        ],
        [
          609.0,
          223.0
        ],
        [
          613.0,
          223.0
        ],
        [
          614.0,
          222.0
        ],
        [
          617.0,
          221.0
        ],
        [
          619.0,
          219.0
        ],
        [
          622.0,
          219.0
        ],
        [
          623.0,
          220.0
        ],
        [
          624.0,
          220.0
        ],
        [
          626.0,
          222.0
        ],
        [
          630.0,
          222.0
        ],
        [
          631.0,
          223.0
        ],
        [
          633.0,
          223.0
        ],
        [
          634.0,
          224.0
        ],
        [
          637.0,
          224.0
        ],
        [
          637.0,
          220.0
        ],
        [
          635.0,
          218.0
        ],
        [
          634.0,
          218.0
        ],
        [
          631.0,
          215.0
        ],
        [
          631.0,
          213.0
        ],
        [
          630.0,
          212.0
        ],
        [
          630.0,
          210.0
        ],
        [
          629.0,
          209.0
        ],
        [
          629.0,
          207.0
        ],
        [
          633.0,
          203.0
        ],
        [
          634.0,
          203.0
        ],
        [
          636.0,
          201.0
        ],
        [
          637.0,
          201.0
        ],
        [
          638.0,
          200.0
        ],
        [
          638.0,
          167.0
        ],
        [
          637.0,
          166.0
        ],
        [
          637.0,
          160.0
        ],
        [
          638.0,
          159.0
        ],
        [
          638.0,
          143.0
        ],
        [
          637.0,
          142.0
        ],
        [
          636.0,
          139.0
        ],
        [
          635.0,
          139.0
        ],
        [
          630.0,
          134.0
        ],
        [
          630.0,
          133.0
        ],
        [
          629.0,
          132.0
        ],
        [
          629.0,
          130.0
        ],
        [
          628.0,
          129.0
        ],
        [
          628.0,
          124.0
        ],
        [
          627.0,
          123.0
        ],
        [
          627.0,
          117.0
        ],
        [
          625.0,
          115.0
        ],
        [
          625.0,
          114.0
        ],
        [
          624.0,
          114.0
        ]
      ],
      "group_id": null,
      "shape_type": "polygon",
      "flags": {}
    },
    {
      "label": "potato",
      "text": "",
      "points": [
        [
          637.0,
          262.0
        ],
        [
          631.0,
          262.0
        ],
        [
          630.0,
          263.0
        ],
        [
          627.0,
          264.0
        ],
        [
          626.0,
          265.0
        ],
        [
          626.0,
          266.0
        ],
        [
          619.0,
          274.0
        ],
        [
          617.0,
          279.0
        ],
        [
          615.0,
          281.0
        ],
        [
          613.0,
          281.0
        ],
        [
          612.0,
          280.0
        ],
        [
          609.0,
          280.0
        ],
        [
          608.0,
          279.0
        ],
        [
          607.0,
          279.0
        ],
        [
          605.0,
          281.0
        ],
        [
          605.0,
          282.0
        ],
        [
          603.0,
          285.0
        ],
        [
          600.0,
          285.0
        ],
        [
          599.0,
          284.0
        ],
        [
          598.0,
          281.0
        ],
        [
          597.0,
          281.0
        ],
        [
          594.0,
          278.0
        ],
        [
          589.0,
          277.0
        ],
        [
          585.0,
          273.0
        ],
        [
          584.0,
          273.0
        ],
        [
          581.0,
          271.0
        ],
        [
          579.0,
          271.0
        ],
        [
          578.0,
          270.0
        ],
        [
          575.0,
          273.0
        ],
        [
          575.0,
          274.0
        ],
        [
          574.0,
          275.0
        ],
        [
          574.0,
          277.0
        ],
        [
          573.0,
          278.0
        ],
        [
          573.0,
          281.0
        ],
        [
          572.0,
          282.0
        ],
        [
          572.0,
          286.0
        ],
        [
          570.0,
          288.0
        ],
        [
          567.0,
          289.0
        ],
        [
          563.0,
          293.0
        ],
        [
          561.0,
          293.0
        ],
        [
          560.0,
          294.0
        ],
        [
          555.0,
          294.0
        ],
        [
          550.0,
          297.0
        ],
        [
          550.0,
          298.0
        ],
        [
          549.0,
          299.0
        ],
        [
          549.0,
          301.0
        ],
        [
          548.0,
          302.0
        ],
        [
          548.0,
          305.0
        ],
        [
          549.0,
          306.0
        ],
        [
          549.0,
          310.0
        ],
        [
          551.0,
          313.0
        ],
        [
          551.0,
          317.0
        ],
        [
          550.0,
          318.0
        ],
        [
          550.0,
          325.0
        ],
        [
          551.0,
          326.0
        ],
        [
          551.0,
          328.0
        ],
        [
          554.0,
          331.0
        ],
        [
          554.0,
          332.0
        ],
        [
          555.0,
          333.0
        ],
        [
          555.0,
          336.0
        ],
        [
          551.0,
          340.0
        ],
        [
          551.0,
          342.0
        ],
        [
          550.0,
          343.0
        ],
        [
          550.0,
          347.0
        ],
        [
          551.0,
          348.0
        ],
        [
          551.0,
          351.0
        ],
        [
          555.0,
          356.0
        ],
        [
          556.0,
          356.0
        ],
        [
          559.0,
          358.0
        ],
        [
          560.0,
          357.0
        ],
        [
          564.0,
          357.0
        ],
        [
          567.0,
          355.0
        ],
        [
          569.0,
          355.0
        ],
        [
          570.0,
          354.0
        ],
        [
          572.0,
          354.0
        ],
        [
          573.0,
          353.0
        ],
        [
          578.0,
          352.0
        ],
        [
          579.0,
          353.0
        ],
        [
          581.0,
          353.0
        ],
        [
          582.0,
          354.0
        ],
        [
          583.0,
          354.0
        ],
        [
          586.0,
          356.0
        ],
        [
          588.0,
          356.0
        ],
        [
          589.0,
          357.0
        ],
        [
          592.0,
          357.0
        ],
        [
          593.0,
          358.0
        ],
        [
          597.0,
          358.0
        ],
        [
          601.0,
          361.0
        ],
        [
          602.0,
          361.0
        ],
        [
          605.0,
          363.0
        ],
        [
          607.0,
          363.0
        ],
        [
          608.0,
          364.0
        ],
        [
          609.0,
          363.0
        ],
        [
          611.0,
          363.0
        ],
        [
          612.0,
          362.0
        ],
        [
          613.0,
          362.0
        ],
        [
          615.0,
          360.0
        ],
        [
          616.0,
          360.0
        ],
        [
          620.0,
          356.0
        ],
        [
          623.0,
          356.0
        ],
        [
          626.0,
          361.0
        ],
        [
          626.0,
          367.0
        ],
        [
          627.0,
          367.0
        ],
        [
          628.0,
          368.0
        ],
        [
          633.0,
          368.0
        ],
        [
          636.0,
          365.0
        ],
        [
          637.0,
          365.0
        ],
        [
          637.0,
          364.0
        ],
        [
          638.0,
          363.0
        ],
        [
          638.0,
          339.0
        ],
        [
          639.0,
          338.0
        ],
        [
          639.0,
          337.0
        ],
        [
          638.0,
          336.0
        ],
        [
          638.0,
          308.0
        ],
        [
          637.0,
          307.0
        ],
        [
          637.0,
          306.0
        ],
        [
          634.0,
          305.0
        ],
        [
          631.0,
          302.0
        ],
        [
          631.0,
          295.0
        ],
        [
          633.0,
          292.0
        ],
        [
          633.0,
          290.0
        ],
        [
          634.0,
          289.0
        ],
        [
          634.0,
          286.0
        ],
        [
          638.0,
          279.0
        ],
        [
          638.0,
          263.0
        ]
      ],
      "group_id": null,
      "shape_type": "polygon",
      "flags": {}
    },
    {
      "label": "potato",
      "text": "",
      "points": [
        [
          312.0,
          97.0
        ],
        [
          312.0,
          98.0
        ],
        [
          311.0,
          99.0
        ],
        [
          312.0,
          100.0
        ],
        [
          312.0,
          101.0
        ],
        [
          313.0,
          102.0
        ],
        [
          313.0,
          103.0
        ],
        [
          315.0,
          105.0
        ],
        [
          315.0,
          106.0
        ],
        [
          316.0,
          107.0
        ],
        [
          316.0,
          108.0
        ],
        [
          318.0,
          110.0
        ],
        [
          318.0,
          112.0
        ],
        [
          319.0,
          113.0
        ],
        [
          319.0,
          114.0
        ],
        [
          317.0,
          116.0
        ],
        [
          317.0,
          117.0
        ],
        [
          315.0,
          119.0
        ],
        [
          315.0,
          120.0
        ],
        [
          314.0,
          121.0
        ],
        [
          314.0,
          125.0
        ],
        [
          315.0,
          126.0
        ],
        [
          315.0,
          127.0
        ],
        [
          325.0,
          137.0
        ],
        [
          328.0,
          137.0
        ],
        [
          329.0,
          138.0
        ],
        [
          331.0,
          138.0
        ],
        [
          332.0,
          137.0
        ],
        [
          334.0,
          137.0
        ],
        [
          336.0,
          135.0
        ],
        [
          337.0,
          135.0
        ],
        [
          338.0,
          134.0
        ],
        [
          339.0,
          134.0
        ],
        [
          342.0,
          131.0
        ],
        [
          342.0,
          130.0
        ],
        [
          344.0,
          128.0
        ],
        [
          344.0,
          127.0
        ],
        [
          345.0,
          126.0
        ],
        [
          345.0,
          124.0
        ],
        [
          346.0,
          123.0
        ],
        [
          346.0,
          121.0
        ],
        [
          347.0,
          120.0
        ],
        [
          347.0,
          118.0
        ],
        [
          348.0,
          117.0
        ],
        [
          348.0,
          115.0
        ],
        [
          349.0,
          114.0
        ],
        [
          349.0,
          105.0
        ],
        [
          348.0,
          104.0
        ],
        [
          348.0,
          103.0
        ],
        [
          345.0,
          100.0
        ],
        [
          345.0,
          99.0
        ],
        [
          344.0,
          98.0
        ],
        [
          343.0,
          98.0
        ],
        [
          341.0,
          96.0
        ],
        [
          336.0,
          96.0
        ],
        [
          335.0,
          97.0
        ],
        [
          324.0,
          97.0
        ],
        [
          323.0,
          96.0
        ],
        [
          314.0,
          96.0
        ],
        [
          313.0,
          97.0
        ]
      ],
      "group_id": null,
      "shape_type": "polygon",
      "flags": {}
    },
    {
      "label": "potato",
      "text": "",
      "points": [
        [
          352.0,
          533.0
        ],
        [
          351.0,
          534.0
        ],
        [
          350.0,
          534.0
        ],
        [
          349.0,
          535.0
        ],
        [
          349.0,
          536.0
        ],
        [
          348.0,
          537.0
        ],
        [
          348.0,
          538.0
        ],
        [
          347.0,
          539.0
        ],
        [
          347.0,
          541.0
        ],
        [
          353.0,
          547.0
        ],
        [
          353.0,
          552.0
        ],
        [
          352.0,
          553.0
        ],
        [
          352.0,
          556.0
        ],
        [
          351.0,
          557.0
        ],
        [
          351.0,
          562.0
        ],
        [
          352.0,
          563.0
        ],
        [
          352.0,
          566.0
        ],
        [
          353.0,
          567.0
        ],
        [
          353.0,
          569.0
        ],
        [
          354.0,
          570.0
        ],
        [
          354.0,
          571.0
        ],
        [
          355.0,
          572.0
        ],
        [
          356.0,
          572.0
        ],
        [
          361.0,
          577.0
        ],
        [
          362.0,
          577.0
        ],
        [
          363.0,
          578.0
        ],
        [
          364.0,
          578.0
        ],
        [
          365.0,
          579.0
        ],
        [
          366.0,
          579.0
        ],
        [
          367.0,
          580.0
        ],
        [
          370.0,
          580.0
        ],
        [
          371.0,
          579.0
        ],
        [
          372.0,
          579.0
        ],
        [
          373.0,
          578.0
        ],
        [
          373.0,
          577.0
        ],
        [
          374.0,
          576.0
        ],
        [
          374.0,
          570.0
        ],
        [
          373.0,
          569.0
        ],
        [
          373.0,
          562.0
        ],
        [
          374.0,
          561.0
        ],
        [
          374.0,
          553.0
        ],
        [
          370.0,
          549.0
        ],
        [
          369.0,
          549.0
        ],
        [
          368.0,
          548.0
        ],
        [
          368.0,
          534.0
        ],
        [
          367.0,
          533.0
        ],
        [
          367.0,
          532.0
        ],
        [
          366.0,
          531.0
        ],
        [
          363.0,
          531.0
        ],
        [
          360.0,
          534.0
        ],
        [
          356.0,
          534.0
        ],
        [
          355.0,
          533.0
        ]
      ],
      "group_id": null,
      "shape_type": "polygon",
      "flags": {}
    },
    {
      "label": "weed",
      "text": "",
      "points": [
        [
          218.0,
          3.0
        ],
        [
          218.0,
          4.0
        ],
        [
          217.0,
          5.0
        ],
        [
          217.0,
          6.0
        ],
        [
          216.0,
          7.0
        ],
        [
          216.0,
          8.0
        ],
        [
          215.0,
          9.0
        ],
        [
          215.0,
          10.0
        ],
        [
          214.0,
          11.0
        ],
        [
          214.0,
          12.0
        ],
        [
          213.0,
          13.0
        ],
        [
          213.0,
          14.0
        ],
        [
          212.0,
          15.0
        ],
        [
          212.0,
          18.0
        ],
        [
          213.0,
          19.0
        ],
        [
          214.0,
          19.0
        ],
        [
          215.0,
          20.0
        ],
        [
          217.0,
          20.0
        ],
        [
          218.0,
          21.0
        ],
        [
          220.0,
          21.0
        ],
        [
          221.0,
          22.0
        ],
        [
          222.0,
          22.0
        ],
        [
          223.0,
          23.0
        ],
        [
          226.0,
          23.0
        ],
        [
          228.0,
          21.0
        ],
        [
          228.0,
          20.0
        ],
        [
          230.0,
          18.0
        ],
        [
          230.0,
          17.0
        ],
        [
          233.0,
          14.0
        ],
        [
          233.0,
          12.0
        ],
        [
          232.0,
          11.0
        ],
        [
          231.0,
          11.0
        ],
        [
          230.0,
          10.0
        ],
        [
          226.0,
          10.0
        ],
        [
          223.0,
          7.0
        ],
        [
          223.0,
          6.0
        ],
        [
          222.0,
          5.0
        ],
        [
          222.0,
          4.0
        ],
        [
          221.0,
          4.0
        ],
        [
          220.0,
          3.0
        ]
      ],
      "group_id": null,
      "shape_type": "polygon",
      "flags": {}
    },
    {
      "label": "weed",
      "text": "",
      "points": [
        [
          597.0,
          554.0
        ],
        [
          595.0,
          556.0
        ],
        [
          595.0,
          558.0
        ],
        [
          594.0,
          559.0
        ],
        [
          594.0,
          560.0
        ],
        [
          595.0,
          561.0
        ],
        [
          595.0,
          562.0
        ],
        [
          596.0,
          563.0
        ],
        [
          596.0,
          565.0
        ],
        [
          601.0,
          570.0
        ],
        [
          602.0,
          570.0
        ],
        [
          603.0,
          571.0
        ],
        [
          605.0,
          571.0
        ],
        [
          607.0,
          573.0
        ],
        [
          613.0,
          573.0
        ],
        [
          614.0,
          572.0
        ],
        [
          615.0,
          572.0
        ],
        [
          618.0,
          569.0
        ],
        [
          618.0,
          568.0
        ],
        [
          619.0,
          567.0
        ],
        [
          619.0,
          566.0
        ],
        [
          620.0,
          565.0
        ],
        [
          620.0,
          563.0
        ],
        [
          621.0,
          562.0
        ],
        [
          621.0,
          559.0
        ],
        [
          620.0,
          558.0
        ],
        [
          620.0,
          557.0
        ],
        [
          619.0,
          556.0
        ],
        [
          619.0,
          555.0
        ],
        [
          618.0,
          555.0
        ],
        [
          616.0,
          553.0
        ],
        [
          613.0,
          553.0
        ],
        [
          612.0,
          552.0
        ],
        [
          609.0,
          552.0
        ],
        [
          608.0,
          553.0
        ],
        [
          599.0,
          553.0
        ],
        [
          598.0,
          554.0
        ]
      ],
      "group_id": null,
      "shape_type": "polygon",
      "flags": {}
    },
    {
      "label": "weed",
      "text": "",
      "points": [
        [
          638.0,
          392.0
        ],
        [
          637.0,
          392.0
        ],
        [
          637.0,
          393.0
        ],
        [
          636.0,
          394.0
        ],
        [
          635.0,
          394.0
        ],
        [
          633.0,
          396.0
        ],
        [
          633.0,
          397.0
        ],
        [
          632.0,
          398.0
        ],
        [
          631.0,
          398.0
        ],
        [
          629.0,
          400.0
        ],
        [
          627.0,
          400.0
        ],
        [
          626.0,
          401.0
        ],
        [
          622.0,
          401.0
        ],
        [
          621.0,
          400.0
        ],
        [
          621.0,
          399.0
        ],
        [
          620.0,
          398.0
        ],
        [
          620.0,
          397.0
        ],
        [
          618.0,
          395.0
        ],
        [
          617.0,
          395.0
        ],
        [
          616.0,
          394.0
        ],
        [
          615.0,
          394.0
        ],
        [
          614.0,
          393.0
        ],
        [
          611.0,
          393.0
        ],
        [
          610.0,
          394.0
        ],
        [
          609.0,
          394.0
        ],
        [
          607.0,
          396.0
        ],
        [
          607.0,
          397.0
        ],
        [
          606.0,
          398.0
        ],
        [
          606.0,
          400.0
        ],
        [
          605.0,
          401.0
        ],
        [
          605.0,
          406.0
        ],
        [
          606.0,
          407.0
        ],
        [
          606.0,
          409.0
        ],
        [
          607.0,
          410.0
        ],
        [
          607.0,
          416.0
        ],
        [
          609.0,
          418.0
        ],
        [
          611.0,
          418.0
        ],
        [
          618.0,
          425.0
        ],
        [
          619.0,
          425.0
        ],
        [
          620.0,
          426.0
        ],
        [
          621.0,
          426.0
        ],
        [
          622.0,
          427.0
        ],
        [
          625.0,
          427.0
        ],
        [
          626.0,
          426.0
        ],
        [
          627.0,
          426.0
        ],
        [
          628.0,
          425.0
        ],
        [
          628.0,
          424.0
        ],
        [
          629.0,
          423.0
        ],
        [
          629.0,
          422.0
        ],
        [
          630.0,
          421.0
        ],
        [
          630.0,
          419.0
        ],
        [
          631.0,
          418.0
        ],
        [
          631.0,
          415.0
        ],
        [
          634.0,
          412.0
        ],
        [
          635.0,
          412.0
        ],
        [
          636.0,
          411.0
        ],
        [
          637.0,
          411.0
        ],
        [
          638.0,
          410.0
        ],
        [
          638.0,
          407.0
        ],
        [
          639.0,
          406.0
        ],
        [
          639.0,
          401.0
        ],
        [
          638.0,
          400.0
        ]
      ],
      "group_id": null,
      "shape_type": "polygon",
      "flags": {}
    },
    {
      "label": "weed",
      "text": "",
      "points": [
        [
          252.0,
          519.0
        ],
        [
          247.0,
          519.0
        ],
        [
          246.0,
          520.0
        ],
        [
          245.0,
          520.0
        ],
        [
          244.0,
          521.0
        ],
        [
          243.0,
          521.0
        ],
        [
          242.0,
          522.0
        ],
        [
          241.0,
          522.0
        ],
        [
          240.0,
          523.0
        ],
        [
          239.0,
          523.0
        ],
        [
          238.0,
          524.0
        ],
        [
          233.0,
          524.0
        ],
        [
          231.0,
          526.0
        ],
        [
          231.0,
          531.0
        ],
        [
          232.0,
          532.0
        ],
        [
          232.0,
          534.0
        ],
        [
          231.0,
          535.0
        ],
        [
          231.0,
          537.0
        ],
        [
          230.0,
          538.0
        ],
        [
          230.0,
          539.0
        ],
        [
          228.0,
          541.0
        ],
        [
          227.0,
          541.0
        ],
        [
          226.0,
          542.0
        ],
        [
          226.0,
          543.0
        ],
        [
          225.0,
          544.0
        ],
        [
          225.0,
          549.0
        ],
        [
          228.0,
          552.0
        ],
        [
          229.0,
          552.0
        ],
        [
          230.0,
          553.0
        ],
        [
          233.0,
          553.0
        ],
        [
          234.0,
          554.0
        ],
        [
          234.0,
          556.0
        ],
        [
          237.0,
          559.0
        ],
        [
          238.0,
          559.0
        ],
        [
          240.0,
          557.0
        ],
        [
          240.0,
          554.0
        ],
        [
          242.0,
          552.0
        ],
        [
          243.0,
          552.0
        ],
        [
          244.0,
          551.0
        ],
        [
          245.0,
          551.0
        ],
        [
          246.0,
          552.0
        ],
        [
          247.0,
          552.0
        ],
        [
          248.0,
          553.0
        ],
        [
          249.0,
          553.0
        ],
        [
          250.0,
          552.0
        ],
        [
          251.0,
          552.0
        ],
        [
          252.0,
          551.0
        ],
        [
          253.0,
          551.0
        ],
        [
          253.0,
          550.0
        ],
        [
          262.0,
          541.0
        ],
        [
          262.0,
          534.0
        ],
        [
          261.0,
          533.0
        ],
        [
          261.0,
          531.0
        ],
        [
          257.0,
          527.0
        ],
        [
          257.0,
          526.0
        ],
        [
          256.0,
          525.0
        ],
        [
          256.0,
          524.0
        ],
        [
          255.0,
          523.0
        ],
        [
          255.0,
          522.0
        ]
      ],
      "group_id": null,
      "shape_type": "polygon",
      "flags": {}
    },
    {
      "label": "weed",
      "text": "",
      "points": [
        [
          199.0,
          599.0
        ],
        [
          195.0,
          599.0
        ],
        [
          194.0,
          600.0
        ],
        [
          193.0,
          600.0
        ],
        [
          189.0,
          604.0
        ],
        [
          189.0,
          605.0
        ],
        [
          187.0,
          607.0
        ],
        [
          187.0,
          608.0
        ],
        [
          186.0,
          609.0
        ],
        [
          186.0,
          617.0
        ],
        [
          187.0,
          618.0
        ],
        [
          187.0,
          620.0
        ],
        [
          189.0,
          622.0
        ],
        [
          190.0,
          622.0
        ],
        [
          191.0,
          623.0
        ],
        [
          194.0,
          623.0
        ],
        [
          195.0,
          622.0
        ],
        [
          196.0,
          622.0
        ],
        [
          201.0,
          617.0
        ],
        [
          201.0,
          616.0
        ],
        [
          202.0,
          615.0
        ],
        [
          202.0,
          614.0
        ],
        [
          203.0,
          613.0
        ],
        [
          203.0,
          610.0
        ],
        [
          204.0,
          609.0
        ],
        [
          204.0,
          607.0
        ],
        [
          203.0,
          606.0
        ],
        [
          203.0,
          602.0
        ],
        [
          201.0,
          600.0
        ],
        [
          200.0,
          600.0
        ]
      ],
      "group_id": null,
      "shape_type": "polygon",
      "flags": {}
    },
    {
      "label": "weed",
      "text": "",
      "points": [
        [
          211.0,
          509.0
        ],
        [
          209.0,
          509.0
        ],
        [
          208.0,
          508.0
        ],
        [
          207.0,
          508.0
        ],
        [
          202.0,
          513.0
        ],
        [
          202.0,
          514.0
        ],
        [
          201.0,
          515.0
        ],
        [
          201.0,
          517.0
        ],
        [
          200.0,
          518.0
        ],
        [
          200.0,
          523.0
        ],
        [
          201.0,
          524.0
        ],
        [
          201.0,
          526.0
        ],
        [
          203.0,
          528.0
        ],
        [
          207.0,
          528.0
        ],
        [
          208.0,
          527.0
        ],
        [
          209.0,
          527.0
        ],
        [
          213.0,
          523.0
        ],
        [
          213.0,
          522.0
        ],
        [
          215.0,
          520.0
        ],
        [
          215.0,
          512.0
        ],
        [
          213.0,
          510.0
        ],
        [
          212.0,
          510.0
        ]
      ],
      "group_id": null,
      "shape_type": "polygon",
      "flags": {}
    },
    {
      "label": "weed",
      "text": "",
      "points": [
        [
          461.0,
          411.0
        ],
        [
          461.0,
          415.0
        ],
        [
          464.0,
          418.0
        ],
        [
          464.0,
          420.0
        ],
        [
          465.0,
          421.0
        ],
        [
          465.0,
          423.0
        ],
        [
          466.0,
          424.0
        ],
        [
          466.0,
          428.0
        ],
        [
          467.0,
          429.0
        ],
        [
          467.0,
          433.0
        ],
        [
          468.0,
          434.0
        ],
        [
          468.0,
          436.0
        ],
        [
          469.0,
          437.0
        ],
        [
          473.0,
          437.0
        ],
        [
          474.0,
          436.0
        ],
        [
          474.0,
          418.0
        ],
        [
          473.0,
          417.0
        ],
        [
          473.0,
          416.0
        ],
        [
          467.0,
          410.0
        ],
        [
          464.0,
          410.0
        ],
        [
          463.0,
          411.0
        ]
      ],
      "group_id": null,
      "shape_type": "polygon",
      "flags": {}
    },
    {
      "label": "weed",
      "text": "",
      "points": [
        [
          230.00000000000003,
          29.64285714285718
        ],
        [
          225.00000000000003,
          41.071428571428605
        ],
        [
          207.14285714285714,
          46.071428571428605
        ],
        [
          227.85714285714286,
          47.500000000000036
        ],
        [
          240.00000000000003,
          56.071428571428605
        ]
      ],
      "group_id": null,
      "shape_type": "polygon",
      "flags": {}
    },
    {
      "label": "weed",
      "text": "",
      "points": [
        [
          219.2857142857143,
          66.78571428571432
        ],
        [
          210.71428571428575,
          82.50000000000004
        ],
        [
          225.00000000000003,
          91.07142857142861
        ]
      ],
      "group_id": null,
      "shape_type": "polygon",
      "flags": {}
    },
    {
      "label": "weed",
      "text": "",
      "points": [
        [
          71.0,
          151.0
        ],
        [
          70.0,
          152.0
        ],
        [
          68.0,
          152.0
        ],
        [
          67.0,
          153.0
        ],
        [
          67.0,
          154.0
        ],
        [
          66.0,
          155.0
        ],
        [
          66.0,
          156.0
        ],
        [
          65.0,
          157.0
        ],
        [
          65.0,
          159.0
        ],
        [
          64.0,
          160.0
        ],
        [
          64.0,
          161.0
        ],
        [
          63.0,
          162.0
        ],
        [
          63.0,
          170.0
        ],
        [
          64.0,
          171.0
        ],
        [
          64.0,
          172.0
        ],
        [
          67.0,
          175.0
        ],
        [
          68.0,
          175.0
        ],
        [
          69.0,
          176.0
        ],
        [
          76.0,
          176.0
        ],
        [
          76.0,
          175.0
        ],
        [
          77.0,
          174.0
        ],
        [
          77.0,
          172.0
        ],
        [
          78.0,
          171.0
        ],
        [
          78.0,
          162.0
        ],
        [
          79.0,
          161.0
        ],
        [
          79.0,
          158.0
        ],
        [
          78.0,
          157.0
        ],
        [
          78.0,
          156.0
        ],
        [
          77.0,
          155.0
        ],
        [
          77.0,
          154.0
        ],
        [
          76.0,
          153.0
        ],
        [
          76.0,
          152.0
        ],
        [
          75.0,
          151.0
        ]
      ],
      "group_id": null,
      "shape_type": "polygon",
      "flags": {}
    },
    {
      "label": "weed",
      "text": "",
      "points": [
        [
          241.0,
          189.0
        ],
        [
          239.0,
          191.0
        ],
        [
          239.0,
          198.0
        ],
        [
          240.0,
          199.0
        ],
        [
          240.0,
          200.0
        ],
        [
          241.0,
          201.0
        ],
        [
          241.0,
          203.0
        ],
        [
          242.0,
          204.0
        ],
        [
          242.0,
          205.0
        ],
        [
          243.0,
          206.0
        ],
        [
          250.0,
          206.0
        ],
        [
          254.0,
          202.0
        ],
        [
          254.0,
          200.0
        ],
        [
          255.0,
          199.0
        ],
        [
          255.0,
          198.0
        ],
        [
          256.0,
          197.0
        ],
        [
          256.0,
          195.0
        ],
        [
          255.0,
          194.0
        ],
        [
          255.0,
          193.0
        ],
        [
          254.0,
          192.0
        ],
        [
          252.0,
          192.0
        ],
        [
          251.0,
          191.0
        ],
        [
          250.0,
          191.0
        ],
        [
          249.0,
          190.0
        ],
        [
          248.0,
          190.0
        ],
        [
          247.0,
          189.0
        ]
      ],
      "group_id": null,
      "shape_type": "polygon",
      "flags": {}
    },
    {
      "label": "weed",
      "text": "",
      "points": [
        [
          88.0,
          406.0
        ],
        [
          87.0,
          407.0
        ],
        [
          87.0,
          408.0
        ],
        [
          86.0,
          409.0
        ],
        [
          86.0,
          418.0
        ],
        [
          87.0,
          419.0
        ],
        [
          87.0,
          420.0
        ],
        [
          89.0,
          422.0
        ],
        [
          91.0,
          422.0
        ],
        [
          92.0,
          423.0
        ],
        [
          98.0,
          423.0
        ],
        [
          100.0,
          421.0
        ],
        [
          100.0,
          410.0
        ],
        [
          98.0,
          408.0
        ],
        [
          98.0,
          407.0
        ],
        [
          97.0,
          407.0
        ],
        [
          95.0,
          405.0
        ],
        [
          90.0,
          405.0
        ],
        [
          89.0,
          406.0
        ]
      ],
      "group_id": null,
      "shape_type": "polygon",
      "flags": {}
    },
    {
      "label": "weed",
      "text": "",
      "points": [
        [
          39.0,
          507.0
        ],
        [
          39.0,
          508.0
        ],
        [
          38.0,
          509.0
        ],
        [
          38.0,
          515.0
        ],
        [
          41.0,
          518.0
        ],
        [
          42.0,
          518.0
        ],
        [
          43.0,
          519.0
        ],
        [
          44.0,
          519.0
        ],
        [
          45.0,
          520.0
        ],
        [
          46.0,
          520.0
        ],
        [
          50.0,
          524.0
        ],
        [
          51.0,
          524.0
        ],
        [
          52.0,
          525.0
        ],
        [
          56.0,
          525.0
        ],
        [
          57.0,
          524.0
        ],
        [
          61.0,
          524.0
        ],
        [
          62.0,
          523.0
        ],
        [
          62.0,
          520.0
        ],
        [
          61.0,
          519.0
        ],
        [
          61.0,
          514.0
        ],
        [
          60.0,
          513.0
        ],
        [
          60.0,
          512.0
        ],
        [
          58.0,
          510.0
        ],
        [
          58.0,
          509.0
        ],
        [
          56.0,
          507.0
        ],
        [
          56.0,
          506.0
        ],
        [
          54.0,
          504.0
        ],
        [
          53.0,
          504.0
        ],
        [
          52.0,
          503.0
        ],
        [
          48.0,
          503.0
        ],
        [
          47.0,
          502.0
        ],
        [
          46.0,
          503.0
        ],
        [
          44.0,
          503.0
        ],
        [
          43.0,
          504.0
        ],
        [
          42.0,
          504.0
        ]
      ],
      "group_id": null,
      "shape_type": "polygon",
      "flags": {}
    },
    {
      "label": "weed",
      "text": "",
      "points": [
        [
          216.0,
          223.0
        ],
        [
          208.0,
          223.0
        ],
        [
          207.0,
          222.0
        ],
        [
          206.0,
          223.0
        ],
        [
          203.0,
          223.0
        ],
        [
          201.0,
          225.0
        ],
        [
          201.0,
          227.0
        ],
        [
          200.0,
          228.0
        ],
        [
          200.0,
          229.0
        ],
        [
          199.0,
          230.0
        ],
        [
          199.0,
          233.0
        ],
        [
          198.0,
          234.0
        ],
        [
          198.0,
          236.0
        ],
        [
          197.0,
          237.0
        ],
        [
          197.0,
          239.0
        ],
        [
          196.0,
          240.0
        ],
        [
          194.0,
          240.0
        ],
        [
          193.0,
          239.0
        ],
        [
          193.0,
          240.0
        ],
        [
          192.0,
          241.0
        ],
        [
          192.0,
          242.0
        ],
        [
          191.0,
          243.0
        ],
        [
          191.0,
          246.0
        ],
        [
          190.0,
          247.0
        ],
        [
          190.0,
          253.0
        ],
        [
          191.0,
          254.0
        ],
        [
          191.0,
          257.0
        ],
        [
          192.0,
          258.0
        ],
        [
          192.0,
          260.0
        ],
        [
          193.0,
          261.0
        ],
        [
          194.0,
          261.0
        ],
        [
          195.0,
          262.0
        ],
        [
          205.0,
          262.0
        ],
        [
          206.0,
          261.0
        ],
        [
          206.0,
          260.0
        ],
        [
          207.0,
          259.0
        ],
        [
          207.0,
          255.0
        ],
        [
          208.0,
          254.0
        ],
        [
          208.0,
          240.0
        ],
        [
          209.0,
          239.0
        ],
        [
          209.0,
          238.0
        ],
        [
          212.0,
          235.0
        ],
        [
          212.0,
          234.0
        ],
        [
          213.0,
          233.0
        ],
        [
          214.0,
          233.0
        ],
        [
          215.0,
          232.0
        ],
        [
          215.0,
          231.0
        ],
        [
          216.0,
          230.0
        ],
        [
          216.0,
          229.0
        ],
        [
          217.0,
          228.0
        ],
        [
          217.0,
          224.0
        ]
      ],
      "group_id": null,
      "shape_type": "polygon",
      "flags": {}
    },
    {
      "label": "weed",
      "text": "",
      "points": [
        [
          248.0,
          370.0
        ],
        [
          246.0,
          372.0
        ],
        [
          245.0,
          372.0
        ],
        [
          245.0,
          373.0
        ],
        [
          244.0,
          374.0
        ],
        [
          244.0,
          385.0
        ],
        [
          245.0,
          386.0
        ],
        [
          245.0,
          387.0
        ],
        [
          246.0,
          388.0
        ],
        [
          246.0,
          389.0
        ],
        [
          247.0,
          390.0
        ],
        [
          248.0,
          390.0
        ],
        [
          249.0,
          391.0
        ],
        [
          250.0,
          391.0
        ],
        [
          251.0,
          392.0
        ],
        [
          254.0,
          392.0
        ],
        [
          256.0,
          390.0
        ],
        [
          256.0,
          388.0
        ],
        [
          257.0,
          387.0
        ],
        [
          257.0,
          378.0
        ],
        [
          256.0,
          377.0
        ],
        [
          256.0,
          376.0
        ],
        [
          257.0,
          375.0
        ],
        [
          257.0,
          374.0
        ],
        [
          258.0,
          373.0
        ],
        [
          259.0,
          373.0
        ],
        [
          258.0,
          372.0
        ],
        [
          257.0,
          372.0
        ],
        [
          256.0,
          371.0
        ],
        [
          255.0,
          371.0
        ],
        [
          254.0,
          370.0
        ]
      ],
      "group_id": null,
      "shape_type": "polygon",
      "flags": {}
    },
    {
      "label": "weed",
      "text": "",
      "points": [
        [
          229.0,
          383.0
        ],
        [
          225.0,
          387.0
        ],
        [
          224.0,
          387.0
        ],
        [
          224.0,
          390.0
        ],
        [
          225.0,
          391.0
        ],
        [
          225.0,
          392.0
        ],
        [
          228.0,
          395.0
        ],
        [
          228.0,
          396.0
        ],
        [
          229.0,
          397.0
        ],
        [
          232.0,
          397.0
        ],
        [
          234.0,
          395.0
        ],
        [
          235.0,
          395.0
        ],
        [
          237.0,
          397.0
        ],
        [
          237.0,
          399.0
        ],
        [
          237.0,
          396.0
        ],
        [
          236.0,
          395.0
        ],
        [
          236.0,
          391.0
        ],
        [
          235.0,
          390.0
        ],
        [
          235.0,
          388.0
        ],
        [
          234.0,
          387.0
        ],
        [
          234.0,
          386.0
        ],
        [
          233.0,
          386.0
        ],
        [
          231.0,
          384.0
        ],
        [
          231.0,
          383.0
        ]
      ],
      "group_id": null,
      "shape_type": "polygon",
      "flags": {}
    },
    {
      "label": "weed",
      "text": "",
      "points": [
        [
          247.0,
          296.0
        ],
        [
          246.0,
          297.0
        ],
        [
          245.0,
          297.0
        ],
        [
          244.0,
          298.0
        ],
        [
          244.0,
          299.0
        ],
        [
          243.0,
          300.0
        ],
        [
          243.0,
          302.0
        ],
        [
          244.0,
          303.0
        ],
        [
          244.0,
          306.0
        ],
        [
          245.0,
          307.0
        ],
        [
          245.0,
          309.0
        ],
        [
          244.0,
          310.0
        ],
        [
          244.0,
          311.0
        ],
        [
          243.0,
          312.0
        ],
        [
          243.0,
          314.0
        ],
        [
          242.0,
          315.0
        ],
        [
          242.0,
          322.0
        ],
        [
          244.0,
          324.0
        ],
        [
          245.0,
          324.0
        ],
        [
          246.0,
          325.0
        ],
        [
          247.0,
          325.0
        ],
        [
          248.0,
          326.0
        ],
        [
          249.0,
          326.0
        ],
        [
          250.0,
          325.0
        ],
        [
          251.0,
          325.0
        ],
        [
          252.0,
          324.0
        ],
        [
          255.0,
          324.0
        ],
        [
          256.0,
          323.0
        ],
        [
          257.0,
          323.0
        ],
        [
          258.0,
          322.0
        ],
        [
          259.0,
          322.0
        ],
        [
          259.0,
          321.0
        ],
        [
          260.0,
          320.0
        ],
        [
          260.0,
          317.0
        ],
        [
          261.0,
          316.0
        ],
        [
          261.0,
          312.0
        ],
        [
          260.0,
          311.0
        ],
        [
          259.0,
          311.0
        ],
        [
          257.0,
          309.0
        ],
        [
          257.0,
          308.0
        ],
        [
          258.0,
          307.0
        ],
        [
          258.0,
          305.0
        ],
        [
          257.0,
          304.0
        ],
        [
          256.0,
          304.0
        ],
        [
          255.0,
          305.0
        ],
        [
          254.0,
          305.0
        ],
        [
          253.0,
          306.0
        ],
        [
          252.0,
          306.0
        ],
        [
          251.0,
          305.0
        ],
        [
          251.0,
          304.0
        ],
        [
          250.0,
          303.0
        ],
        [
          250.0,
          300.0
        ],
        [
          249.0,
          299.0
        ],
        [
          249.0,
          297.0
        ],
        [
          248.0,
          296.0
        ]
      ],
      "group_id": null,
      "shape_type": "polygon",
      "flags": {}
    },
    {
      "label": "weed",
      "text": "",
      "points": [
        [
          73.0,
          590.0
        ],
        [
          73.0,
          591.0
        ],
        [
          72.0,
          592.0
        ],
        [
          72.0,
          595.0
        ],
        [
          71.0,
          596.0
        ],
        [
          71.0,
          597.0
        ],
        [
          70.0,
          598.0
        ],
        [
          70.0,
          599.0
        ],
        [
          71.0,
          600.0
        ],
        [
          70.0,
          601.0
        ],
        [
          70.0,
          602.0
        ],
        [
          69.0,
          603.0
        ],
        [
          69.0,
          604.0
        ],
        [
          68.0,
          605.0
        ],
        [
          68.0,
          608.0
        ],
        [
          69.0,
          609.0
        ],
        [
          69.0,
          614.0
        ],
        [
          70.0,
          614.0
        ],
        [
          71.0,
          613.0
        ],
        [
          73.0,
          613.0
        ],
        [
          74.0,
          612.0
        ],
        [
          74.0,
          611.0
        ],
        [
          75.0,
          610.0
        ],
        [
          75.0,
          609.0
        ],
        [
          76.0,
          608.0
        ],
        [
          77.0,
          608.0
        ],
        [
          78.0,
          607.0
        ],
        [
          79.0,
          607.0
        ],
        [
          81.0,
          605.0
        ],
        [
          81.0,
          603.0
        ],
        [
          82.0,
          602.0
        ],
        [
          82.0,
          601.0
        ],
        [
          81.0,
          600.0
        ],
        [
          81.0,
          599.0
        ],
        [
          73.0,
          591.0
        ]
      ],
      "group_id": null,
      "shape_type": "polygon",
      "flags": {}
    },
    {
      "label": "weed",
      "text": "",
      "points": [
        [
          12.0,
          554.0
        ],
        [
          8.0,
          554.0
        ],
        [
          7.0,
          555.0
        ],
        [
          5.0,
          555.0
        ],
        [
          3.0,
          557.0
        ],
        [
          0.0,
          557.0
        ],
        [
          0.0,
          574.0
        ],
        [
          1.0,
          574.0
        ],
        [
          5.0,
          570.0
        ],
        [
          6.0,
          570.0
        ],
        [
          7.0,
          569.0
        ],
        [
          8.0,
          569.0
        ],
        [
          9.0,
          568.0
        ],
        [
          10.0,
          568.0
        ],
        [
          11.0,
          567.0
        ],
        [
          12.0,
          567.0
        ],
        [
          14.0,
          565.0
        ],
        [
          14.0,
          557.0
        ],
        [
          13.0,
          556.0
        ],
        [
          13.0,
          555.0
        ]
      ],
      "group_id": null,
      "shape_type": "polygon",
      "flags": {}
    },
    {
      "label": "weed",
      "text": "",
      "points": [
        [
          420.0,
          112.0
        ],
        [
          419.0,
          113.0
        ],
        [
          418.0,
          113.0
        ],
        [
          417.0,
          114.0
        ],
        [
          417.0,
          116.0
        ],
        [
          416.0,
          117.0
        ],
        [
          416.0,
          125.0
        ],
        [
          417.0,
          126.0
        ],
        [
          417.0,
          128.0
        ],
        [
          418.0,
          129.0
        ],
        [
          418.0,
          130.0
        ],
        [
          419.0,
          131.0
        ],
        [
          420.0,
          131.0
        ],
        [
          422.0,
          133.0
        ],
        [
          423.0,
          133.0
        ],
        [
          424.0,
          134.0
        ],
        [
          427.0,
          134.0
        ],
        [
          428.0,
          135.0
        ],
        [
          429.0,
          135.0
        ],
        [
          430.0,
          134.0
        ],
        [
          431.0,
          134.0
        ],
        [
          433.0,
          132.0
        ],
        [
          433.0,
          129.0
        ],
        [
          432.0,
          128.0
        ],
        [
          429.0,
          128.0
        ],
        [
          427.0,
          126.0
        ],
        [
          427.0,
          124.0
        ],
        [
          428.0,
          123.0
        ],
        [
          428.0,
          122.0
        ],
        [
          429.0,
          121.0
        ],
        [
          429.0,
          118.0
        ],
        [
          425.0,
          114.0
        ],
        [
          424.0,
          114.0
        ],
        [
          423.0,
          113.0
        ],
        [
          422.0,
          113.0
        ],
        [
          421.0,
          112.0
        ]
      ],
      "group_id": null,
      "shape_type": "polygon",
      "flags": {}
    }
  ],
  "imagePath": "..\\after_crop\\tile_1_7.jpg",
  "imageData": null,
  "imageHeight": 640,
  "imageWidth": 640
}