{
  "version": "0.3.3",
  "flags": {},
  "shapes": [
    {
      "label": "potato",
      "text": "",
      "points": [
        [
          5.0,
          97.0
        ],
        [
          3.0,
          99.0
        ],
        [
          3.0,
          112.0
        ],
        [
          4.0,
          113.0
        ],
        [
          4.0,
          118.0
        ],
        [
          5.0,
          119.0
        ],
        [
          5.0,
          121.0
        ],
        [
          7.0,
          123.0
        ],
        [
          8.0,
          123.0
        ],
        [
          13.0,
          126.0
        ],
        [
          13.0,
          127.0
        ],
        [
          14.0,
          128.0
        ],
        [
          14.0,
          130.0
        ],
        [
          10.0,
          133.0
        ],
        [
          9.0,
          133.0
        ],
        [
          7.0,
          131.0
        ],
        [
          0.0,
          128.0
        ],
        [
          0.0,
          174.0
        ],
        [
          1.0,
          174.0
        ],
        [
          3.0,
          176.0
        ],
        [
          3.0,
          177.0
        ],
        [
          5.0,
          179.0
        ],
        [
          6.0,
          182.0
        ],
        [
          17.0,
          193.0
        ],
        [
          26.0,
          193.0
        ],
        [
          27.0,
          192.0
        ],
        [
          28.0,
          192.0
        ],
        [
          31.0,
          189.0
        ],
        [
          32.0,
          189.0
        ],
        [
          34.0,
          191.0
        ],
        [
          34.0,
          197.0
        ],
        [
          35.0,
          198.0
        ],
        [
          35.0,
          199.0
        ],
        [
          38.0,
          200.0
        ],
        [
          43.0,
          206.0
        ],
        [
          44.0,
          206.0
        ],
        [
          45.0,
          207.0
        ],
        [
          49.0,
          207.0
        ],
        [
          56.0,
          199.0
        ],
        [
          56.0,
          198.0
        ],
        [
          59.0,
          193.0
        ],
        [
          59.0,
          190.0
        ],
        [
          60.0,
          189.0
        ],
        [
          60.0,
          185.0
        ],
        [
          63.0,
          182.0
        ],
        [
          64.0,
          182.0
        ],
        [
          68.0,
          179.0
        ],
        [
          68.0,
          170.0
        ],
        [
          73.0,
          166.0
        ],
        [
          74.0,
          166.0
        ],
        [
          79.0,
          163.0
        ],
        [
          84.0,
          162.0
        ],
        [
          87.0,
          160.0
        ],
        [
          87.0,
          155.0
        ],
        [
          84.0,
          152.0
        ],
        [
          83.0,
          152.0
        ],
        [
          79.0,
          149.0
        ],
        [
          74.0,
          148.0
        ],
        [
          72.0,
          146.0
        ],
        [
          72.0,
          143.0
        ],
        [
          73.0,
          142.0
        ],
        [
          73.0,
          141.0
        ],
        [
          78.0,
          132.0
        ],
        [
          78.0,
          130.0
        ],
        [
          79.0,
          129.0
        ],
        [
          79.0,
          121.0
        ],
        [
          78.0,
          120.0
        ],
        [
          78.0,
          118.0
        ],
        [
          74.0,
          114.0
        ],
        [
          73.0,
          114.0
        ],
        [
          71.0,
          112.0
        ],
        [
          68.0,
          111.0
        ],
        [
          65.0,
          108.0
        ],
        [
          64.0,
          108.0
        ],
        [
          61.0,
          106.0
        ],
        [
          56.0,
          106.0
        ],
        [
          55.0,
          107.0
        ],
        [
          53.0,
          107.0
        ],
        [
          52.0,
          108.0
        ],
        [
          51.0,
          108.0
        ],
        [
          50.0,
          109.0
        ],
        [
          49.0,
          112.0
        ],
        [
          45.0,
          116.0
        ],
        [
          43.0,
          116.0
        ],
        [
          40.0,
          120.0
        ],
        [
          34.0,
          120.0
        ],
        [
          32.0,
          118.0
        ],
        [
          32.0,
          110.0
        ],
        [
          34.0,
          107.0
        ],
        [
          34.0,
          105.0
        ],
        [
          35.0,
          104.0
        ],
        [
          35.0,
          103.0
        ],
        [
          30.0,
          103.0
        ],
        [
          29.0,
          104.0
        ],
        [
          26.0,
          104.0
        ],
        [
          25.0,
          105.0
        ],
        [
          21.0,
          105.0
        ],
        [
          20.0,
          104.0
        ],
        [
          19.0,
          104.0
        ],
        [
          13.0,
          98.0
        ],
        [
          12.0,
          98.0
        ],
        [
          11.0,
          97.0
        ]
      ],
      "group_id": null,
      "shape_type": "polygon",
      "flags": {}
    },
    {
      "label": "potato",
      "text": "",
      "points": [
        [
          5.0,
          468.0
        ],
        [
          3.0,
          470.0
        ],
        [
          3.0,
          471.0
        ],
        [
          1.0,
          473.0
        ],
        [
          0.0,
          473.0
        ],
        [
          0.0,
          506.0
        ],
        [
          1.0,
          506.0
        ],
        [
          4.0,
          509.0
        ],
        [
          5.0,
          509.0
        ],
        [
          12.0,
          515.0
        ],
        [
          12.0,
          516.0
        ],
        [
          11.0,
          517.0
        ],
        [
          11.0,
          520.0
        ],
        [
          10.0,
          521.0
        ],
        [
          10.0,
          528.0
        ],
        [
          11.0,
          529.0
        ],
        [
          11.0,
          530.0
        ],
        [
          10.0,
          531.0
        ],
        [
          10.0,
          534.0
        ],
        [
          8.0,
          537.0
        ],
        [
          8.0,
          542.0
        ],
        [
          11.0,
          544.0
        ],
        [
          13.0,
          544.0
        ],
        [
          14.0,
          543.0
        ],
        [
          17.0,
          543.0
        ],
        [
          20.0,
          540.0
        ],
        [
          21.0,
          540.0
        ],
        [
          22.0,
          539.0
        ],
        [
          25.0,
          539.0
        ],
        [
          32.0,
          544.0
        ],
        [
          35.0,
          544.0
        ],
        [
          36.0,
          543.0
        ],
        [
          37.0,
          543.0
        ],
        [
          37.0,
          540.0
        ],
        [
          38.0,
          539.0
        ],
        [
          38.0,
          537.0
        ],
        [
          37.0,
          536.0
        ],
        [
          37.0,
          532.0
        ],
        [
          36.0,
          531.0
        ],
        [
          36.0,
          528.0
        ],
        [
          37.0,
          527.0
        ],
        [
          37.0,
          523.0
        ],
        [
          39.0,
          521.0
        ],
        [
          40.0,
          521.0
        ],
        [
          43.0,
          523.0
        ],
        [
          43.0,
          534.0
        ],
        [
          44.0,
          535.0
        ],
        [
          44.0,
          537.0
        ],
        [
          45.0,
          537.0
        ],
        [
          46.0,
          538.0
        ],
        [
          53.0,
          538.0
        ],
        [
          56.0,
          541.0
        ],
        [
          56.0,
          542.0
        ],
        [
          57.0,
          543.0
        ],
        [
          57.0,
          545.0
        ],
        [
          59.0,
          547.0
        ],
        [
          61.0,
          547.0
        ],
        [
          62.0,
          548.0
        ],
        [
          64.0,
          548.0
        ],
        [
          65.0,
          549.0
        ],
        [
          72.0,
          549.0
        ],
        [
          73.0,
          548.0
        ],
        [
          76.0,
          548.0
        ],
        [
          78.0,
          546.0
        ],
        [
          78.0,
          543.0
        ],
        [
          77.0,
          542.0
        ],
        [
          77.0,
          540.0
        ],
        [
          74.0,
          535.0
        ],
        [
          74.0,
          533.0
        ],
        [
          70.0,
          526.0
        ],
        [
          70.0,
          522.0
        ],
        [
          71.0,
          521.0
        ],
        [
          73.0,
          521.0
        ],
        [
          74.0,
          522.0
        ],
        [
          79.0,
          522.0
        ],
        [
          80.0,
          521.0
        ],
        [
          81.0,
          521.0
        ],
        [
          84.0,
          518.0
        ],
        [
          84.0,
          517.0
        ],
        [
          85.0,
          516.0
        ],
        [
          85.0,
          514.0
        ],
        [
          86.0,
          513.0
        ],
        [
          86.0,
          509.0
        ],
        [
          85.0,
          508.0
        ],
        [
          84.0,
          505.0
        ],
        [
          83.0,
          504.0
        ],
        [
          82.0,
          504.0
        ],
        [
          76.0,
          498.0
        ],
        [
          76.0,
          497.0
        ],
        [
          74.0,
          494.0
        ],
        [
          73.0,
          489.0
        ],
        [
          72.0,
          488.0
        ],
        [
          72.0,
          487.0
        ],
        [
          70.0,
          485.0
        ],
        [
          70.0,
          484.0
        ],
        [
          67.0,
          482.0
        ],
        [
          64.0,
          482.0
        ],
        [
          63.0,
          483.0
        ],
        [
          63.0,
          485.0
        ],
        [
          62.0,
          486.0
        ],
        [
          62.0,
          487.0
        ],
        [
          59.0,
          490.0
        ],
        [
          58.0,
          493.0
        ],
        [
          54.0,
          497.0
        ],
        [
          51.0,
          494.0
        ],
        [
          51.0,
          483.0
        ],
        [
          52.0,
          482.0
        ],
        [
          52.0,
          480.0
        ],
        [
          53.0,
          479.0
        ],
        [
          53.0,
          477.0
        ],
        [
          54.0,
          476.0
        ],
        [
          53.0,
          475.0
        ],
        [
          53.0,
          473.0
        ],
        [
          51.0,
          471.0
        ],
        [
          50.0,
          471.0
        ],
        [
          47.0,
          469.0
        ],
        [
          34.0,
          469.0
        ],
        [
          31.0,
          466.0
        ],
        [
          29.0,
          466.0
        ],
        [
          28.0,
          465.0
        ],
        [
          27.0,
          465.0
        ],
        [
          26.0,
          466.0
        ],
        [
          18.0,
          466.0
        ],
        [
          17.0,
          467.0
        ],
        [
          7.0,
          467.0
        ],
        [
          6.0,
          468.0
        ]
      ],
      "group_id": null,
      "shape_type": "polygon",
      "flags": {}
    },
    {
      "label": "potato",
      "text": "",
      "points": [
        [
          564.0,
          16.0
        ],
        [
          564.0,
          18.0
        ],
        [
          563.0,
          19.0
        ],
        [
          563.0,
          21.0
        ],
        [
          564.0,
          22.0
        ],
        [
          564.0,
          24.0
        ],
        [
          565.0,
          24.0
        ],
        [
          567.0,
          26.0
        ],
        [
          571.0,
          26.0
        ],
        [
          572.0,
          27.0
        ],
        [
          579.0,
          27.0
        ],
        [
          581.0,
          29.0
        ],
        [
          581.0,
          31.0
        ],
        [
          582.0,
          32.0
        ],
        [
          582.0,
          40.0
        ],
        [
          583.0,
          41.0
        ],
        [
          583.0,
          43.0
        ],
        [
          584.0,
          44.0
        ],
        [
          584.0,
          45.0
        ],
        [
          585.0,
          46.0
        ],
        [
          585.0,
          47.0
        ],
        [
          588.0,
          50.0
        ],
        [
          588.0,
          51.0
        ],
        [
          589.0,
          52.0
        ],
        [
          589.0,
          53.0
        ],
        [
          590.0,
          54.0
        ],
        [
          590.0,
          55.0
        ],
        [
          591.0,
          56.0
        ],
        [
          591.0,
          57.0
        ],
        [
          594.0,
          60.0
        ],
        [
          595.0,
          60.0
        ],
        [
          596.0,
          61.0
        ],
        [
          600.0,
          61.0
        ],
        [
          602.0,
          59.0
        ],
        [
          602.0,
          57.0
        ],
        [
          603.0,
          56.0
        ],
        [
          603.0,
          52.0
        ],
        [
          605.0,
          50.0
        ],
        [
          606.0,
          50.0
        ],
        [
          607.0,
          49.0
        ],
        [
          608.0,
          49.0
        ],
        [
          610.0,
          51.0
        ],
        [
          610.0,
          53.0
        ],
        [
          614.0,
          57.0
        ],
        [
          617.0,
          57.0
        ],
        [
          619.0,
          55.0
        ],
        [
          619.0,
          54.0
        ],
        [
          620.0,
          53.0
        ],
        [
          620.0,
          52.0
        ],
        [
          621.0,
          51.0
        ],
        [
          621.0,
          43.0
        ],
        [
          620.0,
          42.0
        ],
        [
          620.0,
          40.0
        ],
        [
          619.0,
          39.0
        ],
        [
          619.0,
          38.0
        ],
        [
          618.0,
          37.0
        ],
        [
          618.0,
          36.0
        ],
        [
          617.0,
          35.0
        ],
        [
          617.0,
          34.0
        ],
        [
          616.0,
          33.0
        ],
        [
          616.0,
          32.0
        ],
        [
          615.0,
          31.0
        ],
        [
          615.0,
          30.0
        ],
        [
          617.0,
          28.0
        ],
        [
          618.0,
          28.0
        ],
        [
          619.0,
          27.0
        ],
        [
          620.0,
          27.0
        ],
        [
          622.0,
          25.0
        ],
        [
          622.0,
          19.0
        ],
        [
          623.0,
          18.0
        ],
        [
          623.0,
          9.0
        ],
        [
          622.0,
          8.0
        ],
        [
          622.0,
          7.0
        ],
        [
          620.0,
          5.0
        ],
        [
          616.0,
          5.0
        ],
        [
          614.0,
          7.0
        ],
        [
          613.0,
          7.0
        ],
        [
          611.0,
          9.0
        ],
        [
          610.0,
          9.0
        ],
        [
          609.0,
          10.0
        ],
        [
          606.0,
          10.0
        ],
        [
          605.0,
          11.0
        ],
        [
          603.0,
          11.0
        ],
        [
          602.0,
          12.0
        ],
        [
          599.0,
          12.0
        ],
        [
          598.0,
          11.0
        ],
        [
          595.0,
          11.0
        ],
        [
          586.0,
          2.0
        ],
        [
          585.0,
          2.0
        ],
        [
          584.0,
          1.0
        ],
        [
          584.0,
          0.0
        ],
        [
          582.0,
          0.0
        ],
        [
          582.0,
          1.0
        ],
        [
          580.0,
          3.0
        ],
        [
          579.0,
          3.0
        ],
        [
          576.0,
          6.0
        ],
        [
          575.0,
          6.0
        ],
        [
          572.0,
          9.0
        ],
        [
          571.0,
          9.0
        ]
      ],
      "group_id": null,
      "shape_type": "polygon",
      "flags": {}
    },
    {
      "label": "potato",
      "text": "",
      "points": [
        [
          574.0,
          105.0
        ],
        [
          573.0,
          106.0
        ],
        [
          573.0,
          111.0
        ],
        [
          574.0,
          112.0
        ],
        [
          574.0,
          114.0
        ],
        [
          575.0,
          115.0
        ],
        [
          575.0,
          117.0
        ],
        [
          576.0,
          118.0
        ],
        [
          576.0,
          119.0
        ],
        [
          579.0,
          122.0
        ],
        [
          579.0,
          123.0
        ],
        [
          580.0,
          124.0
        ],
        [
          580.0,
          128.0
        ],
        [
          579.0,
          129.0
        ],
        [
          580.0,
          130.0
        ],
        [
          580.0,
          139.0
        ],
        [
          581.0,
          140.0
        ],
        [
          581.0,
          141.0
        ],
        [
          583.0,
          143.0
        ],
        [
          584.0,
          143.0
        ],
        [
          588.0,
          147.0
        ],
        [
          588.0,
          151.0
        ],
        [
          582.0,
          157.0
        ],
        [
          582.0,
          158.0
        ],
        [
          581.0,
          159.0
        ],
        [
          581.0,
          161.0
        ],
        [
          580.0,
          162.0
        ],
        [
          580.0,
          168.0
        ],
        [
          581.0,
          169.0
        ],
        [
          581.0,
          170.0
        ],
        [
          583.0,
          172.0
        ],
        [
          589.0,
          172.0
        ],
        [
          590.0,
          171.0
        ],
        [
          591.0,
          171.0
        ],
        [
          593.0,
          169.0
        ],
        [
          594.0,
          170.0
        ],
        [
          597.0,
          170.0
        ],
        [
          598.0,
          171.0
        ],
        [
          600.0,
          171.0
        ],
        [
          601.0,
          172.0
        ],
        [
          603.0,
          172.0
        ],
        [
          604.0,
          173.0
        ],
        [
          611.0,
          173.0
        ],
        [
          613.0,
          171.0
        ],
        [
          613.0,
          170.0
        ],
        [
          614.0,
          169.0
        ],
        [
          614.0,
          166.0
        ],
        [
          613.0,
          165.0
        ],
        [
          613.0,
          163.0
        ],
        [
          612.0,
          162.0
        ],
        [
          612.0,
          160.0
        ],
        [
          611.0,
          159.0
        ],
        [
          611.0,
          155.0
        ],
        [
          610.0,
          154.0
        ],
        [
          610.0,
          149.0
        ],
        [
          611.0,
          148.0
        ],
        [
          611.0,
          147.0
        ],
        [
          610.0,
          146.0
        ],
        [
          610.0,
          145.0
        ],
        [
          609.0,
          144.0
        ],
        [
          608.0,
          144.0
        ],
        [
          607.0,
          143.0
        ],
        [
          606.0,
          143.0
        ],
        [
          605.0,
          142.0
        ],
        [
          604.0,
          142.0
        ],
        [
          601.0,
          139.0
        ],
        [
          601.0,
          132.0
        ],
        [
          600.0,
          131.0
        ],
        [
          600.0,
          123.0
        ],
        [
          599.0,
          122.0
        ],
        [
          599.0,
          118.0
        ],
        [
          598.0,
          117.0
        ],
        [
          598.0,
          113.0
        ],
        [
          597.0,
          112.0
        ],
        [
          597.0,
          111.0
        ],
        [
          592.0,
          106.0
        ],
        [
          591.0,
          106.0
        ],
        [
          590.0,
          105.0
        ]
      ],
      "group_id": null,
      "shape_type": "polygon",
      "flags": {}
    },
    {
      "label": "potato",
      "text": "",
      "points": [
        [
          595.0,
          314.0
        ],
        [
          594.0,
          315.0
        ],
        [
          593.0,
          315.0
        ],
        [
          593.0,
          316.0
        ],
        [
          592.0,
          317.0
        ],
        [
          592.0,
          320.0
        ],
        [
          591.0,
          321.0
        ],
        [
          591.0,
          324.0
        ],
        [
          592.0,
          325.0
        ],
        [
          592.0,
          329.0
        ],
        [
          593.0,
          330.0
        ],
        [
          593.0,
          334.0
        ],
        [
          589.0,
          337.0
        ],
        [
          586.0,
          335.0
        ],
        [
          582.0,
          335.0
        ],
        [
          581.0,
          336.0
        ],
        [
          577.0,
          336.0
        ],
        [
          576.0,
          337.0
        ],
        [
          571.0,
          337.0
        ],
        [
          570.0,
          338.0
        ],
        [
          569.0,
          338.0
        ],
        [
          569.0,
          339.0
        ],
        [
          568.0,
          340.0
        ],
        [
          568.0,
          345.0
        ],
        [
          567.0,
          346.0
        ],
        [
          567.0,
          348.0
        ],
        [
          568.0,
          349.0
        ],
        [
          568.0,
          353.0
        ],
        [
          567.0,
          354.0
        ],
        [
          567.0,
          356.0
        ],
        [
          564.0,
          359.0
        ],
        [
          563.0,
          359.0
        ],
        [
          562.0,
          360.0
        ],
        [
          559.0,
          360.0
        ],
        [
          558.0,
          361.0
        ],
        [
          556.0,
          361.0
        ],
        [
          555.0,
          362.0
        ],
        [
          551.0,
          362.0
        ],
        [
          550.0,
          363.0
        ],
        [
          548.0,
          363.0
        ],
        [
          546.0,
          365.0
        ],
        [
          546.0,
          370.0
        ],
        [
          548.0,
          373.0
        ],
        [
          548.0,
          375.0
        ],
        [
          550.0,
          377.0
        ],
        [
          551.0,
          377.0
        ],
        [
          561.0,
          387.0
        ],
        [
          562.0,
          387.0
        ],
        [
          565.0,
          390.0
        ],
        [
          565.0,
          391.0
        ],
        [
          566.0,
          392.0
        ],
        [
          566.0,
          395.0
        ],
        [
          561.0,
          400.0
        ],
        [
          561.0,
          401.0
        ],
        [
          560.0,
          402.0
        ],
        [
          559.0,
          409.0
        ],
        [
          564.0,
          418.0
        ],
        [
          564.0,
          430.0
        ],
        [
          565.0,
          431.0
        ],
        [
          565.0,
          433.0
        ],
        [
          566.0,
          434.0
        ],
        [
          567.0,
          437.0
        ],
        [
          568.0,
          437.0
        ],
        [
          570.0,
          439.0
        ],
        [
          573.0,
          439.0
        ],
        [
          574.0,
          438.0
        ],
        [
          579.0,
          437.0
        ],
        [
          584.0,
          440.0
        ],
        [
          586.0,
          440.0
        ],
        [
          593.0,
          433.0
        ],
        [
          595.0,
          433.0
        ],
        [
          599.0,
          436.0
        ],
        [
          600.0,
          439.0
        ],
        [
          604.0,
          443.0
        ],
        [
          605.0,
          443.0
        ],
        [
          608.0,
          445.0
        ],
        [
          612.0,
          445.0
        ],
        [
          615.0,
          442.0
        ],
        [
          615.0,
          438.0
        ],
        [
          616.0,
          437.0
        ],
        [
          616.0,
          435.0
        ],
        [
          628.0,
          423.0
        ],
        [
          628.0,
          422.0
        ],
        [
          629.0,
          421.0
        ],
        [
          629.0,
          418.0
        ],
        [
          628.0,
          417.0
        ],
        [
          626.0,
          412.0
        ],
        [
          624.0,
          410.0
        ],
        [
          624.0,
          407.0
        ],
        [
          625.0,
          406.0
        ],
        [
          630.0,
          406.0
        ],
        [
          633.0,
          403.0
        ],
        [
          633.0,
          402.0
        ],
        [
          634.0,
          401.0
        ],
        [
          634.0,
          398.0
        ],
        [
          635.0,
          397.0
        ],
        [
          635.0,
          395.0
        ],
        [
          637.0,
          393.0
        ],
        [
          637.0,
          381.0
        ],
        [
          636.0,
          380.0
        ],
        [
          636.0,
          378.0
        ],
        [
          631.0,
          372.0
        ],
        [
          631.0,
          370.0
        ],
        [
          628.0,
          367.0
        ],
        [
          628.0,
          366.0
        ],
        [
          626.0,
          363.0
        ],
        [
          626.0,
          360.0
        ],
        [
          627.0,
          359.0
        ],
        [
          627.0,
          357.0
        ],
        [
          629.0,
          355.0
        ],
        [
          629.0,
          354.0
        ],
        [
          634.0,
          349.0
        ],
        [
          634.0,
          348.0
        ],
        [
          637.0,
          343.0
        ],
        [
          637.0,
          341.0
        ],
        [
          638.0,
          340.0
        ],
        [
          638.0,
          329.0
        ],
        [
          637.0,
          328.0
        ],
        [
          633.0,
          328.0
        ],
        [
          632.0,
          329.0
        ],
        [
          629.0,
          329.0
        ],
        [
          628.0,
          330.0
        ],
        [
          624.0,
          330.0
        ],
        [
          623.0,
          329.0
        ],
        [
          621.0,
          329.0
        ],
        [
          620.0,
          328.0
        ],
        [
          612.0,
          328.0
        ],
        [
          609.0,
          325.0
        ],
        [
          608.0,
          322.0
        ],
        [
          604.0,
          318.0
        ],
        [
          603.0,
          318.0
        ],
        [
          600.0,
          314.0
        ]
      ],
      "group_id": null,
      "shape_type": "polygon",
      "flags": {}
    },
    {
      "label": "weed",
      "text": "",
      "points": [
        [
          481.0,
          182.0
        ],
        [
          481.0,
          187.0
        ],
        [
          482.0,
          188.0
        ],
        [
          482.0,
          190.0
        ],
        [
          483.0,
          191.0
        ],
        [
          483.0,
          193.0
        ],
        [
          484.0,
          194.0
        ],
        [
          484.0,
          198.0
        ],
        [
          485.0,
          199.0
        ],
        [
          492.0,
          199.0
        ],
        [
          495.0,
          196.0
        ],
        [
          495.0,
          194.0
        ],
        [
          496.0,
          193.0
        ],
        [
          496.0,
          189.0
        ],
        [
          495.0,
          188.0
        ],
        [
          495.0,
          187.0
        ],
        [
          494.0,
          186.0
        ],
        [
          493.0,
          186.0
        ],
        [
          492.0,
          185.0
        ],
        [
          491.0,
          185.0
        ],
        [
          490.0,
          184.0
        ],
        [
          489.0,
          184.0
        ],
        [
          488.0,
          183.0
        ],
        [
          485.0,
          183.0
        ],
        [
          484.0,
          182.0
        ]
      ],
      "group_id": null,
      "shape_type": "polygon",
      "flags": {}
    }
  ],
  "imagePath": "..\\after_crop\\tile_13_9.jpg",
  "imageData": null,
  "imageHeight": 640,
  "imageWidth": 640
}