{
  "version": "0.3.3",
  "flags": {},
  "shapes": [
    {
      "label": "potato",
      "text": "",
      "points": [
        [
          45.0,
          304.0
        ],
        [
          43.0,
          307.0
        ],
        [
          43.0,
          318.0
        ],
        [
          45.0,
          320.0
        ],
        [
          45.0,
          329.0
        ],
        [
          44.0,
          330.0
        ],
        [
          43.0,
          333.0
        ],
        [
          35.0,
          341.0
        ],
        [
          35.0,
          342.0
        ],
        [
          34.0,
          343.0
        ],
        [
          34.0,
          345.0
        ],
        [
          33.0,
          346.0
        ],
        [
          34.0,
          347.0
        ],
        [
          34.0,
          348.0
        ],
        [
          36.0,
          350.0
        ],
        [
          37.0,
          350.0
        ],
        [
          38.0,
          351.0
        ],
        [
          51.0,
          351.0
        ],
        [
          54.0,
          354.0
        ],
        [
          54.0,
          355.0
        ],
        [
          56.0,
          357.0
        ],
        [
          56.0,
          358.0
        ],
        [
          57.0,
          359.0
        ],
        [
          58.0,
          359.0
        ],
        [
          61.0,
          361.0
        ],
        [
          66.0,
          361.0
        ],
        [
          69.0,
          364.0
        ],
        [
          69.0,
          366.0
        ],
        [
          68.0,
          367.0
        ],
        [
          68.0,
          374.0
        ],
        [
          72.0,
          378.0
        ],
        [
          78.0,
          378.0
        ],
        [
          79.0,
          377.0
        ],
        [
          85.0,
          377.0
        ],
        [
          86.0,
          378.0
        ],
        [
          90.0,
          378.0
        ],
        [
          91.0,
          377.0
        ],
        [
          92.0,
          377.0
        ],
        [
          92.0,
          376.0
        ],
        [
          94.0,
          374.0
        ],
        [
          94.0,
          373.0
        ],
        [
          95.0,
          372.0
        ],
        [
          95.0,
          368.0
        ],
        [
          96.0,
          367.0
        ],
        [
          96.0,
          366.0
        ],
        [
          98.0,
          364.0
        ],
        [
          101.0,
          364.0
        ],
        [
          103.0,
          366.0
        ],
        [
          103.0,
          368.0
        ],
        [
          108.0,
          373.0
        ],
        [
          108.0,
          374.0
        ],
        [
          110.0,
          377.0
        ],
        [
          110.0,
          379.0
        ],
        [
          111.0,
          380.0
        ],
        [
          111.0,
          382.0
        ],
        [
          113.0,
          384.0
        ],
        [
          114.0,
          384.0
        ],
        [
          116.0,
          386.0
        ],
        [
          117.0,
          386.0
        ],
        [
          118.0,
          387.0
        ],
        [
          120.0,
          387.0
        ],
        [
          121.0,
          386.0
        ],
        [
          122.0,
          386.0
        ],
        [
          124.0,
          383.0
        ],
        [
          124.0,
          381.0
        ],
        [
          125.0,
          380.0
        ],
        [
          125.0,
          378.0
        ],
        [
          126.0,
          377.0
        ],
        [
          126.0,
          368.0
        ],
        [
          125.0,
          367.0
        ],
        [
          125.0,
          360.0
        ],
        [
          128.0,
          357.0
        ],
        [
          130.0,
          357.0
        ],
        [
          132.0,
          355.0
        ],
        [
          132.0,
          353.0
        ],
        [
          133.0,
          352.0
        ],
        [
          133.0,
          349.0
        ],
        [
          134.0,
          348.0
        ],
        [
          134.0,
          345.0
        ],
        [
          133.0,
          344.0
        ],
        [
          133.0,
          340.0
        ],
        [
          132.0,
          339.0
        ],
        [
          132.0,
          337.0
        ],
        [
          131.0,
          336.0
        ],
        [
          131.0,
          335.0
        ],
        [
          129.0,
          333.0
        ],
        [
          129.0,
          328.0
        ],
        [
          128.0,
          327.0
        ],
        [
          128.0,
          325.0
        ],
        [
          125.0,
          325.0
        ],
        [
          124.0,
          324.0
        ],
        [
          117.0,
          324.0
        ],
        [
          112.0,
          321.0
        ],
        [
          104.0,
          321.0
        ],
        [
          103.0,
          320.0
        ],
        [
          99.0,
          320.0
        ],
        [
          95.0,
          316.0
        ],
        [
          94.0,
          316.0
        ],
        [
          93.0,
          315.0
        ],
        [
          87.0,
          315.0
        ],
        [
          87.0,
          322.0
        ],
        [
          86.0,
          323.0
        ],
        [
          86.0,
          324.0
        ],
        [
          84.0,
          326.0
        ],
        [
          79.0,
          321.0
        ],
        [
          79.0,
          320.0
        ],
        [
          78.0,
          319.0
        ],
        [
          77.0,
          319.0
        ],
        [
          76.0,
          318.0
        ],
        [
          73.0,
          317.0
        ],
        [
          70.0,
          314.0
        ],
        [
          69.0,
          314.0
        ],
        [
          63.0,
          308.0
        ],
        [
          63.0,
          307.0
        ],
        [
          60.0,
          304.0
        ],
        [
          58.0,
          304.0
        ],
        [
          57.0,
          303.0
        ],
        [
          56.0,
          303.0
        ],
        [
          55.0,
          302.0
        ],
        [
          53.0,
          302.0
        ],
        [
          52.0,
          301.0
        ],
        [
          49.0,
          301.0
        ],
        [
          46.0,
          304.0
        ]
      ],
      "group_id": null,
      "shape_type": "polygon",
      "flags": {}
    },
    {
      "label": "potato",
      "text": "",
      "points": [
        [
          42.0,
          398.0
        ],
        [
          34.0,
          402.0
        ],
        [
          34.0,
          403.0
        ],
        [
          27.0,
          410.0
        ],
        [
          27.0,
          411.0
        ],
        [
          23.0,
          415.0
        ],
        [
          23.0,
          416.0
        ],
        [
          19.0,
          419.0
        ],
        [
          16.0,
          425.0
        ],
        [
          16.0,
          427.0
        ],
        [
          14.0,
          429.0
        ],
        [
          14.0,
          430.0
        ],
        [
          11.0,
          433.0
        ],
        [
          6.0,
          435.0
        ],
        [
          2.0,
          440.0
        ],
        [
          0.0,
          440.0
        ],
        [
          0.0,
          498.0
        ],
        [
          2.0,
          498.0
        ],
        [
          4.0,
          500.0
        ],
        [
          7.0,
          501.0
        ],
        [
          10.0,
          504.0
        ],
        [
          14.0,
          506.0
        ],
        [
          17.0,
          506.0
        ],
        [
          19.0,
          505.0
        ],
        [
          22.0,
          502.0
        ],
        [
          24.0,
          498.0
        ],
        [
          24.0,
          495.0
        ],
        [
          26.0,
          492.0
        ],
        [
          26.0,
          484.0
        ],
        [
          28.0,
          482.0
        ],
        [
          29.0,
          478.0
        ],
        [
          31.0,
          476.0
        ],
        [
          33.0,
          479.0
        ],
        [
          33.0,
          481.0
        ],
        [
          35.0,
          484.0
        ],
        [
          35.0,
          486.0
        ],
        [
          37.0,
          489.0
        ],
        [
          37.0,
          491.0
        ],
        [
          39.0,
          495.0
        ],
        [
          41.0,
          497.0
        ],
        [
          47.0,
          500.0
        ],
        [
          49.0,
          500.0
        ],
        [
          54.0,
          503.0
        ],
        [
          59.0,
          504.0
        ],
        [
          64.0,
          507.0
        ],
        [
          67.0,
          512.0
        ],
        [
          67.0,
          519.0
        ],
        [
          66.0,
          520.0
        ],
        [
          66.0,
          526.0
        ],
        [
          67.0,
          527.0
        ],
        [
          67.0,
          530.0
        ],
        [
          70.0,
          533.0
        ],
        [
          73.0,
          533.0
        ],
        [
          76.0,
          528.0
        ],
        [
          76.0,
          515.0
        ],
        [
          80.0,
          511.0
        ],
        [
          82.0,
          506.0
        ],
        [
          84.0,
          505.0
        ],
        [
          85.0,
          503.0
        ],
        [
          87.0,
          502.0
        ],
        [
          87.0,
          501.0
        ],
        [
          93.0,
          495.0
        ],
        [
          94.0,
          491.0
        ],
        [
          95.0,
          490.0
        ],
        [
          95.0,
          486.0
        ],
        [
          96.0,
          485.0
        ],
        [
          96.0,
          481.0
        ],
        [
          97.0,
          480.0
        ],
        [
          97.0,
          478.0
        ],
        [
          99.0,
          477.0
        ],
        [
          102.0,
          479.0
        ],
        [
          108.0,
          480.0
        ],
        [
          109.0,
          481.0
        ],
        [
          114.0,
          480.0
        ],
        [
          117.0,
          478.0
        ],
        [
          117.0,
          473.0
        ],
        [
          116.0,
          472.0
        ],
        [
          116.0,
          468.0
        ],
        [
          115.0,
          467.0
        ],
        [
          115.0,
          459.0
        ],
        [
          116.0,
          458.0
        ],
        [
          116.0,
          455.0
        ],
        [
          119.0,
          451.0
        ],
        [
          122.0,
          443.0
        ],
        [
          121.0,
          442.0
        ],
        [
          121.0,
          440.0
        ],
        [
          119.0,
          439.0
        ],
        [
          114.0,
          434.0
        ],
        [
          110.0,
          424.0
        ],
        [
          104.0,
          419.0
        ],
        [
          101.0,
          419.0
        ],
        [
          99.0,
          420.0
        ],
        [
          92.0,
          427.0
        ],
        [
          88.0,
          428.0
        ],
        [
          85.0,
          430.0
        ],
        [
          83.0,
          430.0
        ],
        [
          80.0,
          432.0
        ],
        [
          77.0,
          432.0
        ],
        [
          76.0,
          433.0
        ],
        [
          75.0,
          432.0
        ],
        [
          71.0,
          432.0
        ],
        [
          70.0,
          431.0
        ],
        [
          68.0,
          431.0
        ],
        [
          65.0,
          428.0
        ],
        [
          64.0,
          426.0
        ],
        [
          64.0,
          422.0
        ],
        [
          63.0,
          421.0
        ],
        [
          63.0,
          419.0
        ],
        [
          60.0,
          415.0
        ],
        [
          60.0,
          414.0
        ],
        [
          62.0,
          413.0
        ],
        [
          64.0,
          410.0
        ],
        [
          64.0,
          406.0
        ],
        [
          62.0,
          404.0
        ],
        [
          58.0,
          403.0
        ],
        [
          50.0,
          398.0
        ]
      ],
      "group_id": null,
      "shape_type": "polygon",
      "flags": {}
    },
    {
      "label": "potato",
      "text": "",
      "points": [
        [
          135.0,
          545.0
        ],
        [
          133.0,
          543.0
        ],
        [
          132.0,
          540.0
        ],
        [
          130.0,
          538.0
        ],
        [
          130.0,
          537.0
        ],
        [
          128.0,
          535.0
        ],
        [
          128.0,
          534.0
        ],
        [
          124.0,
          534.0
        ],
        [
          123.0,
          535.0
        ],
        [
          122.0,
          535.0
        ],
        [
          120.0,
          537.0
        ],
        [
          119.0,
          537.0
        ],
        [
          117.0,
          539.0
        ],
        [
          115.0,
          545.0
        ],
        [
          112.0,
          547.0
        ],
        [
          109.0,
          547.0
        ],
        [
          108.0,
          546.0
        ],
        [
          106.0,
          546.0
        ],
        [
          105.0,
          545.0
        ],
        [
          103.0,
          545.0
        ],
        [
          102.0,
          544.0
        ],
        [
          101.0,
          541.0
        ],
        [
          98.0,
          539.0
        ],
        [
          94.0,
          539.0
        ],
        [
          93.0,
          540.0
        ],
        [
          90.0,
          540.0
        ],
        [
          89.0,
          541.0
        ],
        [
          86.0,
          541.0
        ],
        [
          85.0,
          542.0
        ],
        [
          83.0,
          542.0
        ],
        [
          80.0,
          545.0
        ],
        [
          80.0,
          547.0
        ],
        [
          79.0,
          548.0
        ],
        [
          79.0,
          549.0
        ],
        [
          75.0,
          553.0
        ],
        [
          74.0,
          553.0
        ],
        [
          72.0,
          555.0
        ],
        [
          72.0,
          560.0
        ],
        [
          71.0,
          561.0
        ],
        [
          71.0,
          563.0
        ],
        [
          70.0,
          564.0
        ],
        [
          70.0,
          565.0
        ],
        [
          68.0,
          567.0
        ],
        [
          68.0,
          568.0
        ],
        [
          65.0,
          571.0
        ],
        [
          65.0,
          572.0
        ],
        [
          64.0,
          573.0
        ],
        [
          51.0,
          573.0
        ],
        [
          46.0,
          578.0
        ],
        [
          46.0,
          579.0
        ],
        [
          44.0,
          582.0
        ],
        [
          44.0,
          584.0
        ],
        [
          45.0,
          585.0
        ],
        [
          45.0,
          587.0
        ],
        [
          44.0,
          588.0
        ],
        [
          44.0,
          590.0
        ],
        [
          43.0,
          591.0
        ],
        [
          42.0,
          594.0
        ],
        [
          45.0,
          597.0
        ],
        [
          46.0,
          597.0
        ],
        [
          49.0,
          600.0
        ],
        [
          50.0,
          600.0
        ],
        [
          51.0,
          601.0
        ],
        [
          52.0,
          601.0
        ],
        [
          53.0,
          600.0
        ],
        [
          56.0,
          600.0
        ],
        [
          57.0,
          599.0
        ],
        [
          63.0,
          599.0
        ],
        [
          64.0,
          598.0
        ],
        [
          65.0,
          598.0
        ],
        [
          68.0,
          601.0
        ],
        [
          68.0,
          613.0
        ],
        [
          69.0,
          614.0
        ],
        [
          69.0,
          615.0
        ],
        [
          70.0,
          615.0
        ],
        [
          72.0,
          617.0
        ],
        [
          74.0,
          617.0
        ],
        [
          75.0,
          618.0
        ],
        [
          76.0,
          618.0
        ],
        [
          78.0,
          616.0
        ],
        [
          79.0,
          616.0
        ],
        [
          81.0,
          614.0
        ],
        [
          81.0,
          613.0
        ],
        [
          87.0,
          607.0
        ],
        [
          88.0,
          608.0
        ],
        [
          91.0,
          609.0
        ],
        [
          97.0,
          615.0
        ],
        [
          98.0,
          615.0
        ],
        [
          99.0,
          616.0
        ],
        [
          101.0,
          616.0
        ],
        [
          102.0,
          617.0
        ],
        [
          103.0,
          617.0
        ],
        [
          104.0,
          616.0
        ],
        [
          104.0,
          614.0
        ],
        [
          108.0,
          610.0
        ],
        [
          109.0,
          610.0
        ],
        [
          111.0,
          608.0
        ],
        [
          114.0,
          608.0
        ],
        [
          115.0,
          609.0
        ],
        [
          118.0,
          609.0
        ],
        [
          119.0,
          610.0
        ],
        [
          121.0,
          610.0
        ],
        [
          122.0,
          609.0
        ],
        [
          124.0,
          609.0
        ],
        [
          125.0,
          608.0
        ],
        [
          132.0,
          608.0
        ],
        [
          133.0,
          607.0
        ],
        [
          134.0,
          607.0
        ],
        [
          135.0,
          606.0
        ],
        [
          135.0,
          601.0
        ],
        [
          134.0,
          600.0
        ],
        [
          134.0,
          595.0
        ],
        [
          133.0,
          594.0
        ],
        [
          133.0,
          592.0
        ],
        [
          134.0,
          591.0
        ],
        [
          134.0,
          586.0
        ],
        [
          135.0,
          585.0
        ],
        [
          135.0,
          581.0
        ],
        [
          136.0,
          580.0
        ],
        [
          136.0,
          577.0
        ],
        [
          137.0,
          576.0
        ],
        [
          137.0,
          570.0
        ],
        [
          136.0,
          569.0
        ],
        [
          136.0,
          567.0
        ],
        [
          135.0,
          566.0
        ],
        [
          135.0,
          565.0
        ],
        [
          134.0,
          564.0
        ],
        [
          133.0,
          564.0
        ],
        [
          129.0,
          560.0
        ],
        [
          129.0,
          559.0
        ],
        [
          130.0,
          558.0
        ],
        [
          130.0,
          556.0
        ],
        [
          133.0,
          553.0
        ],
        [
          133.0,
          552.0
        ],
        [
          135.0,
          549.0
        ]
      ],
      "group_id": null,
      "shape_type": "polygon",
      "flags": {}
    },
    {
      "label": "potato",
      "text": "",
      "points": [
        [
          380.0,
          267.0
        ],
        [
          379.0,
          267.0
        ],
        [
          378.0,
          266.0
        ],
        [
          377.0,
          266.0
        ],
        [
          376.0,
          265.0
        ],
        [
          375.0,
          266.0
        ],
        [
          374.0,
          266.0
        ],
        [
          373.0,
          267.0
        ],
        [
          372.0,
          267.0
        ],
        [
          371.0,
          268.0
        ],
        [
          370.0,
          268.0
        ],
        [
          369.0,
          269.0
        ],
        [
          361.0,
          269.0
        ],
        [
          360.0,
          270.0
        ],
        [
          356.0,
          270.0
        ],
        [
          353.0,
          273.0
        ],
        [
          353.0,
          274.0
        ],
        [
          347.0,
          280.0
        ],
        [
          346.0,
          280.0
        ],
        [
          343.0,
          283.0
        ],
        [
          343.0,
          284.0
        ],
        [
          338.0,
          289.0
        ],
        [
          338.0,
          290.0
        ],
        [
          337.0,
          291.0
        ],
        [
          337.0,
          295.0
        ],
        [
          338.0,
          296.0
        ],
        [
          338.0,
          299.0
        ],
        [
          339.0,
          300.0
        ],
        [
          339.0,
          301.0
        ],
        [
          340.0,
          302.0
        ],
        [
          340.0,
          304.0
        ],
        [
          341.0,
          305.0
        ],
        [
          341.0,
          306.0
        ],
        [
          338.0,
          309.0
        ],
        [
          338.0,
          310.0
        ],
        [
          337.0,
          311.0
        ],
        [
          337.0,
          325.0
        ],
        [
          338.0,
          326.0
        ],
        [
          352.0,
          326.0
        ],
        [
          353.0,
          327.0
        ],
        [
          354.0,
          327.0
        ],
        [
          355.0,
          328.0
        ],
        [
          356.0,
          328.0
        ],
        [
          357.0,
          329.0
        ],
        [
          360.0,
          329.0
        ],
        [
          361.0,
          330.0
        ],
        [
          364.0,
          330.0
        ],
        [
          365.0,
          329.0
        ],
        [
          366.0,
          329.0
        ],
        [
          368.0,
          327.0
        ],
        [
          369.0,
          327.0
        ],
        [
          371.0,
          325.0
        ],
        [
          372.0,
          325.0
        ],
        [
          373.0,
          324.0
        ],
        [
          374.0,
          324.0
        ],
        [
          375.0,
          323.0
        ],
        [
          376.0,
          323.0
        ],
        [
          380.0,
          319.0
        ],
        [
          380.0,
          318.0
        ],
        [
          383.0,
          315.0
        ],
        [
          384.0,
          315.0
        ],
        [
          385.0,
          314.0
        ],
        [
          386.0,
          314.0
        ],
        [
          387.0,
          313.0
        ],
        [
          388.0,
          313.0
        ],
        [
          392.0,
          309.0
        ],
        [
          392.0,
          302.0
        ],
        [
          391.0,
          301.0
        ],
        [
          391.0,
          298.0
        ],
        [
          390.0,
          297.0
        ],
        [
          390.0,
          294.0
        ],
        [
          389.0,
          293.0
        ],
        [
          389.0,
          292.0
        ],
        [
          386.0,
          289.0
        ],
        [
          385.0,
          289.0
        ],
        [
          381.0,
          285.0
        ],
        [
          381.0,
          284.0
        ],
        [
          380.0,
          283.0
        ],
        [
          380.0,
          278.0
        ],
        [
          381.0,
          277.0
        ],
        [
          381.0,
          274.0
        ],
        [
          382.0,
          273.0
        ],
        [
          382.0,
          270.0
        ],
        [
          381.0,
          269.0
        ],
        [
          381.0,
          268.0
        ]
      ],
      "group_id": null,
      "shape_type": "polygon",
      "flags": {}
    },
    {
      "label": "potato",
      "text": "",
      "points": [
        [
          626.0,
          52.0
        ],
        [
          625.0,
          53.0
        ],
        [
          623.0,
          53.0
        ],
        [
          622.0,
          52.0
        ],
        [
          618.0,
          52.0
        ],
        [
          617.0,
          53.0
        ],
        [
          615.0,
          53.0
        ],
        [
          614.0,
          54.0
        ],
        [
          613.0,
          54.0
        ],
        [
          611.0,
          56.0
        ],
        [
          611.0,
          57.0
        ],
        [
          609.0,
          59.0
        ],
        [
          609.0,
          60.0
        ],
        [
          608.0,
          61.0
        ],
        [
          608.0,
          62.0
        ],
        [
          607.0,
          63.0
        ],
        [
          607.0,
          79.0
        ],
        [
          608.0,
          80.0
        ],
        [
          608.0,
          82.0
        ],
        [
          607.0,
          83.0
        ],
        [
          607.0,
          86.0
        ],
        [
          604.0,
          89.0
        ],
        [
          604.0,
          90.0
        ],
        [
          601.0,
          93.0
        ],
        [
          600.0,
          93.0
        ],
        [
          598.0,
          95.0
        ],
        [
          596.0,
          95.0
        ],
        [
          594.0,
          97.0
        ],
        [
          594.0,
          102.0
        ],
        [
          595.0,
          103.0
        ],
        [
          595.0,
          104.0
        ],
        [
          601.0,
          110.0
        ],
        [
          602.0,
          110.0
        ],
        [
          604.0,
          112.0
        ],
        [
          605.0,
          112.0
        ],
        [
          607.0,
          114.0
        ],
        [
          607.0,
          115.0
        ],
        [
          610.0,
          118.0
        ],
        [
          610.0,
          119.0
        ],
        [
          612.0,
          121.0
        ],
        [
          612.0,
          122.0
        ],
        [
          613.0,
          123.0
        ],
        [
          613.0,
          125.0
        ],
        [
          615.0,
          127.0
        ],
        [
          616.0,
          127.0
        ],
        [
          618.0,
          129.0
        ],
        [
          622.0,
          129.0
        ],
        [
          623.0,
          128.0
        ],
        [
          623.0,
          125.0
        ],
        [
          624.0,
          124.0
        ],
        [
          624.0,
          122.0
        ],
        [
          625.0,
          121.0
        ],
        [
          625.0,
          119.0
        ],
        [
          626.0,
          118.0
        ],
        [
          626.0,
          116.0
        ],
        [
          630.0,
          112.0
        ],
        [
          631.0,
          112.0
        ],
        [
          634.0,
          109.0
        ],
        [
          635.0,
          109.0
        ],
        [
          636.0,
          108.0
        ],
        [
          637.0,
          108.0
        ],
        [
          638.0,
          107.0
        ],
        [
          638.0,
          104.0
        ],
        [
          639.0,
          103.0
        ],
        [
          639.0,
          75.0
        ],
        [
          638.0,
          74.0
        ],
        [
          638.0,
          72.0
        ],
        [
          637.0,
          72.0
        ],
        [
          636.0,
          71.0
        ],
        [
          635.0,
          71.0
        ],
        [
          633.0,
          69.0
        ],
        [
          633.0,
          66.0
        ],
        [
          632.0,
          65.0
        ],
        [
          632.0,
          61.0
        ],
        [
          631.0,
          60.0
        ],
        [
          631.0,
          58.0
        ],
        [
          630.0,
          57.0
        ],
        [
          630.0,
          55.0
        ],
        [
          628.0,
          53.0
        ],
        [
          627.0,
          53.0
        ]
      ],
      "group_id": null,
      "shape_type": "polygon",
      "flags": {}
    },
    {
      "label": "potato",
      "text": "",
      "points": [
        [
          634.0,
          437.0
        ],
        [
          632.0,
          437.0
        ],
        [
          631.0,
          438.0
        ],
        [
          630.0,
          438.0
        ],
        [
          628.0,
          440.0
        ],
        [
          628.0,
          443.0
        ],
        [
          627.0,
          444.0
        ],
        [
          628.0,
          445.0
        ],
        [
          628.0,
          447.0
        ],
        [
          629.0,
          448.0
        ],
        [
          629.0,
          451.0
        ],
        [
          631.0,
          453.0
        ],
        [
          631.0,
          454.0
        ],
        [
          632.0,
          455.0
        ],
        [
          631.0,
          456.0
        ],
        [
          631.0,
          457.0
        ],
        [
          628.0,
          460.0
        ],
        [
          627.0,
          460.0
        ],
        [
          626.0,
          461.0
        ],
        [
          623.0,
          461.0
        ],
        [
          622.0,
          460.0
        ],
        [
          621.0,
          460.0
        ],
        [
          620.0,
          459.0
        ],
        [
          619.0,
          459.0
        ],
        [
          616.0,
          457.0
        ],
        [
          612.0,
          457.0
        ],
        [
          611.0,
          456.0
        ],
        [
          609.0,
          456.0
        ],
        [
          608.0,
          455.0
        ],
        [
          603.0,
          455.0
        ],
        [
          600.0,
          458.0
        ],
        [
          600.0,
          461.0
        ],
        [
          601.0,
          462.0
        ],
        [
          601.0,
          467.0
        ],
        [
          603.0,
          470.0
        ],
        [
          603.0,
          472.0
        ],
        [
          601.0,
          474.0
        ],
        [
          600.0,
          474.0
        ],
        [
          599.0,
          475.0
        ],
        [
          599.0,
          476.0
        ],
        [
          597.0,
          479.0
        ],
        [
          597.0,
          481.0
        ],
        [
          596.0,
          482.0
        ],
        [
          596.0,
          483.0
        ],
        [
          594.0,
          485.0
        ],
        [
          593.0,
          485.0
        ],
        [
          592.0,
          486.0
        ],
        [
          590.0,
          486.0
        ],
        [
          586.0,
          490.0
        ],
        [
          586.0,
          491.0
        ],
        [
          585.0,
          492.0
        ],
        [
          585.0,
          498.0
        ],
        [
          586.0,
          499.0
        ],
        [
          586.0,
          500.0
        ],
        [
          587.0,
          501.0
        ],
        [
          588.0,
          504.0
        ],
        [
          589.0,
          504.0
        ],
        [
          591.0,
          506.0
        ],
        [
          592.0,
          506.0
        ],
        [
          595.0,
          508.0
        ],
        [
          610.0,
          508.0
        ],
        [
          611.0,
          509.0
        ],
        [
          614.0,
          510.0
        ],
        [
          618.0,
          514.0
        ],
        [
          618.0,
          515.0
        ],
        [
          619.0,
          516.0
        ],
        [
          619.0,
          518.0
        ],
        [
          618.0,
          519.0
        ],
        [
          618.0,
          521.0
        ],
        [
          616.0,
          524.0
        ],
        [
          616.0,
          529.0
        ],
        [
          617.0,
          530.0
        ],
        [
          617.0,
          531.0
        ],
        [
          619.0,
          534.0
        ],
        [
          619.0,
          549.0
        ],
        [
          620.0,
          550.0
        ],
        [
          620.0,
          552.0
        ],
        [
          622.0,
          554.0
        ],
        [
          622.0,
          555.0
        ],
        [
          626.0,
          555.0
        ],
        [
          627.0,
          554.0
        ],
        [
          628.0,
          554.0
        ],
        [
          630.0,
          552.0
        ],
        [
          630.0,
          551.0
        ],
        [
          632.0,
          549.0
        ],
        [
          632.0,
          548.0
        ],
        [
          633.0,
          547.0
        ],
        [
          634.0,
          544.0
        ],
        [
          636.0,
          542.0
        ],
        [
          637.0,
          542.0
        ],
        [
          638.0,
          541.0
        ],
        [
          638.0,
          537.0
        ],
        [
          639.0,
          536.0
        ],
        [
          639.0,
          441.0
        ],
        [
          637.0,
          438.0
        ],
        [
          635.0,
          438.0
        ]
      ],
      "group_id": null,
      "shape_type": "polygon",
      "flags": {}
    },
    {
      "label": "weed",
      "text": "",
      "points": [
        [
          509.0,
          18.0
        ],
        [
          508.0,
          19.0
        ],
        [
          507.0,
          19.0
        ],
        [
          506.0,
          20.0
        ],
        [
          505.0,
          20.0
        ],
        [
          501.0,
          24.0
        ],
        [
          501.0,
          25.0
        ],
        [
          500.0,
          26.0
        ],
        [
          500.0,
          32.0
        ],
        [
          501.0,
          33.0
        ],
        [
          502.0,
          33.0
        ],
        [
          504.0,
          35.0
        ],
        [
          505.0,
          35.0
        ],
        [
          507.0,
          37.0
        ],
        [
          508.0,
          37.0
        ],
        [
          509.0,
          38.0
        ],
        [
          516.0,
          38.0
        ],
        [
          517.0,
          37.0
        ],
        [
          518.0,
          37.0
        ],
        [
          520.0,
          35.0
        ],
        [
          520.0,
          33.0
        ],
        [
          521.0,
          32.0
        ],
        [
          521.0,
          30.0
        ],
        [
          520.0,
          29.0
        ],
        [
          520.0,
          26.0
        ],
        [
          519.0,
          25.0
        ],
        [
          519.0,
          24.0
        ],
        [
          518.0,
          23.0
        ],
        [
          518.0,
          22.0
        ],
        [
          517.0,
          21.0
        ],
        [
          517.0,
          20.0
        ],
        [
          516.0,
          19.0
        ],
        [
          515.0,
          19.0
        ],
        [
          514.0,
          18.0
        ]
      ],
      "group_id": null,
      "shape_type": "polygon",
      "flags": {}
    },
    {
      "label": "weed",
      "text": "",
      "points": [
        [
          275.0,
          408.0
        ],
        [
          271.0,
          408.0
        ],
        [
          270.0,
          409.0
        ],
        [
          269.0,
          409.0
        ],
        [
          268.0,
          410.0
        ],
        [
          266.0,
          410.0
        ],
        [
          265.0,
          411.0
        ],
        [
          264.0,
          411.0
        ],
        [
          262.0,
          413.0
        ],
        [
          261.0,
          413.0
        ],
        [
          260.0,
          414.0
        ],
        [
          260.0,
          415.0
        ],
        [
          261.0,
          416.0
        ],
        [
          261.0,
          417.0
        ],
        [
          262.0,
          418.0
        ],
        [
          262.0,
          419.0
        ],
        [
          263.0,
          420.0
        ],
        [
          263.0,
          422.0
        ],
        [
          265.0,
          424.0
        ],
        [
          267.0,
          424.0
        ],
        [
          268.0,
          425.0
        ],
        [
          274.0,
          425.0
        ],
        [
          275.0,
          424.0
        ],
        [
          276.0,
          424.0
        ],
        [
          278.0,
          422.0
        ],
        [
          278.0,
          421.0
        ],
        [
          279.0,
          420.0
        ],
        [
          279.0,
          414.0
        ],
        [
          278.0,
          413.0
        ],
        [
          278.0,
          411.0
        ]
      ],
      "group_id": null,
      "shape_type": "polygon",
      "flags": {}
    },
    {
      "label": "weed",
      "text": "",
      "points": [
        [
          358.0,
          432.0
        ],
        [
          358.0,
          433.0
        ],
        [
          357.0,
          434.0
        ],
        [
          357.0,
          436.0
        ],
        [
          358.0,
          437.0
        ],
        [
          358.0,
          438.0
        ],
        [
          360.0,
          440.0
        ],
        [
          361.0,
          440.0
        ],
        [
          362.0,
          441.0
        ],
        [
          365.0,
          441.0
        ],
        [
          366.0,
          442.0
        ],
        [
          373.0,
          442.0
        ],
        [
          375.0,
          440.0
        ],
        [
          375.0,
          437.0
        ],
        [
          376.0,
          436.0
        ],
        [
          376.0,
          433.0
        ],
        [
          375.0,
          432.0
        ],
        [
          375.0,
          431.0
        ],
        [
          374.0,
          431.0
        ],
        [
          373.0,
          430.0
        ],
        [
          372.0,
          430.0
        ],
        [
          371.0,
          429.0
        ],
        [
          370.0,
          429.0
        ],
        [
          369.0,
          428.0
        ],
        [
          365.0,
          428.0
        ],
        [
          364.0,
          429.0
        ],
        [
          363.0,
          429.0
        ],
        [
          362.0,
          430.0
        ],
        [
          360.0,
          430.0
        ]
      ],
      "group_id": null,
      "shape_type": "polygon",
      "flags": {}
    },
    {
      "label": "weed",
      "text": "",
      "points": [
        [
          371.0,
          47.0
        ],
        [
          369.0,
          49.0
        ],
        [
          368.0,
          49.0
        ],
        [
          368.0,
          50.0
        ],
        [
          367.0,
          51.0
        ],
        [
          367.0,
          53.0
        ],
        [
          366.0,
          54.0
        ],
        [
          366.0,
          57.0
        ],
        [
          367.0,
          58.0
        ],
        [
          367.0,
          63.0
        ],
        [
          368.0,
          64.0
        ],
        [
          368.0,
          68.0
        ],
        [
          369.0,
          69.0
        ],
        [
          369.0,
          70.0
        ],
        [
          370.0,
          71.0
        ],
        [
          370.0,
          72.0
        ],
        [
          371.0,
          72.0
        ],
        [
          372.0,
          73.0
        ],
        [
          373.0,
          73.0
        ],
        [
          374.0,
          74.0
        ],
        [
          378.0,
          74.0
        ],
        [
          379.0,
          73.0
        ],
        [
          380.0,
          73.0
        ],
        [
          381.0,
          72.0
        ],
        [
          381.0,
          71.0
        ],
        [
          382.0,
          70.0
        ],
        [
          382.0,
          69.0
        ],
        [
          383.0,
          68.0
        ],
        [
          383.0,
          66.0
        ],
        [
          384.0,
          65.0
        ],
        [
          384.0,
          59.0
        ],
        [
          383.0,
          58.0
        ],
        [
          383.0,
          56.0
        ],
        [
          381.0,
          54.0
        ],
        [
          381.0,
          53.0
        ],
        [
          379.0,
          51.0
        ],
        [
          379.0,
          50.0
        ],
        [
          376.0,
          47.0
        ]
      ],
      "group_id": null,
      "shape_type": "polygon",
      "flags": {}
    },
    {
      "label": "potato",
      "text": "",
      "points": [
        [
          378.0,
          639.0
        ],
        [
          377.0,
          638.0
        ],
        [
          377.0,
          637.0
        ],
        [
          376.0,
          636.0
        ],
        [
          376.0,
          635.0
        ],
        [
          375.0,
          634.0
        ],
        [
          375.0,
          633.0
        ],
        [
          374.0,
          633.0
        ],
        [
          373.0,
          632.0
        ],
        [
          372.0,
          632.0
        ],
        [
          367.0,
          627.0
        ],
        [
          366.0,
          627.0
        ],
        [
          365.0,
          626.0
        ],
        [
          364.0,
          626.0
        ],
        [
          363.0,
          625.0
        ],
        [
          357.0,
          625.0
        ],
        [
          356.0,
          626.0
        ],
        [
          355.0,
          626.0
        ],
        [
          354.0,
          627.0
        ],
        [
          353.0,
          627.0
        ],
        [
          352.0,
          628.0
        ],
        [
          351.0,
          628.0
        ],
        [
          350.0,
          629.0
        ],
        [
          349.0,
          629.0
        ],
        [
          348.0,
          630.0
        ],
        [
          347.0,
          630.0
        ],
        [
          346.0,
          631.0
        ],
        [
          344.0,
          631.0
        ],
        [
          342.0,
          633.0
        ],
        [
          340.0,
          633.0
        ],
        [
          339.0,
          634.0
        ],
        [
          337.0,
          634.0
        ],
        [
          336.0,
          635.0
        ],
        [
          335.0,
          635.0
        ],
        [
          333.0,
          637.0
        ],
        [
          333.0,
          639.0
        ]
      ],
      "group_id": null,
      "shape_type": "polygon",
      "flags": {}
    },
    {
      "label": "potato",
      "text": "",
      "points": [
        [
          638.0,
          295.0
        ],
        [
          637.0,
          295.0
        ],
        [
          634.0,
          298.0
        ],
        [
          634.0,
          299.0
        ],
        [
          625.0,
          308.0
        ],
        [
          625.0,
          309.0
        ],
        [
          622.0,
          312.0
        ],
        [
          622.0,
          313.0
        ],
        [
          620.0,
          315.0
        ],
        [
          620.0,
          316.0
        ],
        [
          619.0,
          317.0
        ],
        [
          618.0,
          317.0
        ],
        [
          617.0,
          318.0
        ],
        [
          615.0,
          318.0
        ],
        [
          613.0,
          320.0
        ],
        [
          612.0,
          320.0
        ],
        [
          612.0,
          326.0
        ],
        [
          616.0,
          330.0
        ],
        [
          617.0,
          330.0
        ],
        [
          619.0,
          332.0
        ],
        [
          620.0,
          332.0
        ],
        [
          621.0,
          333.0
        ],
        [
          622.0,
          333.0
        ],
        [
          623.0,
          334.0
        ],
        [
          627.0,
          334.0
        ],
        [
          628.0,
          335.0
        ],
        [
          629.0,
          335.0
        ],
        [
          630.0,
          336.0
        ],
        [
          632.0,
          336.0
        ],
        [
          633.0,
          337.0
        ],
        [
          637.0,
          337.0
        ],
        [
          638.0,
          336.0
        ],
        [
          638.0,
          332.0
        ],
        [
          639.0,
          331.0
        ],
        [
          639.0,
          303.0
        ],
        [
          638.0,
          302.0
        ]
      ],
      "group_id": null,
      "shape_type": "polygon",
      "flags": {}
    },
    {
      "label": "weed",
      "text": "",
      "points": [
        [
          526.0,
          221.0
        ],
        [
          524.0,
          221.0
        ],
        [
          521.0,
          224.0
        ],
        [
          517.0,
          224.0
        ],
        [
          516.0,
          223.0
        ],
        [
          512.0,
          223.0
        ],
        [
          511.0,
          224.0
        ],
        [
          509.0,
          224.0
        ],
        [
          507.0,
          226.0
        ],
        [
          506.0,
          226.0
        ],
        [
          506.0,
          227.0
        ],
        [
          505.0,
          228.0
        ],
        [
          505.0,
          229.0
        ],
        [
          504.0,
          230.0
        ],
        [
          504.0,
          238.0
        ],
        [
          505.0,
          239.0
        ],
        [
          505.0,
          249.0
        ],
        [
          506.0,
          250.0
        ],
        [
          506.0,
          254.0
        ],
        [
          507.0,
          255.0
        ],
        [
          507.0,
          256.0
        ],
        [
          509.0,
          256.0
        ],
        [
          510.0,
          257.0
        ],
        [
          511.0,
          256.0
        ],
        [
          512.0,
          256.0
        ],
        [
          513.0,
          255.0
        ],
        [
          513.0,
          244.0
        ],
        [
          514.0,
          243.0
        ],
        [
          514.0,
          241.0
        ],
        [
          515.0,
          240.0
        ],
        [
          516.0,
          240.0
        ],
        [
          517.0,
          239.0
        ],
        [
          523.0,
          239.0
        ],
        [
          524.0,
          238.0
        ],
        [
          524.0,
          236.0
        ],
        [
          525.0,
          235.0
        ],
        [
          525.0,
          230.0
        ],
        [
          526.0,
          229.0
        ]
      ],
      "group_id": null,
      "shape_type": "polygon",
      "flags": {}
    }
  ],
  "imagePath": "..\\after_crop\\tile_12_6.jpg",
  "imageData": null,
  "imageHeight": 640,
  "imageWidth": 640
}