{
  "version": "0.3.3",
  "flags": {},
  "shapes": [
    {
      "label": "potato",
      "text": "",
      "points": [
        [
          135.0,
          355.0
        ],
        [
          134.0,
          356.0
        ],
        [
          133.0,
          356.0
        ],
        [
          131.0,
          358.0
        ],
        [
          130.0,
          358.0
        ],
        [
          130.0,
          359.0
        ],
        [
          129.0,
          360.0
        ],
        [
          129.0,
          365.0
        ],
        [
          120.0,
          374.0
        ],
        [
          119.0,
          374.0
        ],
        [
          117.0,
          376.0
        ],
        [
          117.0,
          378.0
        ],
        [
          116.0,
          379.0
        ],
        [
          116.0,
          380.0
        ],
        [
          117.0,
          381.0
        ],
        [
          118.0,
          384.0
        ],
        [
          120.0,
          386.0
        ],
        [
          120.0,
          387.0
        ],
        [
          121.0,
          388.0
        ],
        [
          121.0,
          390.0
        ],
        [
          122.0,
          391.0
        ],
        [
          122.0,
          396.0
        ],
        [
          119.0,
          398.0
        ],
        [
          117.0,
          398.0
        ],
        [
          116.0,
          399.0
        ],
        [
          113.0,
          399.0
        ],
        [
          112.0,
          400.0
        ],
        [
          110.0,
          400.0
        ],
        [
          108.0,
          402.0
        ],
        [
          108.0,
          404.0
        ],
        [
          107.0,
          405.0
        ],
        [
          107.0,
          411.0
        ],
        [
          108.0,
          412.0
        ],
        [
          108.0,
          414.0
        ],
        [
          110.0,
          416.0
        ],
        [
          113.0,
          417.0
        ],
        [
          116.0,
          420.0
        ],
        [
          117.0,
          420.0
        ],
        [
          118.0,
          421.0
        ],
        [
          120.0,
          421.0
        ],
        [
          121.0,
          422.0
        ],
        [
          122.0,
          422.0
        ],
        [
          125.0,
          424.0
        ],
        [
          125.0,
          426.0
        ],
        [
          119.0,
          432.0
        ],
        [
          119.0,
          434.0
        ],
        [
          118.0,
          435.0
        ],
        [
          118.0,
          437.0
        ],
        [
          120.0,
          439.0
        ],
        [
          124.0,
          439.0
        ],
        [
          125.0,
          438.0
        ],
        [
          126.0,
          438.0
        ],
        [
          129.0,
          436.0
        ],
        [
          132.0,
          436.0
        ],
        [
          133.0,
          437.0
        ],
        [
          138.0,
          437.0
        ],
        [
          140.0,
          435.0
        ],
        [
          141.0,
          435.0
        ],
        [
          142.0,
          434.0
        ],
        [
          142.0,
          433.0
        ],
        [
          144.0,
          431.0
        ],
        [
          145.0,
          431.0
        ],
        [
          148.0,
          434.0
        ],
        [
          148.0,
          435.0
        ],
        [
          151.0,
          438.0
        ],
        [
          154.0,
          439.0
        ],
        [
          158.0,
          443.0
        ],
        [
          158.0,
          444.0
        ],
        [
          161.0,
          447.0
        ],
        [
          162.0,
          447.0
        ],
        [
          163.0,
          448.0
        ],
        [
          164.0,
          448.0
        ],
        [
          165.0,
          447.0
        ],
        [
          168.0,
          447.0
        ],
        [
          171.0,
          445.0
        ],
        [
          171.0,
          444.0
        ],
        [
          173.0,
          442.0
        ],
        [
          173.0,
          441.0
        ],
        [
          174.0,
          440.0
        ],
        [
          175.0,
          437.0
        ],
        [
          177.0,
          435.0
        ],
        [
          177.0,
          434.0
        ],
        [
          178.0,
          433.0
        ],
        [
          178.0,
          428.0
        ],
        [
          179.0,
          427.0
        ],
        [
          179.0,
          420.0
        ],
        [
          178.0,
          419.0
        ],
        [
          178.0,
          418.0
        ],
        [
          179.0,
          417.0
        ],
        [
          180.0,
          417.0
        ],
        [
          181.0,
          416.0
        ],
        [
          182.0,
          416.0
        ],
        [
          185.0,
          414.0
        ],
        [
          185.0,
          413.0
        ],
        [
          186.0,
          412.0
        ],
        [
          186.0,
          407.0
        ],
        [
          187.0,
          406.0
        ],
        [
          187.0,
          404.0
        ],
        [
          188.0,
          403.0
        ],
        [
          188.0,
          399.0
        ],
        [
          187.0,
          399.0
        ],
        [
          186.0,
          398.0
        ],
        [
          181.0,
          398.0
        ],
        [
          180.0,
          399.0
        ],
        [
          176.0,
          399.0
        ],
        [
          174.0,
          397.0
        ],
        [
          174.0,
          396.0
        ],
        [
          173.0,
          395.0
        ],
        [
          173.0,
          393.0
        ],
        [
          172.0,
          392.0
        ],
        [
          172.0,
          386.0
        ],
        [
          171.0,
          385.0
        ],
        [
          171.0,
          378.0
        ],
        [
          170.0,
          377.0
        ],
        [
          170.0,
          375.0
        ],
        [
          169.0,
          374.0
        ],
        [
          169.0,
          372.0
        ],
        [
          167.0,
          370.0
        ],
        [
          162.0,
          370.0
        ],
        [
          160.0,
          372.0
        ],
        [
          159.0,
          372.0
        ],
        [
          158.0,
          373.0
        ],
        [
          155.0,
          374.0
        ],
        [
          151.0,
          378.0
        ],
        [
          149.0,
          376.0
        ],
        [
          149.0,
          367.0
        ],
        [
          148.0,
          366.0
        ],
        [
          148.0,
          364.0
        ],
        [
          147.0,
          363.0
        ],
        [
          147.0,
          362.0
        ],
        [
          144.0,
          359.0
        ],
        [
          143.0,
          359.0
        ],
        [
          141.0,
          357.0
        ],
        [
          140.0,
          357.0
        ],
        [
          137.0,
          355.0
        ]
      ],
      "group_id": null,
      "shape_type": "polygon",
      "flags": {}
    },
    {
      "label": "potato",
      "text": "",
      "points": [
        [
          393.0,
          90.0
        ],
        [
          391.0,
          90.0
        ],
        [
          387.0,
          94.0
        ],
        [
          387.0,
          96.0
        ],
        [
          386.0,
          97.0
        ],
        [
          386.0,
          99.0
        ],
        [
          385.0,
          100.0
        ],
        [
          385.0,
          101.0
        ],
        [
          384.0,
          102.0
        ],
        [
          384.0,
          103.0
        ],
        [
          383.0,
          104.0
        ],
        [
          383.0,
          106.0
        ],
        [
          381.0,
          108.0
        ],
        [
          381.0,
          109.0
        ],
        [
          380.0,
          110.0
        ],
        [
          376.0,
          110.0
        ],
        [
          375.0,
          109.0
        ],
        [
          374.0,
          109.0
        ],
        [
          373.0,
          108.0
        ],
        [
          372.0,
          108.0
        ],
        [
          370.0,
          110.0
        ],
        [
          369.0,
          110.0
        ],
        [
          368.0,
          111.0
        ],
        [
          367.0,
          111.0
        ],
        [
          366.0,
          112.0
        ],
        [
          365.0,
          112.0
        ],
        [
          364.0,
          113.0
        ],
        [
          364.0,
          115.0
        ],
        [
          365.0,
          116.0
        ],
        [
          365.0,
          117.0
        ],
        [
          370.0,
          122.0
        ],
        [
          371.0,
          122.0
        ],
        [
          378.0,
          129.0
        ],
        [
          378.0,
          130.0
        ],
        [
          379.0,
          131.0
        ],
        [
          379.0,
          138.0
        ],
        [
          380.0,
          139.0
        ],
        [
          380.0,
          140.0
        ],
        [
          384.0,
          144.0
        ],
        [
          388.0,
          144.0
        ],
        [
          389.0,
          143.0
        ],
        [
          391.0,
          143.0
        ],
        [
          393.0,
          141.0
        ],
        [
          394.0,
          141.0
        ],
        [
          397.0,
          138.0
        ],
        [
          398.0,
          138.0
        ],
        [
          400.0,
          136.0
        ],
        [
          401.0,
          136.0
        ],
        [
          403.0,
          134.0
        ],
        [
          404.0,
          134.0
        ],
        [
          405.0,
          133.0
        ],
        [
          406.0,
          133.0
        ],
        [
          407.0,
          132.0
        ],
        [
          408.0,
          132.0
        ],
        [
          410.0,
          130.0
        ],
        [
          411.0,
          130.0
        ],
        [
          413.0,
          128.0
        ],
        [
          414.0,
          128.0
        ],
        [
          415.0,
          127.0
        ],
        [
          419.0,
          127.0
        ],
        [
          420.0,
          126.0
        ],
        [
          421.0,
          126.0
        ],
        [
          423.0,
          124.0
        ],
        [
          423.0,
          120.0
        ],
        [
          421.0,
          118.0
        ],
        [
          420.0,
          118.0
        ],
        [
          419.0,
          117.0
        ],
        [
          410.0,
          117.0
        ],
        [
          406.0,
          113.0
        ],
        [
          406.0,
          112.0
        ],
        [
          405.0,
          111.0
        ],
        [
          405.0,
          109.0
        ],
        [
          404.0,
          108.0
        ],
        [
          403.0,
          108.0
        ],
        [
          400.0,
          105.0
        ],
        [
          400.0,
          104.0
        ],
        [
          399.0,
          103.0
        ],
        [
          399.0,
          102.0
        ],
        [
          398.0,
          101.0
        ],
        [
          398.0,
          100.0
        ],
        [
          397.0,
          99.0
        ],
        [
          397.0,
          97.0
        ],
        [
          396.0,
          96.0
        ],
        [
          396.0,
          95.0
        ],
        [
          395.0,
          94.0
        ],
        [
          395.0,
          92.0
        ]
      ],
      "group_id": null,
      "shape_type": "polygon",
      "flags": {}
    },
    {
      "label": "potato",
      "text": "",
      "points": [
        [
          430.0,
          105.0
        ],
        [
          428.0,
          107.0
        ],
        [
          428.0,
          115.0
        ],
        [
          427.0,
          116.0
        ],
        [
          427.0,
          124.0
        ],
        [
          428.0,
          125.0
        ],
        [
          428.0,
          128.0
        ],
        [
          429.0,
          129.0
        ],
        [
          428.0,
          130.0
        ],
        [
          428.0,
          138.0
        ],
        [
          429.0,
          139.0
        ],
        [
          429.0,
          142.0
        ],
        [
          435.0,
          142.0
        ],
        [
          436.0,
          141.0
        ],
        [
          438.0,
          141.0
        ],
        [
          439.0,
          140.0
        ],
        [
          441.0,
          140.0
        ],
        [
          442.0,
          141.0
        ],
        [
          447.0,
          141.0
        ],
        [
          448.0,
          140.0
        ],
        [
          448.0,
          131.0
        ],
        [
          447.0,
          130.0
        ],
        [
          447.0,
          128.0
        ],
        [
          446.0,
          127.0
        ],
        [
          446.0,
          126.0
        ],
        [
          445.0,
          125.0
        ],
        [
          445.0,
          124.0
        ],
        [
          444.0,
          123.0
        ],
        [
          444.0,
          121.0
        ],
        [
          443.0,
          120.0
        ],
        [
          443.0,
          119.0
        ],
        [
          442.0,
          118.0
        ],
        [
          442.0,
          116.0
        ],
        [
          441.0,
          115.0
        ],
        [
          441.0,
          114.0
        ],
        [
          438.0,
          111.0
        ],
        [
          438.0,
          110.0
        ],
        [
          434.0,
          106.0
        ],
        [
          433.0,
          106.0
        ],
        [
          432.0,
          105.0
        ]
      ],
      "group_id": null,
      "shape_type": "polygon",
      "flags": {}
    },
    {
      "label": "potato",
      "text": "",
      "points": [
        [
          368.0,
          395.0
        ],
        [
          368.0,
          396.0
        ],
        [
          367.0,
          397.0
        ],
        [
          367.0,
          398.0
        ],
        [
          366.0,
          399.0
        ],
        [
          366.0,
          403.0
        ],
        [
          367.0,
          404.0
        ],
        [
          367.0,
          406.0
        ],
        [
          370.0,
          409.0
        ],
        [
          370.0,
          410.0
        ],
        [
          373.0,
          413.0
        ],
        [
          373.0,
          414.0
        ],
        [
          375.0,
          416.0
        ],
        [
          375.0,
          417.0
        ],
        [
          376.0,
          418.0
        ],
        [
          376.0,
          420.0
        ],
        [
          377.0,
          421.0
        ],
        [
          377.0,
          423.0
        ],
        [
          378.0,
          424.0
        ],
        [
          378.0,
          425.0
        ],
        [
          379.0,
          426.0
        ],
        [
          379.0,
          427.0
        ],
        [
          380.0,
          428.0
        ],
        [
          380.0,
          429.0
        ],
        [
          384.0,
          433.0
        ],
        [
          386.0,
          433.0
        ],
        [
          387.0,
          434.0
        ],
        [
          396.0,
          434.0
        ],
        [
          397.0,
          433.0
        ],
        [
          400.0,
          433.0
        ],
        [
          401.0,
          432.0
        ],
        [
          408.0,
          432.0
        ],
        [
          410.0,
          430.0
        ],
        [
          410.0,
          428.0
        ],
        [
          411.0,
          427.0
        ],
        [
          411.0,
          421.0
        ],
        [
          410.0,
          420.0
        ],
        [
          410.0,
          418.0
        ],
        [
          409.0,
          417.0
        ],
        [
          409.0,
          413.0
        ],
        [
          411.0,
          411.0
        ],
        [
          412.0,
          411.0
        ],
        [
          413.0,
          410.0
        ],
        [
          415.0,
          410.0
        ],
        [
          416.0,
          409.0
        ],
        [
          417.0,
          409.0
        ],
        [
          420.0,
          406.0
        ],
        [
          420.0,
          405.0
        ],
        [
          421.0,
          404.0
        ],
        [
          421.0,
          403.0
        ],
        [
          422.0,
          402.0
        ],
        [
          422.0,
          401.0
        ],
        [
          423.0,
          400.0
        ],
        [
          423.0,
          394.0
        ],
        [
          422.0,
          393.0
        ],
        [
          422.0,
          392.0
        ],
        [
          420.0,
          390.0
        ],
        [
          418.0,
          390.0
        ],
        [
          413.0,
          385.0
        ],
        [
          411.0,
          385.0
        ],
        [
          410.0,
          384.0
        ],
        [
          405.0,
          384.0
        ],
        [
          404.0,
          385.0
        ],
        [
          399.0,
          385.0
        ],
        [
          398.0,
          384.0
        ],
        [
          391.0,
          384.0
        ],
        [
          390.0,
          385.0
        ],
        [
          389.0,
          385.0
        ],
        [
          383.0,
          391.0
        ],
        [
          382.0,
          391.0
        ],
        [
          380.0,
          393.0
        ],
        [
          379.0,
          393.0
        ],
        [
          378.0,
          394.0
        ],
        [
          377.0,
          394.0
        ],
        [
          376.0,
          395.0
        ],
        [
          375.0,
          395.0
        ],
        [
          374.0,
          394.0
        ],
        [
          370.0,
          394.0
        ],
        [
          369.0,
          395.0
        ]
      ],
      "group_id": null,
      "shape_type": "polygon",
      "flags": {}
    },
    {
      "label": "potato",
      "text": "",
      "points": [
        [
          427.0,
          597.0
        ],
        [
          425.0,
          597.0
        ],
        [
          424.0,
          596.0
        ],
        [
          421.0,
          596.0
        ],
        [
          420.0,
          597.0
        ],
        [
          417.0,
          597.0
        ],
        [
          416.0,
          598.0
        ],
        [
          415.0,
          598.0
        ],
        [
          414.0,
          599.0
        ],
        [
          414.0,
          600.0
        ],
        [
          413.0,
          601.0
        ],
        [
          413.0,
          603.0
        ],
        [
          412.0,
          604.0
        ],
        [
          412.0,
          605.0
        ],
        [
          411.0,
          606.0
        ],
        [
          411.0,
          607.0
        ],
        [
          410.0,
          608.0
        ],
        [
          410.0,
          609.0
        ],
        [
          409.0,
          610.0
        ],
        [
          409.0,
          614.0
        ],
        [
          408.0,
          615.0
        ],
        [
          408.0,
          621.0
        ],
        [
          407.0,
          622.0
        ],
        [
          407.0,
          634.0
        ],
        [
          408.0,
          635.0
        ],
        [
          408.0,
          636.0
        ],
        [
          409.0,
          637.0
        ],
        [
          409.0,
          638.0
        ],
        [
          410.0,
          639.0
        ],
        [
          422.0,
          639.0
        ],
        [
          423.0,
          638.0
        ],
        [
          424.0,
          638.0
        ],
        [
          425.0,
          637.0
        ],
        [
          426.0,
          637.0
        ],
        [
          428.0,
          635.0
        ],
        [
          435.0,
          635.0
        ],
        [
          436.0,
          634.0
        ],
        [
          437.0,
          634.0
        ],
        [
          438.0,
          633.0
        ],
        [
          439.0,
          633.0
        ],
        [
          440.0,
          632.0
        ],
        [
          440.0,
          631.0
        ],
        [
          441.0,
          630.0
        ],
        [
          441.0,
          625.0
        ],
        [
          440.0,
          624.0
        ],
        [
          440.0,
          622.0
        ],
        [
          439.0,
          621.0
        ],
        [
          439.0,
          619.0
        ],
        [
          438.0,
          618.0
        ],
        [
          438.0,
          617.0
        ],
        [
          437.0,
          616.0
        ],
        [
          437.0,
          615.0
        ],
        [
          436.0,
          614.0
        ],
        [
          436.0,
          613.0
        ],
        [
          434.0,
          611.0
        ],
        [
          434.0,
          610.0
        ],
        [
          433.0,
          609.0
        ],
        [
          433.0,
          608.0
        ],
        [
          432.0,
          607.0
        ],
        [
          432.0,
          604.0
        ],
        [
          431.0,
          603.0
        ],
        [
          431.0,
          601.0
        ],
        [
          430.0,
          600.0
        ],
        [
          430.0,
          599.0
        ],
        [
          429.0,
          598.0
        ],
        [
          428.0,
          598.0
        ]
      ],
      "group_id": null,
      "shape_type": "polygon",
      "flags": {}
    },
    {
      "label": "potato",
      "text": "",
      "points": [
        [
          615.0,
          290.0
        ],
        [
          614.0,
          291.0
        ],
        [
          613.0,
          291.0
        ],
        [
          613.0,
          295.0
        ],
        [
          614.0,
          296.0
        ],
        [
          614.0,
          297.0
        ],
        [
          615.0,
          298.0
        ],
        [
          615.0,
          299.0
        ],
        [
          617.0,
          301.0
        ],
        [
          617.0,
          302.0
        ],
        [
          618.0,
          303.0
        ],
        [
          618.0,
          304.0
        ],
        [
          619.0,
          305.0
        ],
        [
          619.0,
          310.0
        ],
        [
          618.0,
          311.0
        ],
        [
          618.0,
          312.0
        ],
        [
          617.0,
          313.0
        ],
        [
          617.0,
          315.0
        ],
        [
          616.0,
          316.0
        ],
        [
          616.0,
          317.0
        ],
        [
          615.0,
          318.0
        ],
        [
          614.0,
          318.0
        ],
        [
          613.0,
          319.0
        ],
        [
          611.0,
          319.0
        ],
        [
          609.0,
          321.0
        ],
        [
          608.0,
          321.0
        ],
        [
          601.0,
          328.0
        ],
        [
          601.0,
          330.0
        ],
        [
          606.0,
          335.0
        ],
        [
          606.0,
          337.0
        ],
        [
          605.0,
          338.0
        ],
        [
          605.0,
          340.0
        ],
        [
          606.0,
          341.0
        ],
        [
          606.0,
          342.0
        ],
        [
          607.0,
          343.0
        ],
        [
          607.0,
          344.0
        ],
        [
          608.0,
          345.0
        ],
        [
          608.0,
          346.0
        ],
        [
          609.0,
          347.0
        ],
        [
          609.0,
          352.0
        ],
        [
          608.0,
          353.0
        ],
        [
          608.0,
          354.0
        ],
        [
          606.0,
          356.0
        ],
        [
          606.0,
          358.0
        ],
        [
          605.0,
          359.0
        ],
        [
          605.0,
          365.0
        ],
        [
          606.0,
          366.0
        ],
        [
          606.0,
          367.0
        ],
        [
          607.0,
          368.0
        ],
        [
          608.0,
          368.0
        ],
        [
          609.0,
          369.0
        ],
        [
          610.0,
          369.0
        ],
        [
          612.0,
          371.0
        ],
        [
          614.0,
          371.0
        ],
        [
          615.0,
          372.0
        ],
        [
          616.0,
          372.0
        ],
        [
          617.0,
          373.0
        ],
        [
          618.0,
          373.0
        ],
        [
          619.0,
          374.0
        ],
        [
          620.0,
          374.0
        ],
        [
          621.0,
          375.0
        ],
        [
          622.0,
          375.0
        ],
        [
          624.0,
          377.0
        ],
        [
          625.0,
          377.0
        ],
        [
          631.0,
          383.0
        ],
        [
          632.0,
          383.0
        ],
        [
          634.0,
          385.0
        ],
        [
          635.0,
          385.0
        ],
        [
          637.0,
          387.0
        ],
        [
          638.0,
          387.0
        ],
        [
          638.0,
          385.0
        ],
        [
          639.0,
          384.0
        ],
        [
          639.0,
          296.0
        ],
        [
          638.0,
          295.0
        ],
        [
          638.0,
          294.0
        ],
        [
          637.0,
          293.0
        ],
        [
          635.0,
          293.0
        ],
        [
          634.0,
          292.0
        ],
        [
          633.0,
          292.0
        ],
        [
          632.0,
          291.0
        ],
        [
          631.0,
          291.0
        ],
        [
          630.0,
          290.0
        ],
        [
          629.0,
          290.0
        ],
        [
          628.0,
          289.0
        ],
        [
          622.0,
          289.0
        ],
        [
          621.0,
          290.0
        ]
      ],
      "group_id": null,
      "shape_type": "polygon",
      "flags": {}
    },
    {
      "label": "potato",
      "text": "",
      "points": [
        [
          637.0,
          195.0
        ],
        [
          636.0,
          196.0
        ],
        [
          634.0,
          196.0
        ],
        [
          633.0,
          197.0
        ],
        [
          632.0,
          197.0
        ],
        [
          627.0,
          202.0
        ],
        [
          616.0,
          202.0
        ],
        [
          616.0,
          203.0
        ],
        [
          615.0,
          204.0
        ],
        [
          615.0,
          205.0
        ],
        [
          616.0,
          206.0
        ],
        [
          616.0,
          208.0
        ],
        [
          617.0,
          209.0
        ],
        [
          617.0,
          210.0
        ],
        [
          624.0,
          217.0
        ],
        [
          625.0,
          217.0
        ],
        [
          626.0,
          218.0
        ],
        [
          626.0,
          220.0
        ],
        [
          628.0,
          222.0
        ],
        [
          629.0,
          222.0
        ],
        [
          630.0,
          223.0
        ],
        [
          631.0,
          223.0
        ],
        [
          632.0,
          224.0
        ],
        [
          638.0,
          224.0
        ],
        [
          639.0,
          223.0
        ],
        [
          639.0,
          196.0
        ],
        [
          638.0,
          196.0
        ]
      ],
      "group_id": null,
      "shape_type": "polygon",
      "flags": {}
    },
    {
      "label": "weed",
      "text": "",
      "points": [
        [
          289.0,
          561.0
        ],
        [
          287.0,
          563.0
        ],
        [
          287.0,
          566.0
        ],
        [
          286.0,
          567.0
        ],
        [
          286.0,
          570.0
        ],
        [
          285.0,
          571.0
        ],
        [
          286.0,
          572.0
        ],
        [
          286.0,
          574.0
        ],
        [
          290.0,
          578.0
        ],
        [
          292.0,
          578.0
        ],
        [
          293.0,
          579.0
        ],
        [
          294.0,
          579.0
        ],
        [
          295.0,
          578.0
        ],
        [
          297.0,
          578.0
        ],
        [
          298.0,
          577.0
        ],
        [
          298.0,
          575.0
        ],
        [
          299.0,
          574.0
        ],
        [
          299.0,
          572.0
        ],
        [
          300.0,
          571.0
        ],
        [
          300.0,
          570.0
        ],
        [
          301.0,
          569.0
        ],
        [
          301.0,
          563.0
        ],
        [
          300.0,
          562.0
        ],
        [
          297.0,
          562.0
        ],
        [
          296.0,
          561.0
        ]
      ],
      "group_id": null,
      "shape_type": "polygon",
      "flags": {}
    }
  ],
  "imagePath": "..\\after_crop\\tile_3_6.jpg",
  "imageData": null,
  "imageHeight": 640,
  "imageWidth": 640
}