{
  "version": "0.3.3",
  "flags": {},
  "shapes": [
    {
      "label": "potato",
      "text": "",
      "points": [
        [
          12.0,
          346.0
        ],
        [
          11.0,
          347.0
        ],
        [
          10.0,
          347.0
        ],
        [
          9.0,
          348.0
        ],
        [
          7.0,
          348.0
        ],
        [
          6.0,
          349.0
        ],
        [
          5.0,
          349.0
        ],
        [
          4.0,
          350.0
        ],
        [
          4.0,
          353.0
        ],
        [
          3.0,
          354.0
        ],
        [
          3.0,
          356.0
        ],
        [
          1.0,
          358.0
        ],
        [
          0.0,
          358.0
        ],
        [
          0.0,
          400.0
        ],
        [
          2.0,
          400.0
        ],
        [
          4.0,
          402.0
        ],
        [
          5.0,
          402.0
        ],
        [
          7.0,
          404.0
        ],
        [
          8.0,
          404.0
        ],
        [
          9.0,
          405.0
        ],
        [
          11.0,
          405.0
        ],
        [
          12.0,
          406.0
        ],
        [
          13.0,
          406.0
        ],
        [
          14.0,
          407.0
        ],
        [
          16.0,
          407.0
        ],
        [
          17.0,
          408.0
        ],
        [
          18.0,
          408.0
        ],
        [
          19.0,
          409.0
        ],
        [
          20.0,
          409.0
        ],
        [
          23.0,
          412.0
        ],
        [
          24.0,
          412.0
        ],
        [
          25.0,
          413.0
        ],
        [
          26.0,
          413.0
        ],
        [
          27.0,
          414.0
        ],
        [
          28.0,
          414.0
        ],
        [
          29.0,
          415.0
        ],
        [
          30.0,
          415.0
        ],
        [
          31.0,
          416.0
        ],
        [
          36.0,
          416.0
        ],
        [
          37.0,
          415.0
        ],
        [
          38.0,
          415.0
        ],
        [
          44.0,
          409.0
        ],
        [
          44.0,
          408.0
        ],
        [
          46.0,
          406.0
        ],
        [
          46.0,
          397.0
        ],
        [
          43.0,
          394.0
        ],
        [
          42.0,
          394.0
        ],
        [
          41.0,
          393.0
        ],
        [
          40.0,
          393.0
        ],
        [
          38.0,
          391.0
        ],
        [
          38.0,
          382.0
        ],
        [
          39.0,
          381.0
        ],
        [
          39.0,
          379.0
        ],
        [
          40.0,
          378.0
        ],
        [
          40.0,
          377.0
        ],
        [
          41.0,
          376.0
        ],
        [
          41.0,
          369.0
        ],
        [
          40.0,
          368.0
        ],
        [
          40.0,
          365.0
        ],
        [
          39.0,
          364.0
        ],
        [
          39.0,
          363.0
        ],
        [
          36.0,
          360.0
        ],
        [
          35.0,
          360.0
        ],
        [
          34.0,
          359.0
        ],
        [
          33.0,
          359.0
        ],
        [
          32.0,
          358.0
        ],
        [
          31.0,
          358.0
        ],
        [
          29.0,
          356.0
        ],
        [
          28.0,
          356.0
        ],
        [
          27.0,
          355.0
        ],
        [
          27.0,
          354.0
        ],
        [
          26.0,
          353.0
        ],
        [
          26.0,
          352.0
        ],
        [
          22.0,
          348.0
        ],
        [
          22.0,
          347.0
        ],
        [
          21.0,
          346.0
        ]
      ],
      "group_id": null,
      "shape_type": "polygon",
      "flags": {}
    },
    {
      "label": "potato",
      "text": "",
      "points": [
        [
          0.0,
          458.0
        ],
        [
          0.0,
          550.0
        ],
        [
          1.0,
          550.0
        ],
        [
          3.0,
          552.0
        ],
        [
          4.0,
          552.0
        ],
        [
          5.0,
          553.0
        ],
        [
          6.0,
          553.0
        ],
        [
          7.0,
          554.0
        ],
        [
          8.0,
          554.0
        ],
        [
          9.0,
          555.0
        ],
        [
          10.0,
          555.0
        ],
        [
          11.0,
          554.0
        ],
        [
          13.0,
          554.0
        ],
        [
          14.0,
          553.0
        ],
        [
          14.0,
          552.0
        ],
        [
          15.0,
          551.0
        ],
        [
          15.0,
          550.0
        ],
        [
          16.0,
          549.0
        ],
        [
          16.0,
          548.0
        ],
        [
          17.0,
          547.0
        ],
        [
          17.0,
          546.0
        ],
        [
          19.0,
          544.0
        ],
        [
          19.0,
          543.0
        ],
        [
          20.0,
          542.0
        ],
        [
          21.0,
          542.0
        ],
        [
          21.0,
          541.0
        ],
        [
          23.0,
          539.0
        ],
        [
          23.0,
          538.0
        ],
        [
          29.0,
          532.0
        ],
        [
          29.0,
          531.0
        ],
        [
          30.0,
          530.0
        ],
        [
          30.0,
          528.0
        ],
        [
          31.0,
          527.0
        ],
        [
          31.0,
          525.0
        ],
        [
          30.0,
          524.0
        ],
        [
          30.0,
          522.0
        ],
        [
          28.0,
          520.0
        ],
        [
          26.0,
          520.0
        ],
        [
          25.0,
          519.0
        ],
        [
          24.0,
          519.0
        ],
        [
          18.0,
          513.0
        ],
        [
          11.0,
          513.0
        ],
        [
          10.0,
          514.0
        ],
        [
          8.0,
          514.0
        ],
        [
          7.0,
          513.0
        ],
        [
          7.0,
          509.0
        ],
        [
          6.0,
          508.0
        ],
        [
          6.0,
          505.0
        ],
        [
          5.0,
          504.0
        ],
        [
          5.0,
          498.0
        ],
        [
          6.0,
          497.0
        ],
        [
          6.0,
          496.0
        ],
        [
          9.0,
          493.0
        ],
        [
          9.0,
          492.0
        ],
        [
          12.0,
          489.0
        ],
        [
          12.0,
          484.0
        ],
        [
          11.0,
          483.0
        ],
        [
          11.0,
          482.0
        ],
        [
          10.0,
          481.0
        ],
        [
          10.0,
          477.0
        ],
        [
          9.0,
          476.0
        ],
        [
          9.0,
          475.0
        ],
        [
          8.0,
          474.0
        ],
        [
          8.0,
          471.0
        ],
        [
          7.0,
          470.0
        ],
        [
          7.0,
          468.0
        ],
        [
          6.0,
          467.0
        ],
        [
          6.0,
          466.0
        ],
        [
          5.0,
          465.0
        ],
        [
          5.0,
          464.0
        ],
        [
          4.0,
          463.0
        ],
        [
          4.0,
          462.0
        ],
        [
          3.0,
          461.0
        ],
        [
          3.0,
          460.0
        ],
        [
          1.0,
          458.0
        ]
      ],
      "group_id": null,
      "shape_type": "polygon",
      "flags": {}
    },
    {
      "label": "potato",
      "text": "",
      "points": [
        [
          345.0,
          288.0
        ],
        [
          343.0,
          287.0
        ],
        [
          340.0,
          287.0
        ],
        [
          339.0,
          288.0
        ],
        [
          336.0,
          287.0
        ],
        [
          327.0,
          288.0
        ],
        [
          319.0,
          284.0
        ],
        [
          313.0,
          284.0
        ],
        [
          302.0,
          290.0
        ],
        [
          295.0,
          289.0
        ],
        [
          293.0,
          287.0
        ],
        [
          293.0,
          278.0
        ],
        [
          291.0,
          274.0
        ],
        [
          288.0,
          271.0
        ],
        [
          286.0,
          267.0
        ],
        [
          282.0,
          266.0
        ],
        [
          277.0,
          276.0
        ],
        [
          275.0,
          289.0
        ],
        [
          271.0,
          292.0
        ],
        [
          265.0,
          292.0
        ],
        [
          254.0,
          285.0
        ],
        [
          241.0,
          284.0
        ],
        [
          240.0,
          285.0
        ],
        [
          240.0,
          288.0
        ],
        [
          243.0,
          293.0
        ],
        [
          241.0,
          295.0
        ],
        [
          232.0,
          298.0
        ],
        [
          227.0,
          303.0
        ],
        [
          222.0,
          305.0
        ],
        [
          217.0,
          311.0
        ],
        [
          214.0,
          311.0
        ],
        [
          209.0,
          313.0
        ],
        [
          208.0,
          315.0
        ],
        [
          208.0,
          320.0
        ],
        [
          213.0,
          330.0
        ],
        [
          214.0,
          335.0
        ],
        [
          212.0,
          339.0
        ],
        [
          203.0,
          347.0
        ],
        [
          198.0,
          348.0
        ],
        [
          193.0,
          352.0
        ],
        [
          188.0,
          358.0
        ],
        [
          188.0,
          363.0
        ],
        [
          192.0,
          367.0
        ],
        [
          200.0,
          367.0
        ],
        [
          207.0,
          362.0
        ],
        [
          211.0,
          362.0
        ],
        [
          220.0,
          373.0
        ],
        [
          221.0,
          388.0
        ],
        [
          223.0,
          392.0
        ],
        [
          225.0,
          393.0
        ],
        [
          232.0,
          401.0
        ],
        [
          247.0,
          399.0
        ],
        [
          252.0,
          403.0
        ],
        [
          247.0,
          415.0
        ],
        [
          243.0,
          418.0
        ],
        [
          237.0,
          425.0
        ],
        [
          237.0,
          431.0
        ],
        [
          239.0,
          434.0
        ],
        [
          239.0,
          438.0
        ],
        [
          237.0,
          441.0
        ],
        [
          236.0,
          446.0
        ],
        [
          237.0,
          449.0
        ],
        [
          240.0,
          452.0
        ],
        [
          244.0,
          454.0
        ],
        [
          259.0,
          455.0
        ],
        [
          267.0,
          447.0
        ],
        [
          272.0,
          444.0
        ],
        [
          276.0,
          437.0
        ],
        [
          279.0,
          435.0
        ],
        [
          285.0,
          428.0
        ],
        [
          285.0,
          423.0
        ],
        [
          282.0,
          418.0
        ],
        [
          277.0,
          413.0
        ],
        [
          277.0,
          409.0
        ],
        [
          282.0,
          406.0
        ],
        [
          294.0,
          394.0
        ],
        [
          298.0,
          392.0
        ],
        [
          303.0,
          392.0
        ],
        [
          306.0,
          394.0
        ],
        [
          317.0,
          393.0
        ],
        [
          322.0,
          397.0
        ],
        [
          324.0,
          397.0
        ],
        [
          327.0,
          395.0
        ],
        [
          329.0,
          390.0
        ],
        [
          328.0,
          389.0
        ],
        [
          327.0,
          373.0
        ],
        [
          325.0,
          368.0
        ],
        [
          325.0,
          361.0
        ],
        [
          330.0,
          350.0
        ],
        [
          342.0,
          338.0
        ],
        [
          350.0,
          322.0
        ],
        [
          350.0,
          315.0
        ],
        [
          349.0,
          314.0
        ],
        [
          349.0,
          309.0
        ],
        [
          350.0,
          308.0
        ],
        [
          349.0,
          294.0
        ]
      ],
      "group_id": null,
      "shape_type": "polygon",
      "flags": {}
    },
    {
      "label": "potato",
      "text": "",
      "points": [
        [
          296.0,
          481.0
        ],
        [
          286.0,
          481.0
        ],
        [
          285.0,
          482.0
        ],
        [
          282.0,
          482.0
        ],
        [
          268.0,
          492.0
        ],
        [
          265.0,
          493.0
        ],
        [
          262.0,
          496.0
        ],
        [
          260.0,
          496.0
        ],
        [
          259.0,
          497.0
        ],
        [
          252.0,
          497.0
        ],
        [
          251.0,
          496.0
        ],
        [
          249.0,
          496.0
        ],
        [
          240.0,
          487.0
        ],
        [
          236.0,
          485.0
        ],
        [
          234.0,
          485.0
        ],
        [
          233.0,
          484.0
        ],
        [
          230.0,
          484.0
        ],
        [
          229.0,
          485.0
        ],
        [
          229.0,
          488.0
        ],
        [
          228.0,
          489.0
        ],
        [
          229.0,
          491.0
        ],
        [
          229.0,
          496.0
        ],
        [
          231.0,
          499.0
        ],
        [
          231.0,
          501.0
        ],
        [
          236.0,
          508.0
        ],
        [
          236.0,
          510.0
        ],
        [
          238.0,
          514.0
        ],
        [
          238.0,
          522.0
        ],
        [
          242.0,
          530.0
        ],
        [
          241.0,
          531.0
        ],
        [
          240.0,
          535.0
        ],
        [
          236.0,
          539.0
        ],
        [
          235.0,
          539.0
        ],
        [
          230.0,
          543.0
        ],
        [
          219.0,
          543.0
        ],
        [
          217.0,
          545.0
        ],
        [
          217.0,
          548.0
        ],
        [
          220.0,
          553.0
        ],
        [
          220.0,
          555.0
        ],
        [
          222.0,
          557.0
        ],
        [
          224.0,
          558.0
        ],
        [
          230.0,
          558.0
        ],
        [
          233.0,
          561.0
        ],
        [
          234.0,
          571.0
        ],
        [
          233.0,
          572.0
        ],
        [
          233.0,
          576.0
        ],
        [
          232.0,
          577.0
        ],
        [
          232.0,
          579.0
        ],
        [
          237.0,
          585.0
        ],
        [
          242.0,
          586.0
        ],
        [
          245.0,
          589.0
        ],
        [
          245.0,
          598.0
        ],
        [
          247.0,
          602.0
        ],
        [
          252.0,
          607.0
        ],
        [
          259.0,
          611.0
        ],
        [
          261.0,
          610.0
        ],
        [
          262.0,
          604.0
        ],
        [
          268.0,
          598.0
        ],
        [
          270.0,
          597.0
        ],
        [
          272.0,
          597.0
        ],
        [
          273.0,
          596.0
        ],
        [
          279.0,
          596.0
        ],
        [
          280.0,
          597.0
        ],
        [
          283.0,
          597.0
        ],
        [
          284.0,
          596.0
        ],
        [
          286.0,
          597.0
        ],
        [
          292.0,
          597.0
        ],
        [
          295.0,
          595.0
        ],
        [
          296.0,
          590.0
        ],
        [
          299.0,
          587.0
        ],
        [
          301.0,
          587.0
        ],
        [
          302.0,
          586.0
        ],
        [
          306.0,
          585.0
        ],
        [
          308.0,
          581.0
        ],
        [
          308.0,
          578.0
        ],
        [
          318.0,
          568.0
        ],
        [
          320.0,
          564.0
        ],
        [
          320.0,
          561.0
        ],
        [
          321.0,
          560.0
        ],
        [
          321.0,
          555.0
        ],
        [
          323.0,
          553.0
        ],
        [
          323.0,
          552.0
        ],
        [
          327.0,
          548.0
        ],
        [
          339.0,
          548.0
        ],
        [
          342.0,
          546.0
        ],
        [
          344.0,
          546.0
        ],
        [
          347.0,
          543.0
        ],
        [
          347.0,
          539.0
        ],
        [
          344.0,
          536.0
        ],
        [
          338.0,
          533.0
        ],
        [
          336.0,
          533.0
        ],
        [
          335.0,
          532.0
        ],
        [
          330.0,
          532.0
        ],
        [
          328.0,
          530.0
        ],
        [
          329.0,
          526.0
        ],
        [
          330.0,
          525.0
        ],
        [
          330.0,
          522.0
        ],
        [
          331.0,
          521.0
        ],
        [
          331.0,
          516.0
        ],
        [
          329.0,
          514.0
        ],
        [
          325.0,
          513.0
        ],
        [
          324.0,
          514.0
        ],
        [
          320.0,
          514.0
        ],
        [
          319.0,
          515.0
        ],
        [
          317.0,
          515.0
        ],
        [
          314.0,
          517.0
        ],
        [
          311.0,
          517.0
        ],
        [
          307.0,
          512.0
        ],
        [
          308.0,
          510.0
        ],
        [
          308.0,
          505.0
        ],
        [
          307.0,
          504.0
        ],
        [
          300.0,
          504.0
        ],
        [
          299.0,
          503.0
        ],
        [
          297.0,
          503.0
        ],
        [
          294.0,
          500.0
        ],
        [
          293.0,
          498.0
        ],
        [
          293.0,
          491.0
        ],
        [
          294.0,
          489.0
        ],
        [
          298.0,
          485.0
        ],
        [
          298.0,
          482.0
        ]
      ],
      "group_id": null,
      "shape_type": "polygon",
      "flags": {}
    },
    {
      "label": "weed",
      "text": "",
      "points": [
        [
          432.0,
          320.0
        ],
        [
          429.0,
          320.0
        ],
        [
          428.0,
          321.0
        ],
        [
          427.0,
          321.0
        ],
        [
          427.0,
          322.0
        ],
        [
          426.0,
          323.0
        ],
        [
          426.0,
          324.0
        ],
        [
          423.0,
          327.0
        ],
        [
          423.0,
          328.0
        ],
        [
          422.0,
          329.0
        ],
        [
          421.0,
          329.0
        ],
        [
          420.0,
          330.0
        ],
        [
          418.0,
          328.0
        ],
        [
          417.0,
          328.0
        ],
        [
          416.0,
          327.0
        ],
        [
          415.0,
          327.0
        ],
        [
          414.0,
          326.0
        ],
        [
          412.0,
          326.0
        ],
        [
          410.0,
          328.0
        ],
        [
          410.0,
          329.0
        ],
        [
          409.0,
          330.0
        ],
        [
          409.0,
          332.0
        ],
        [
          408.0,
          333.0
        ],
        [
          408.0,
          335.0
        ],
        [
          407.0,
          336.0
        ],
        [
          407.0,
          337.0
        ],
        [
          406.0,
          338.0
        ],
        [
          406.0,
          339.0
        ],
        [
          404.0,
          341.0
        ],
        [
          404.0,
          342.0
        ],
        [
          403.0,
          343.0
        ],
        [
          403.0,
          344.0
        ],
        [
          402.0,
          345.0
        ],
        [
          402.0,
          346.0
        ],
        [
          401.0,
          347.0
        ],
        [
          401.0,
          348.0
        ],
        [
          400.0,
          349.0
        ],
        [
          400.0,
          353.0
        ],
        [
          399.0,
          354.0
        ],
        [
          400.0,
          355.0
        ],
        [
          400.0,
          375.0
        ],
        [
          401.0,
          376.0
        ],
        [
          401.0,
          378.0
        ],
        [
          402.0,
          379.0
        ],
        [
          402.0,
          380.0
        ],
        [
          405.0,
          383.0
        ],
        [
          407.0,
          383.0
        ],
        [
          408.0,
          382.0
        ],
        [
          411.0,
          382.0
        ],
        [
          412.0,
          381.0
        ],
        [
          415.0,
          381.0
        ],
        [
          416.0,
          380.0
        ],
        [
          419.0,
          380.0
        ],
        [
          420.0,
          381.0
        ],
        [
          422.0,
          381.0
        ],
        [
          423.0,
          380.0
        ],
        [
          424.0,
          380.0
        ],
        [
          424.0,
          378.0
        ],
        [
          423.0,
          377.0
        ],
        [
          423.0,
          376.0
        ],
        [
          422.0,
          375.0
        ],
        [
          422.0,
          370.0
        ],
        [
          421.0,
          369.0
        ],
        [
          422.0,
          368.0
        ],
        [
          422.0,
          366.0
        ],
        [
          423.0,
          365.0
        ],
        [
          423.0,
          362.0
        ],
        [
          424.0,
          361.0
        ],
        [
          424.0,
          355.0
        ],
        [
          425.0,
          354.0
        ],
        [
          426.0,
          354.0
        ],
        [
          427.0,
          353.0
        ],
        [
          428.0,
          353.0
        ],
        [
          429.0,
          354.0
        ],
        [
          434.0,
          354.0
        ],
        [
          435.0,
          353.0
        ],
        [
          436.0,
          353.0
        ],
        [
          441.0,
          348.0
        ],
        [
          442.0,
          348.0
        ],
        [
          443.0,
          347.0
        ],
        [
          445.0,
          347.0
        ],
        [
          446.0,
          346.0
        ],
        [
          446.0,
          345.0
        ],
        [
          447.0,
          344.0
        ],
        [
          447.0,
          341.0
        ],
        [
          446.0,
          340.0
        ],
        [
          446.0,
          339.0
        ],
        [
          442.0,
          335.0
        ],
        [
          442.0,
          334.0
        ],
        [
          441.0,
          333.0
        ],
        [
          441.0,
          331.0
        ],
        [
          440.0,
          330.0
        ],
        [
          440.0,
          329.0
        ],
        [
          437.0,
          326.0
        ],
        [
          437.0,
          325.0
        ],
        [
          436.0,
          324.0
        ],
        [
          436.0,
          323.0
        ],
        [
          434.0,
          321.0
        ],
        [
          433.0,
          321.0
        ]
      ],
      "group_id": null,
      "shape_type": "polygon",
      "flags": {}
    },
    {
      "label": "weed",
      "text": "",
      "points": [
        [
          481.0,
          194.0
        ],
        [
          480.0,
          194.0
        ],
        [
          479.0,
          195.0
        ],
        [
          478.0,
          195.0
        ],
        [
          474.0,
          199.0
        ],
        [
          473.0,
          199.0
        ],
        [
          472.0,
          200.0
        ],
        [
          471.0,
          200.0
        ],
        [
          469.0,
          202.0
        ],
        [
          469.0,
          203.0
        ],
        [
          467.0,
          205.0
        ],
        [
          466.0,
          205.0
        ],
        [
          463.0,
          208.0
        ],
        [
          463.0,
          212.0
        ],
        [
          464.0,
          213.0
        ],
        [
          464.0,
          215.0
        ],
        [
          465.0,
          216.0
        ],
        [
          465.0,
          217.0
        ],
        [
          468.0,
          220.0
        ],
        [
          468.0,
          221.0
        ],
        [
          469.0,
          222.0
        ],
        [
          469.0,
          223.0
        ],
        [
          470.0,
          224.0
        ],
        [
          470.0,
          225.0
        ],
        [
          475.0,
          230.0
        ],
        [
          475.0,
          231.0
        ],
        [
          477.0,
          233.0
        ],
        [
          481.0,
          233.0
        ],
        [
          482.0,
          232.0
        ],
        [
          483.0,
          232.0
        ],
        [
          487.0,
          228.0
        ],
        [
          487.0,
          227.0
        ],
        [
          488.0,
          226.0
        ],
        [
          488.0,
          225.0
        ],
        [
          489.0,
          224.0
        ],
        [
          489.0,
          221.0
        ],
        [
          487.0,
          219.0
        ],
        [
          486.0,
          219.0
        ],
        [
          485.0,
          218.0
        ],
        [
          484.0,
          218.0
        ],
        [
          483.0,
          217.0
        ],
        [
          482.0,
          217.0
        ],
        [
          481.0,
          216.0
        ],
        [
          481.0,
          213.0
        ],
        [
          482.0,
          212.0
        ],
        [
          482.0,
          211.0
        ],
        [
          484.0,
          209.0
        ],
        [
          485.0,
          209.0
        ],
        [
          486.0,
          208.0
        ],
        [
          487.0,
          208.0
        ],
        [
          489.0,
          206.0
        ],
        [
          489.0,
          205.0
        ],
        [
          490.0,
          204.0
        ],
        [
          490.0,
          203.0
        ],
        [
          489.0,
          202.0
        ],
        [
          489.0,
          201.0
        ],
        [
          488.0,
          200.0
        ],
        [
          488.0,
          199.0
        ],
        [
          487.0,
          199.0
        ],
        [
          485.0,
          197.0
        ],
        [
          484.0,
          197.0
        ]
      ],
      "group_id": null,
      "shape_type": "polygon",
      "flags": {}
    },
    {
      "label": "weed",
      "text": "",
      "points": [
        [
          627.0,
          168.0
        ],
        [
          627.0,
          170.0
        ],
        [
          626.0,
          171.0
        ],
        [
          626.0,
          172.0
        ],
        [
          624.0,
          174.0
        ],
        [
          623.0,
          174.0
        ],
        [
          621.0,
          176.0
        ],
        [
          621.0,
          177.0
        ],
        [
          620.0,
          178.0
        ],
        [
          620.0,
          184.0
        ],
        [
          623.0,
          187.0
        ],
        [
          624.0,
          187.0
        ],
        [
          626.0,
          189.0
        ],
        [
          627.0,
          189.0
        ],
        [
          629.0,
          191.0
        ],
        [
          630.0,
          191.0
        ],
        [
          632.0,
          193.0
        ],
        [
          633.0,
          193.0
        ],
        [
          634.0,
          194.0
        ],
        [
          636.0,
          194.0
        ],
        [
          637.0,
          195.0
        ],
        [
          639.0,
          193.0
        ],
        [
          639.0,
          174.0
        ],
        [
          638.0,
          173.0
        ],
        [
          638.0,
          171.0
        ],
        [
          637.0,
          171.0
        ],
        [
          636.0,
          172.0
        ],
        [
          635.0,
          172.0
        ],
        [
          634.0,
          173.0
        ],
        [
          633.0,
          172.0
        ],
        [
          632.0,
          172.0
        ],
        [
          631.0,
          171.0
        ],
        [
          630.0,
          171.0
        ],
        [
          629.0,
          170.0
        ],
        [
          628.0,
          170.0
        ],
        [
          627.0,
          169.0
        ]
      ],
      "group_id": null,
      "shape_type": "polygon",
      "flags": {}
    },
    {
      "label": "weed",
      "text": "",
      "points": [
        [
          369.0,
          574.0
        ],
        [
          368.0,
          575.0
        ],
        [
          368.0,
          577.0
        ],
        [
          367.0,
          578.0
        ],
        [
          367.0,
          581.0
        ],
        [
          368.0,
          582.0
        ],
        [
          368.0,
          583.0
        ],
        [
          369.0,
          584.0
        ],
        [
          369.0,
          585.0
        ],
        [
          370.0,
          585.0
        ],
        [
          371.0,
          586.0
        ],
        [
          374.0,
          586.0
        ],
        [
          375.0,
          587.0
        ],
        [
          376.0,
          587.0
        ],
        [
          377.0,
          586.0
        ],
        [
          379.0,
          586.0
        ],
        [
          380.0,
          585.0
        ],
        [
          380.0,
          584.0
        ],
        [
          381.0,
          583.0
        ],
        [
          381.0,
          579.0
        ],
        [
          380.0,
          578.0
        ],
        [
          380.0,
          577.0
        ],
        [
          377.0,
          574.0
        ],
        [
          374.0,
          574.0
        ],
        [
          373.0,
          573.0
        ],
        [
          372.0,
          573.0
        ],
        [
          371.0,
          574.0
        ]
      ],
      "group_id": null,
      "shape_type": "polygon",
      "flags": {}
    },
    {
      "label": "weed",
      "text": "",
      "points": [
        [
          532.0,
          622.0
        ],
        [
          530.0,
          624.0
        ],
        [
          530.0,
          625.0
        ],
        [
          529.0,
          626.0
        ],
        [
          529.0,
          629.0
        ],
        [
          528.0,
          630.0
        ],
        [
          528.0,
          639.0
        ],
        [
          543.0,
          639.0
        ],
        [
          543.0,
          629.0
        ],
        [
          542.0,
          628.0
        ],
        [
          542.0,
          625.0
        ],
        [
          541.0,
          624.0
        ],
        [
          541.0,
          623.0
        ],
        [
          539.0,
          621.0
        ],
        [
          534.0,
          621.0
        ],
        [
          533.0,
          622.0
        ]
      ],
      "group_id": null,
      "shape_type": "polygon",
      "flags": {}
    }
  ],
  "imagePath": "..\\after_crop\\tile_13_5.jpg",
  "imageData": null,
  "imageHeight": 640,
  "imageWidth": 640
}