{
  "version": "0.3.3",
  "flags": {},
  "shapes": [
    {
      "label": "potato",
      "text": "",
      "points": [
        [
          158.0,
          242.0
        ],
        [
          157.0,
          243.0
        ],
        [
          157.0,
          246.0
        ],
        [
          156.0,
          247.0
        ],
        [
          156.0,
          250.0
        ],
        [
          155.0,
          251.0
        ],
        [
          155.0,
          252.0
        ],
        [
          150.0,
          257.0
        ],
        [
          147.0,
          257.0
        ],
        [
          146.0,
          258.0
        ],
        [
          143.0,
          258.0
        ],
        [
          142.0,
          259.0
        ],
        [
          141.0,
          259.0
        ],
        [
          139.0,
          261.0
        ],
        [
          139.0,
          262.0
        ],
        [
          138.0,
          263.0
        ],
        [
          138.0,
          264.0
        ],
        [
          139.0,
          265.0
        ],
        [
          139.0,
          267.0
        ],
        [
          143.0,
          273.0
        ],
        [
          143.0,
          277.0
        ],
        [
          144.0,
          278.0
        ],
        [
          143.0,
          279.0
        ],
        [
          143.0,
          283.0
        ],
        [
          142.0,
          284.0
        ],
        [
          142.0,
          286.0
        ],
        [
          139.0,
          288.0
        ],
        [
          136.0,
          288.0
        ],
        [
          133.0,
          291.0
        ],
        [
          133.0,
          292.0
        ],
        [
          132.0,
          293.0
        ],
        [
          132.0,
          295.0
        ],
        [
          134.0,
          297.0
        ],
        [
          134.0,
          298.0
        ],
        [
          140.0,
          304.0
        ],
        [
          140.0,
          305.0
        ],
        [
          142.0,
          308.0
        ],
        [
          142.0,
          310.0
        ],
        [
          143.0,
          311.0
        ],
        [
          143.0,
          315.0
        ],
        [
          144.0,
          316.0
        ],
        [
          144.0,
          322.0
        ],
        [
          147.0,
          324.0
        ],
        [
          148.0,
          323.0
        ],
        [
          151.0,
          323.0
        ],
        [
          154.0,
          321.0
        ],
        [
          156.0,
          321.0
        ],
        [
          158.0,
          323.0
        ],
        [
          158.0,
          324.0
        ],
        [
          159.0,
          325.0
        ],
        [
          159.0,
          331.0
        ],
        [
          160.0,
          332.0
        ],
        [
          160.0,
          336.0
        ],
        [
          161.0,
          337.0
        ],
        [
          161.0,
          339.0
        ],
        [
          162.0,
          340.0
        ],
        [
          165.0,
          340.0
        ],
        [
          166.0,
          339.0
        ],
        [
          167.0,
          339.0
        ],
        [
          168.0,
          338.0
        ],
        [
          168.0,
          337.0
        ],
        [
          170.0,
          335.0
        ],
        [
          170.0,
          333.0
        ],
        [
          174.0,
          329.0
        ],
        [
          175.0,
          329.0
        ],
        [
          176.0,
          330.0
        ],
        [
          178.0,
          330.0
        ],
        [
          179.0,
          331.0
        ],
        [
          180.0,
          331.0
        ],
        [
          183.0,
          334.0
        ],
        [
          184.0,
          334.0
        ],
        [
          185.0,
          335.0
        ],
        [
          185.0,
          336.0
        ],
        [
          187.0,
          339.0
        ],
        [
          187.0,
          341.0
        ],
        [
          188.0,
          342.0
        ],
        [
          188.0,
          343.0
        ],
        [
          189.0,
          343.0
        ],
        [
          190.0,
          344.0
        ],
        [
          190.0,
          345.0
        ],
        [
          193.0,
          348.0
        ],
        [
          195.0,
          348.0
        ],
        [
          196.0,
          349.0
        ],
        [
          199.0,
          349.0
        ],
        [
          200.0,
          350.0
        ],
        [
          203.0,
          348.0
        ],
        [
          203.0,
          344.0
        ],
        [
          204.0,
          343.0
        ],
        [
          203.0,
          338.0
        ],
        [
          205.0,
          336.0
        ],
        [
          211.0,
          334.0
        ],
        [
          211.0,
          333.0
        ],
        [
          212.0,
          332.0
        ],
        [
          212.0,
          329.0
        ],
        [
          213.0,
          328.0
        ],
        [
          213.0,
          320.0
        ],
        [
          214.0,
          319.0
        ],
        [
          214.0,
          315.0
        ],
        [
          215.0,
          314.0
        ],
        [
          215.0,
          312.0
        ],
        [
          217.0,
          309.0
        ],
        [
          217.0,
          307.0
        ],
        [
          218.0,
          306.0
        ],
        [
          218.0,
          305.0
        ],
        [
          219.0,
          304.0
        ],
        [
          224.0,
          304.0
        ],
        [
          225.0,
          303.0
        ],
        [
          229.0,
          303.0
        ],
        [
          231.0,
          301.0
        ],
        [
          231.0,
          297.0
        ],
        [
          230.0,
          296.0
        ],
        [
          230.0,
          292.0
        ],
        [
          229.0,
          291.0
        ],
        [
          229.0,
          290.0
        ],
        [
          228.0,
          290.0
        ],
        [
          226.0,
          288.0
        ],
        [
          224.0,
          288.0
        ],
        [
          223.0,
          287.0
        ],
        [
          220.0,
          287.0
        ],
        [
          219.0,
          286.0
        ],
        [
          218.0,
          286.0
        ],
        [
          216.0,
          284.0
        ],
        [
          216.0,
          281.0
        ],
        [
          217.0,
          280.0
        ],
        [
          217.0,
          278.0
        ],
        [
          220.0,
          275.0
        ],
        [
          220.0,
          274.0
        ],
        [
          221.0,
          273.0
        ],
        [
          221.0,
          269.0
        ],
        [
          218.0,
          266.0
        ],
        [
          215.0,
          266.0
        ],
        [
          214.0,
          265.0
        ],
        [
          212.0,
          265.0
        ],
        [
          211.0,
          264.0
        ],
        [
          201.0,
          264.0
        ],
        [
          199.0,
          262.0
        ],
        [
          197.0,
          257.0
        ],
        [
          189.0,
          249.0
        ],
        [
          187.0,
          249.0
        ],
        [
          186.0,
          248.0
        ],
        [
          184.0,
          248.0
        ],
        [
          183.0,
          249.0
        ],
        [
          178.0,
          251.0
        ],
        [
          174.0,
          255.0
        ],
        [
          172.0,
          255.0
        ],
        [
          168.0,
          251.0
        ],
        [
          166.0,
          246.0
        ],
        [
          163.0,
          243.0
        ],
        [
          162.0,
          243.0
        ],
        [
          161.0,
          242.0
        ]
      ],
      "group_id": null,
      "shape_type": "polygon",
      "flags": {}
    },
    {
      "label": "potato",
      "text": "",
      "points": [
        [
          208.0,
          395.0
        ],
        [
          207.0,
          395.0
        ],
        [
          206.0,
          394.0
        ],
        [
          198.0,
          394.0
        ],
        [
          196.0,
          396.0
        ],
        [
          189.0,
          396.0
        ],
        [
          188.0,
          395.0
        ],
        [
          181.0,
          395.0
        ],
        [
          180.0,
          394.0
        ],
        [
          178.0,
          394.0
        ],
        [
          177.0,
          393.0
        ],
        [
          172.0,
          393.0
        ],
        [
          169.0,
          396.0
        ],
        [
          169.0,
          397.0
        ],
        [
          168.0,
          398.0
        ],
        [
          168.0,
          403.0
        ],
        [
          167.0,
          404.0
        ],
        [
          167.0,
          408.0
        ],
        [
          166.0,
          409.0
        ],
        [
          166.0,
          410.0
        ],
        [
          165.0,
          411.0
        ],
        [
          165.0,
          412.0
        ],
        [
          164.0,
          413.0
        ],
        [
          164.0,
          416.0
        ],
        [
          163.0,
          417.0
        ],
        [
          163.0,
          424.0
        ],
        [
          164.0,
          425.0
        ],
        [
          164.0,
          426.0
        ],
        [
          166.0,
          428.0
        ],
        [
          167.0,
          428.0
        ],
        [
          168.0,
          429.0
        ],
        [
          169.0,
          429.0
        ],
        [
          170.0,
          430.0
        ],
        [
          174.0,
          430.0
        ],
        [
          175.0,
          431.0
        ],
        [
          175.0,
          433.0
        ],
        [
          176.0,
          434.0
        ],
        [
          176.0,
          437.0
        ],
        [
          177.0,
          438.0
        ],
        [
          177.0,
          439.0
        ],
        [
          178.0,
          440.0
        ],
        [
          179.0,
          440.0
        ],
        [
          180.0,
          441.0
        ],
        [
          182.0,
          441.0
        ],
        [
          183.0,
          440.0
        ],
        [
          185.0,
          440.0
        ],
        [
          186.0,
          439.0
        ],
        [
          188.0,
          439.0
        ],
        [
          189.0,
          438.0
        ],
        [
          190.0,
          438.0
        ],
        [
          191.0,
          437.0
        ],
        [
          192.0,
          437.0
        ],
        [
          193.0,
          436.0
        ],
        [
          193.0,
          435.0
        ],
        [
          194.0,
          434.0
        ],
        [
          194.0,
          432.0
        ],
        [
          195.0,
          431.0
        ],
        [
          195.0,
          430.0
        ],
        [
          196.0,
          429.0
        ],
        [
          199.0,
          429.0
        ],
        [
          199.0,
          428.0
        ],
        [
          200.0,
          427.0
        ],
        [
          200.0,
          425.0
        ],
        [
          202.0,
          423.0
        ],
        [
          204.0,
          423.0
        ],
        [
          205.0,
          422.0
        ],
        [
          207.0,
          422.0
        ],
        [
          208.0,
          421.0
        ],
        [
          209.0,
          421.0
        ],
        [
          209.0,
          420.0
        ],
        [
          210.0,
          419.0
        ],
        [
          210.0,
          418.0
        ],
        [
          211.0,
          417.0
        ],
        [
          211.0,
          415.0
        ],
        [
          212.0,
          414.0
        ],
        [
          211.0,
          413.0
        ],
        [
          211.0,
          411.0
        ],
        [
          208.0,
          408.0
        ],
        [
          208.0,
          404.0
        ],
        [
          209.0,
          403.0
        ],
        [
          209.0,
          402.0
        ],
        [
          210.0,
          401.0
        ],
        [
          210.0,
          398.0
        ],
        [
          209.0,
          397.0
        ],
        [
          209.0,
          396.0
        ]
      ],
      "group_id": null,
      "shape_type": "polygon",
      "flags": {}
    },
    {
      "label": "potato",
      "text": "",
      "points": [
        [
          190.0,
          498.0
        ],
        [
          184.0,
          498.0
        ],
        [
          183.0,
          499.0
        ],
        [
          182.0,
          499.0
        ],
        [
          181.0,
          500.0
        ],
        [
          180.0,
          500.0
        ],
        [
          175.0,
          505.0
        ],
        [
          174.0,
          505.0
        ],
        [
          173.0,
          506.0
        ],
        [
          171.0,
          506.0
        ],
        [
          170.0,
          507.0
        ],
        [
          169.0,
          506.0
        ],
        [
          168.0,
          506.0
        ],
        [
          165.0,
          503.0
        ],
        [
          164.0,
          503.0
        ],
        [
          163.0,
          502.0
        ],
        [
          162.0,
          502.0
        ],
        [
          161.0,
          503.0
        ],
        [
          160.0,
          503.0
        ],
        [
          160.0,
          504.0
        ],
        [
          158.0,
          506.0
        ],
        [
          158.0,
          507.0
        ],
        [
          156.0,
          509.0
        ],
        [
          156.0,
          510.0
        ],
        [
          155.0,
          511.0
        ],
        [
          154.0,
          511.0
        ],
        [
          151.0,
          514.0
        ],
        [
          151.0,
          518.0
        ],
        [
          154.0,
          521.0
        ],
        [
          154.0,
          522.0
        ],
        [
          155.0,
          523.0
        ],
        [
          155.0,
          535.0
        ],
        [
          156.0,
          536.0
        ],
        [
          156.0,
          537.0
        ],
        [
          157.0,
          537.0
        ],
        [
          159.0,
          539.0
        ],
        [
          160.0,
          539.0
        ],
        [
          161.0,
          540.0
        ],
        [
          162.0,
          540.0
        ],
        [
          165.0,
          543.0
        ],
        [
          166.0,
          543.0
        ],
        [
          168.0,
          545.0
        ],
        [
          168.0,
          547.0
        ],
        [
          169.0,
          548.0
        ],
        [
          169.0,
          549.0
        ],
        [
          168.0,
          550.0
        ],
        [
          168.0,
          553.0
        ],
        [
          169.0,
          554.0
        ],
        [
          169.0,
          561.0
        ],
        [
          168.0,
          562.0
        ],
        [
          168.0,
          563.0
        ],
        [
          169.0,
          564.0
        ],
        [
          169.0,
          565.0
        ],
        [
          170.0,
          566.0
        ],
        [
          170.0,
          568.0
        ],
        [
          173.0,
          571.0
        ],
        [
          175.0,
          571.0
        ],
        [
          176.0,
          570.0
        ],
        [
          178.0,
          570.0
        ],
        [
          179.0,
          569.0
        ],
        [
          180.0,
          569.0
        ],
        [
          182.0,
          567.0
        ],
        [
          182.0,
          566.0
        ],
        [
          183.0,
          565.0
        ],
        [
          183.0,
          564.0
        ],
        [
          185.0,
          562.0
        ],
        [
          186.0,
          562.0
        ],
        [
          191.0,
          557.0
        ],
        [
          192.0,
          557.0
        ],
        [
          193.0,
          556.0
        ],
        [
          200.0,
          556.0
        ],
        [
          202.0,
          554.0
        ],
        [
          202.0,
          550.0
        ],
        [
          203.0,
          549.0
        ],
        [
          203.0,
          548.0
        ],
        [
          202.0,
          547.0
        ],
        [
          202.0,
          543.0
        ],
        [
          201.0,
          542.0
        ],
        [
          201.0,
          541.0
        ],
        [
          200.0,
          540.0
        ],
        [
          200.0,
          539.0
        ],
        [
          193.0,
          532.0
        ],
        [
          193.0,
          531.0
        ],
        [
          191.0,
          529.0
        ],
        [
          191.0,
          528.0
        ],
        [
          186.0,
          523.0
        ],
        [
          186.0,
          519.0
        ],
        [
          187.0,
          518.0
        ],
        [
          187.0,
          516.0
        ],
        [
          188.0,
          515.0
        ],
        [
          188.0,
          514.0
        ],
        [
          191.0,
          511.0
        ],
        [
          191.0,
          510.0
        ],
        [
          192.0,
          509.0
        ],
        [
          192.0,
          501.0
        ],
        [
          191.0,
          500.0
        ],
        [
          191.0,
          499.0
        ]
      ],
      "group_id": null,
      "shape_type": "polygon",
      "flags": {}
    },
    {
      "label": "potato",
      "text": "",
      "points": [
        [
          479.0,
          487.0
        ],
        [
          476.0,
          487.0
        ],
        [
          474.0,
          489.0
        ],
        [
          474.0,
          490.0
        ],
        [
          473.0,
          491.0
        ],
        [
          473.0,
          493.0
        ],
        [
          469.0,
          497.0
        ],
        [
          466.0,
          497.0
        ],
        [
          465.0,
          498.0
        ],
        [
          465.0,
          499.0
        ],
        [
          464.0,
          500.0
        ],
        [
          464.0,
          502.0
        ],
        [
          465.0,
          503.0
        ],
        [
          465.0,
          506.0
        ],
        [
          466.0,
          507.0
        ],
        [
          466.0,
          508.0
        ],
        [
          465.0,
          509.0
        ],
        [
          465.0,
          511.0
        ],
        [
          457.0,
          520.0
        ],
        [
          455.0,
          520.0
        ],
        [
          452.0,
          517.0
        ],
        [
          452.0,
          516.0
        ],
        [
          450.0,
          514.0
        ],
        [
          443.0,
          514.0
        ],
        [
          442.0,
          515.0
        ],
        [
          441.0,
          515.0
        ],
        [
          440.0,
          516.0
        ],
        [
          439.0,
          516.0
        ],
        [
          438.0,
          517.0
        ],
        [
          435.0,
          518.0
        ],
        [
          433.0,
          520.0
        ],
        [
          433.0,
          521.0
        ],
        [
          432.0,
          522.0
        ],
        [
          432.0,
          526.0
        ],
        [
          433.0,
          527.0
        ],
        [
          433.0,
          530.0
        ],
        [
          434.0,
          531.0
        ],
        [
          434.0,
          534.0
        ],
        [
          435.0,
          535.0
        ],
        [
          436.0,
          538.0
        ],
        [
          438.0,
          540.0
        ],
        [
          438.0,
          541.0
        ],
        [
          441.0,
          543.0
        ],
        [
          443.0,
          543.0
        ],
        [
          444.0,
          544.0
        ],
        [
          447.0,
          544.0
        ],
        [
          448.0,
          545.0
        ],
        [
          448.0,
          547.0
        ],
        [
          449.0,
          548.0
        ],
        [
          449.0,
          555.0
        ],
        [
          452.0,
          560.0
        ],
        [
          452.0,
          571.0
        ],
        [
          453.0,
          572.0
        ],
        [
          453.0,
          577.0
        ],
        [
          454.0,
          578.0
        ],
        [
          454.0,
          579.0
        ],
        [
          456.0,
          581.0
        ],
        [
          464.0,
          581.0
        ],
        [
          467.0,
          579.0
        ],
        [
          467.0,
          578.0
        ],
        [
          469.0,
          575.0
        ],
        [
          469.0,
          567.0
        ],
        [
          472.0,
          564.0
        ],
        [
          473.0,
          564.0
        ],
        [
          475.0,
          566.0
        ],
        [
          482.0,
          566.0
        ],
        [
          485.0,
          563.0
        ],
        [
          485.0,
          562.0
        ],
        [
          489.0,
          558.0
        ],
        [
          491.0,
          558.0
        ],
        [
          492.0,
          557.0
        ],
        [
          494.0,
          557.0
        ],
        [
          495.0,
          556.0
        ],
        [
          496.0,
          556.0
        ],
        [
          497.0,
          557.0
        ],
        [
          499.0,
          557.0
        ],
        [
          500.0,
          558.0
        ],
        [
          502.0,
          558.0
        ],
        [
          503.0,
          559.0
        ],
        [
          504.0,
          559.0
        ],
        [
          505.0,
          558.0
        ],
        [
          508.0,
          557.0
        ],
        [
          509.0,
          556.0
        ],
        [
          509.0,
          554.0
        ],
        [
          510.0,
          553.0
        ],
        [
          510.0,
          551.0
        ],
        [
          509.0,
          550.0
        ],
        [
          509.0,
          546.0
        ],
        [
          512.0,
          543.0
        ],
        [
          514.0,
          543.0
        ],
        [
          515.0,
          542.0
        ],
        [
          516.0,
          542.0
        ],
        [
          520.0,
          538.0
        ],
        [
          520.0,
          537.0
        ],
        [
          522.0,
          535.0
        ],
        [
          522.0,
          534.0
        ],
        [
          523.0,
          533.0
        ],
        [
          523.0,
          525.0
        ],
        [
          524.0,
          524.0
        ],
        [
          524.0,
          523.0
        ],
        [
          523.0,
          522.0
        ],
        [
          523.0,
          521.0
        ],
        [
          520.0,
          518.0
        ],
        [
          520.0,
          516.0
        ],
        [
          519.0,
          515.0
        ],
        [
          519.0,
          514.0
        ],
        [
          517.0,
          512.0
        ],
        [
          516.0,
          512.0
        ],
        [
          515.0,
          511.0
        ],
        [
          513.0,
          511.0
        ],
        [
          511.0,
          513.0
        ],
        [
          510.0,
          513.0
        ],
        [
          509.0,
          514.0
        ],
        [
          498.0,
          514.0
        ],
        [
          497.0,
          513.0
        ],
        [
          494.0,
          513.0
        ],
        [
          492.0,
          511.0
        ],
        [
          492.0,
          507.0
        ],
        [
          494.0,
          505.0
        ],
        [
          494.0,
          496.0
        ],
        [
          493.0,
          495.0
        ],
        [
          493.0,
          494.0
        ],
        [
          488.0,
          490.0
        ],
        [
          485.0,
          490.0
        ],
        [
          484.0,
          489.0
        ],
        [
          483.0,
          489.0
        ],
        [
          482.0,
          488.0
        ],
        [
          480.0,
          488.0
        ]
      ],
      "group_id": null,
      "shape_type": "polygon",
      "flags": {}
    },
    {
      "label": "weed",
      "text": "",
      "points": [
        [
          18.0,
          0.0
        ],
        [
          18.0,
          2.0
        ],
        [
          19.0,
          3.0
        ],
        [
          19.0,
          7.0
        ],
        [
          20.0,
          8.0
        ],
        [
          20.0,
          9.0
        ],
        [
          22.0,
          11.0
        ],
        [
          25.0,
          11.0
        ],
        [
          27.0,
          9.0
        ],
        [
          29.0,
          9.0
        ],
        [
          30.0,
          8.0
        ],
        [
          32.0,
          8.0
        ],
        [
          34.0,
          10.0
        ],
        [
          35.0,
          10.0
        ],
        [
          41.0,
          16.0
        ],
        [
          42.0,
          16.0
        ],
        [
          43.0,
          17.0
        ],
        [
          44.0,
          17.0
        ],
        [
          50.0,
          23.0
        ],
        [
          51.0,
          23.0
        ],
        [
          52.0,
          24.0
        ],
        [
          54.0,
          24.0
        ],
        [
          55.0,
          23.0
        ],
        [
          55.0,
          18.0
        ],
        [
          56.0,
          17.0
        ],
        [
          56.0,
          10.0
        ],
        [
          57.0,
          9.0
        ],
        [
          57.0,
          6.0
        ],
        [
          58.0,
          5.0
        ],
        [
          58.0,
          3.0
        ],
        [
          59.0,
          2.0
        ],
        [
          59.0,
          0.0
        ]
      ],
      "group_id": null,
      "shape_type": "polygon",
      "flags": {}
    },
    {
      "label": "weed",
      "text": "",
      "points": [
        [
          75.0,
          242.0
        ],
        [
          72.0,
          242.0
        ],
        [
          71.0,
          243.0
        ],
        [
          69.0,
          243.0
        ],
        [
          68.0,
          244.0
        ],
        [
          68.0,
          245.0
        ],
        [
          67.0,
          246.0
        ],
        [
          67.0,
          252.0
        ],
        [
          68.0,
          253.0
        ],
        [
          68.0,
          254.0
        ],
        [
          70.0,
          256.0
        ],
        [
          71.0,
          256.0
        ],
        [
          72.0,
          257.0
        ],
        [
          73.0,
          257.0
        ],
        [
          74.0,
          256.0
        ],
        [
          76.0,
          256.0
        ],
        [
          77.0,
          255.0
        ],
        [
          78.0,
          255.0
        ],
        [
          79.0,
          254.0
        ],
        [
          79.0,
          253.0
        ],
        [
          80.0,
          252.0
        ],
        [
          80.0,
          246.0
        ],
        [
          79.0,
          245.0
        ],
        [
          79.0,
          244.0
        ],
        [
          78.0,
          244.0
        ],
        [
          77.0,
          243.0
        ],
        [
          76.0,
          243.0
        ]
      ],
      "group_id": null,
      "shape_type": "polygon",
      "flags": {}
    },
    {
      "label": "weed",
      "text": "",
      "points": [
        [
          57.0,
          288.0
        ],
        [
          54.0,
          291.0
        ],
        [
          54.0,
          293.0
        ],
        [
          53.0,
          294.0
        ],
        [
          53.0,
          298.0
        ],
        [
          54.0,
          299.0
        ],
        [
          54.0,
          304.0
        ],
        [
          55.0,
          305.0
        ],
        [
          62.0,
          305.0
        ],
        [
          63.0,
          304.0
        ],
        [
          64.0,
          304.0
        ],
        [
          64.0,
          303.0
        ],
        [
          65.0,
          302.0
        ],
        [
          65.0,
          290.0
        ],
        [
          63.0,
          288.0
        ]
      ],
      "group_id": null,
      "shape_type": "polygon",
      "flags": {}
    },
    {
      "label": "weed",
      "text": "",
      "points": [
        [
          55.0,
          200.0
        ],
        [
          54.0,
          201.0
        ],
        [
          54.0,
          203.0
        ],
        [
          53.0,
          204.0
        ],
        [
          53.0,
          205.0
        ],
        [
          51.0,
          207.0
        ],
        [
          54.0,
          210.0
        ],
        [
          54.0,
          212.0
        ],
        [
          55.0,
          213.0
        ],
        [
          55.0,
          216.0
        ],
        [
          56.0,
          217.0
        ],
        [
          62.0,
          217.0
        ],
        [
          63.0,
          216.0
        ],
        [
          63.0,
          215.0
        ],
        [
          64.0,
          214.0
        ],
        [
          64.0,
          213.0
        ],
        [
          65.0,
          212.0
        ],
        [
          65.0,
          207.0
        ],
        [
          62.0,
          204.0
        ],
        [
          62.0,
          203.0
        ],
        [
          61.0,
          202.0
        ],
        [
          61.0,
          201.0
        ],
        [
          60.0,
          201.0
        ],
        [
          59.0,
          200.0
        ]
      ],
      "group_id": null,
      "shape_type": "polygon",
      "flags": {}
    },
    {
      "label": "weed",
      "text": "",
      "points": [
        [
          47.0,
          422.0
        ],
        [
          47.0,
          425.0
        ],
        [
          46.0,
          426.0
        ],
        [
          46.0,
          427.0
        ],
        [
          45.0,
          428.0
        ],
        [
          45.0,
          433.0
        ],
        [
          49.0,
          437.0
        ],
        [
          52.0,
          437.0
        ],
        [
          53.0,
          438.0
        ],
        [
          55.0,
          438.0
        ],
        [
          56.0,
          437.0
        ],
        [
          60.0,
          437.0
        ],
        [
          61.0,
          436.0
        ],
        [
          62.0,
          436.0
        ],
        [
          63.0,
          435.0
        ],
        [
          63.0,
          428.0
        ],
        [
          62.0,
          427.0
        ],
        [
          62.0,
          426.0
        ],
        [
          60.0,
          424.0
        ],
        [
          59.0,
          424.0
        ],
        [
          58.0,
          423.0
        ],
        [
          57.0,
          423.0
        ],
        [
          56.0,
          422.0
        ],
        [
          55.0,
          422.0
        ],
        [
          54.0,
          421.0
        ],
        [
          52.0,
          421.0
        ],
        [
          51.0,
          422.0
        ]
      ],
      "group_id": null,
      "shape_type": "polygon",
      "flags": {}
    },
    {
      "label": "weed",
      "text": "",
      "points": [
        [
          151.0,
          432.0
        ],
        [
          145.0,
          432.0
        ],
        [
          144.0,
          431.0
        ],
        [
          143.0,
          431.0
        ],
        [
          142.0,
          430.0
        ],
        [
          131.0,
          430.0
        ],
        [
          130.0,
          431.0
        ],
        [
          129.0,
          431.0
        ],
        [
          128.0,
          432.0
        ],
        [
          127.0,
          432.0
        ],
        [
          124.0,
          435.0
        ],
        [
          124.0,
          436.0
        ],
        [
          123.0,
          437.0
        ],
        [
          123.0,
          439.0
        ],
        [
          122.0,
          440.0
        ],
        [
          122.0,
          441.0
        ],
        [
          123.0,
          442.0
        ],
        [
          123.0,
          447.0
        ],
        [
          124.0,
          448.0
        ],
        [
          124.0,
          453.0
        ],
        [
          125.0,
          454.0
        ],
        [
          125.0,
          456.0
        ],
        [
          126.0,
          457.0
        ],
        [
          126.0,
          458.0
        ],
        [
          129.0,
          461.0
        ],
        [
          132.0,
          461.0
        ],
        [
          133.0,
          460.0
        ],
        [
          134.0,
          460.0
        ],
        [
          138.0,
          456.0
        ],
        [
          139.0,
          456.0
        ],
        [
          141.0,
          454.0
        ],
        [
          143.0,
          454.0
        ],
        [
          145.0,
          452.0
        ],
        [
          147.0,
          452.0
        ],
        [
          148.0,
          451.0
        ],
        [
          150.0,
          451.0
        ],
        [
          157.0,
          444.0
        ],
        [
          157.0,
          442.0
        ],
        [
          158.0,
          441.0
        ],
        [
          157.0,
          440.0
        ],
        [
          157.0,
          438.0
        ]
      ],
      "group_id": null,
      "shape_type": "polygon",
      "flags": {}
    },
    {
      "label": "weed",
      "text": "",
      "points": [
        [
          57.0,
          600.0
        ],
        [
          54.0,
          603.0
        ],
        [
          54.0,
          607.0
        ],
        [
          55.0,
          608.0
        ],
        [
          55.0,
          619.0
        ],
        [
          56.0,
          620.0
        ],
        [
          56.0,
          621.0
        ],
        [
          59.0,
          624.0
        ],
        [
          62.0,
          624.0
        ],
        [
          63.0,
          625.0
        ],
        [
          65.0,
          625.0
        ],
        [
          70.0,
          620.0
        ],
        [
          70.0,
          614.0
        ],
        [
          65.0,
          609.0
        ],
        [
          65.0,
          608.0
        ],
        [
          64.0,
          607.0
        ],
        [
          64.0,
          605.0
        ],
        [
          63.0,
          604.0
        ],
        [
          63.0,
          603.0
        ],
        [
          62.0,
          602.0
        ],
        [
          62.0,
          601.0
        ],
        [
          61.0,
          601.0
        ],
        [
          60.0,
          600.0
        ]
      ],
      "group_id": null,
      "shape_type": "polygon",
      "flags": {}
    },
    {
      "label": "weed",
      "text": "",
      "points": [
        [
          333.0,
          337.0
        ],
        [
          330.0,
          337.0
        ],
        [
          329.0,
          338.0
        ],
        [
          328.0,
          338.0
        ],
        [
          322.0,
          344.0
        ],
        [
          322.0,
          347.0
        ],
        [
          321.0,
          348.0
        ],
        [
          321.0,
          349.0
        ],
        [
          320.0,
          350.0
        ],
        [
          320.0,
          351.0
        ],
        [
          318.0,
          353.0
        ],
        [
          317.0,
          353.0
        ],
        [
          316.0,
          354.0
        ],
        [
          315.0,
          354.0
        ],
        [
          313.0,
          356.0
        ],
        [
          313.0,
          358.0
        ],
        [
          312.0,
          359.0
        ],
        [
          312.0,
          363.0
        ],
        [
          313.0,
          364.0
        ],
        [
          313.0,
          366.0
        ],
        [
          319.0,
          372.0
        ],
        [
          319.0,
          373.0
        ],
        [
          322.0,
          376.0
        ],
        [
          324.0,
          376.0
        ],
        [
          325.0,
          377.0
        ],
        [
          335.0,
          377.0
        ],
        [
          336.0,
          376.0
        ],
        [
          337.0,
          376.0
        ],
        [
          345.0,
          368.0
        ],
        [
          346.0,
          368.0
        ],
        [
          347.0,
          367.0
        ],
        [
          348.0,
          367.0
        ],
        [
          349.0,
          366.0
        ],
        [
          350.0,
          366.0
        ],
        [
          352.0,
          364.0
        ],
        [
          352.0,
          362.0
        ],
        [
          353.0,
          361.0
        ],
        [
          353.0,
          360.0
        ],
        [
          352.0,
          359.0
        ],
        [
          352.0,
          356.0
        ],
        [
          350.0,
          354.0
        ],
        [
          349.0,
          354.0
        ],
        [
          348.0,
          353.0
        ],
        [
          348.0,
          352.0
        ],
        [
          347.0,
          351.0
        ],
        [
          347.0,
          349.0
        ],
        [
          346.0,
          348.0
        ],
        [
          346.0,
          346.0
        ],
        [
          345.0,
          345.0
        ],
        [
          345.0,
          343.0
        ],
        [
          344.0,
          343.0
        ],
        [
          343.0,
          342.0
        ],
        [
          341.0,
          342.0
        ],
        [
          340.0,
          341.0
        ],
        [
          339.0,
          341.0
        ],
        [
          338.0,
          340.0
        ],
        [
          337.0,
          340.0
        ],
        [
          336.0,
          339.0
        ],
        [
          335.0,
          339.0
        ]
      ],
      "group_id": null,
      "shape_type": "polygon",
      "flags": {}
    },
    {
      "label": "weed",
      "text": "",
      "points": [
        [
          274.0,
          187.0
        ],
        [
          273.0,
          188.0
        ],
        [
          270.0,
          188.0
        ],
        [
          269.0,
          189.0
        ],
        [
          268.0,
          189.0
        ],
        [
          265.0,
          192.0
        ],
        [
          265.0,
          196.0
        ],
        [
          266.0,
          197.0
        ],
        [
          266.0,
          198.0
        ],
        [
          269.0,
          201.0
        ],
        [
          270.0,
          201.0
        ],
        [
          271.0,
          202.0
        ],
        [
          273.0,
          202.0
        ],
        [
          274.0,
          203.0
        ],
        [
          275.0,
          203.0
        ],
        [
          276.0,
          202.0
        ],
        [
          277.0,
          202.0
        ],
        [
          279.0,
          200.0
        ],
        [
          279.0,
          199.0
        ],
        [
          280.0,
          198.0
        ],
        [
          280.0,
          190.0
        ],
        [
          279.0,
          189.0
        ],
        [
          278.0,
          189.0
        ],
        [
          277.0,
          188.0
        ],
        [
          276.0,
          188.0
        ],
        [
          275.0,
          187.0
        ]
      ],
      "group_id": null,
      "shape_type": "polygon",
      "flags": {}
    },
    {
      "label": "weed",
      "text": "",
      "points": [
        [
          319.0,
          49.0
        ],
        [
          318.0,
          50.0
        ],
        [
          317.0,
          50.0
        ],
        [
          315.0,
          52.0
        ],
        [
          314.0,
          52.0
        ],
        [
          312.0,
          54.0
        ],
        [
          311.0,
          54.0
        ],
        [
          309.0,
          56.0
        ],
        [
          308.0,
          56.0
        ],
        [
          306.0,
          58.0
        ],
        [
          305.0,
          58.0
        ],
        [
          304.0,
          59.0
        ],
        [
          304.0,
          60.0
        ],
        [
          301.0,
          63.0
        ],
        [
          296.0,
          63.0
        ],
        [
          295.0,
          64.0
        ],
        [
          293.0,
          64.0
        ],
        [
          292.0,
          65.0
        ],
        [
          292.0,
          66.0
        ],
        [
          293.0,
          67.0
        ],
        [
          293.0,
          68.0
        ],
        [
          294.0,
          69.0
        ],
        [
          294.0,
          73.0
        ],
        [
          293.0,
          74.0
        ],
        [
          293.0,
          81.0
        ],
        [
          294.0,
          82.0
        ],
        [
          294.0,
          84.0
        ],
        [
          295.0,
          85.0
        ],
        [
          295.0,
          86.0
        ],
        [
          297.0,
          88.0
        ],
        [
          297.0,
          89.0
        ],
        [
          298.0,
          90.0
        ],
        [
          303.0,
          90.0
        ],
        [
          304.0,
          89.0
        ],
        [
          305.0,
          89.0
        ],
        [
          306.0,
          88.0
        ],
        [
          307.0,
          88.0
        ],
        [
          308.0,
          87.0
        ],
        [
          311.0,
          87.0
        ],
        [
          314.0,
          84.0
        ],
        [
          314.0,
          83.0
        ],
        [
          315.0,
          82.0
        ],
        [
          315.0,
          78.0
        ],
        [
          316.0,
          77.0
        ],
        [
          316.0,
          74.0
        ],
        [
          315.0,
          73.0
        ],
        [
          315.0,
          68.0
        ],
        [
          316.0,
          67.0
        ],
        [
          316.0,
          64.0
        ],
        [
          317.0,
          63.0
        ],
        [
          317.0,
          60.0
        ],
        [
          318.0,
          59.0
        ],
        [
          318.0,
          56.0
        ],
        [
          319.0,
          55.0
        ],
        [
          319.0,
          53.0
        ],
        [
          320.0,
          52.0
        ],
        [
          320.0,
          50.0
        ]
      ],
      "group_id": null,
      "shape_type": "polygon",
      "flags": {}
    },
    {
      "label": "potato",
      "text": "",
      "points": [
        [
          462.0,
          190.0
        ],
        [
          461.0,
          189.0
        ],
        [
          461.0,
          188.0
        ],
        [
          460.0,
          187.0
        ],
        [
          459.0,
          187.0
        ],
        [
          458.0,
          186.0
        ],
        [
          456.0,
          186.0
        ],
        [
          455.0,
          185.0
        ],
        [
          453.0,
          185.0
        ],
        [
          452.0,
          184.0
        ],
        [
          451.0,
          184.0
        ],
        [
          450.0,
          183.0
        ],
        [
          448.0,
          183.0
        ],
        [
          447.0,
          184.0
        ],
        [
          446.0,
          184.0
        ],
        [
          445.0,
          185.0
        ],
        [
          430.0,
          185.0
        ],
        [
          429.0,
          186.0
        ],
        [
          428.0,
          186.0
        ],
        [
          428.0,
          188.0
        ],
        [
          427.0,
          189.0
        ],
        [
          427.0,
          193.0
        ],
        [
          428.0,
          194.0
        ],
        [
          428.0,
          197.0
        ],
        [
          429.0,
          198.0
        ],
        [
          429.0,
          200.0
        ],
        [
          430.0,
          201.0
        ],
        [
          430.0,
          202.0
        ],
        [
          431.0,
          203.0
        ],
        [
          432.0,
          203.0
        ],
        [
          434.0,
          205.0
        ],
        [
          435.0,
          205.0
        ],
        [
          436.0,
          206.0
        ],
        [
          437.0,
          206.0
        ],
        [
          438.0,
          207.0
        ],
        [
          440.0,
          207.0
        ],
        [
          441.0,
          208.0
        ],
        [
          445.0,
          208.0
        ],
        [
          446.0,
          207.0
        ],
        [
          449.0,
          207.0
        ],
        [
          450.0,
          206.0
        ],
        [
          453.0,
          206.0
        ],
        [
          454.0,
          205.0
        ],
        [
          454.0,
          204.0
        ],
        [
          455.0,
          203.0
        ],
        [
          455.0,
          202.0
        ],
        [
          456.0,
          201.0
        ],
        [
          456.0,
          199.0
        ],
        [
          461.0,
          194.0
        ],
        [
          461.0,
          192.0
        ],
        [
          462.0,
          191.0
        ]
      ],
      "group_id": null,
      "shape_type": "polygon",
      "flags": {}
    },
    {
      "label": "potato",
      "text": "",
      "points": [
        [
          450.0,
          248.0
        ],
        [
          449.0,
          249.0
        ],
        [
          448.0,
          249.0
        ],
        [
          446.0,
          251.0
        ],
        [
          446.0,
          252.0
        ],
        [
          444.0,
          254.0
        ],
        [
          444.0,
          259.0
        ],
        [
          439.0,
          264.0
        ],
        [
          439.0,
          270.0
        ],
        [
          438.0,
          271.0
        ],
        [
          439.0,
          272.0
        ],
        [
          439.0,
          275.0
        ],
        [
          441.0,
          277.0
        ],
        [
          442.0,
          277.0
        ],
        [
          443.0,
          278.0
        ],
        [
          444.0,
          278.0
        ],
        [
          445.0,
          279.0
        ],
        [
          446.0,
          279.0
        ],
        [
          450.0,
          283.0
        ],
        [
          451.0,
          283.0
        ],
        [
          452.0,
          282.0
        ],
        [
          453.0,
          282.0
        ],
        [
          456.0,
          279.0
        ],
        [
          456.0,
          278.0
        ],
        [
          458.0,
          276.0
        ],
        [
          458.0,
          266.0
        ],
        [
          457.0,
          265.0
        ],
        [
          457.0,
          259.0
        ],
        [
          456.0,
          258.0
        ],
        [
          456.0,
          257.0
        ],
        [
          455.0,
          256.0
        ],
        [
          455.0,
          253.0
        ]
      ],
      "group_id": null,
      "shape_type": "polygon",
      "flags": {}
    },
    {
      "label": "weed",
      "text": "",
      "points": [
        [
          580.0,
          298.0
        ],
        [
          579.0,
          299.0
        ],
        [
          579.0,
          300.0
        ],
        [
          578.0,
          301.0
        ],
        [
          578.0,
          306.0
        ],
        [
          579.0,
          307.0
        ],
        [
          579.0,
          309.0
        ],
        [
          581.0,
          311.0
        ],
        [
          581.0,
          312.0
        ],
        [
          582.0,
          313.0
        ],
        [
          582.0,
          314.0
        ],
        [
          583.0,
          314.0
        ],
        [
          584.0,
          315.0
        ],
        [
          586.0,
          315.0
        ],
        [
          587.0,
          316.0
        ],
        [
          588.0,
          316.0
        ],
        [
          589.0,
          317.0
        ],
        [
          591.0,
          317.0
        ],
        [
          592.0,
          316.0
        ],
        [
          594.0,
          316.0
        ],
        [
          596.0,
          314.0
        ],
        [
          596.0,
          313.0
        ],
        [
          597.0,
          312.0
        ],
        [
          597.0,
          305.0
        ],
        [
          594.0,
          302.0
        ],
        [
          593.0,
          302.0
        ],
        [
          592.0,
          301.0
        ],
        [
          591.0,
          301.0
        ],
        [
          588.0,
          298.0
        ],
        [
          587.0,
          298.0
        ],
        [
          586.0,
          297.0
        ],
        [
          582.0,
          297.0
        ],
        [
          581.0,
          298.0
        ]
      ],
      "group_id": null,
      "shape_type": "polygon",
      "flags": {}
    },
    {
      "label": "weed",
      "text": "",
      "points": [
        [
          324.0,
          302.0
        ],
        [
          324.0,
          303.0
        ],
        [
          323.0,
          304.0
        ],
        [
          323.0,
          306.0
        ],
        [
          326.0,
          309.0
        ],
        [
          327.0,
          309.0
        ],
        [
          328.0,
          310.0
        ],
        [
          329.0,
          310.0
        ],
        [
          330.0,
          311.0
        ],
        [
          331.0,
          311.0
        ],
        [
          332.0,
          312.0
        ],
        [
          333.0,
          312.0
        ],
        [
          334.0,
          313.0
        ],
        [
          338.0,
          313.0
        ],
        [
          340.0,
          311.0
        ],
        [
          340.0,
          310.0
        ],
        [
          341.0,
          309.0
        ],
        [
          341.0,
          304.0
        ],
        [
          340.0,
          303.0
        ],
        [
          340.0,
          302.0
        ],
        [
          339.0,
          301.0
        ],
        [
          339.0,
          300.0
        ],
        [
          338.0,
          299.0
        ],
        [
          338.0,
          298.0
        ],
        [
          331.0,
          298.0
        ],
        [
          330.0,
          299.0
        ],
        [
          328.0,
          299.0
        ],
        [
          326.0,
          301.0
        ],
        [
          325.0,
          301.0
        ]
      ],
      "group_id": null,
      "shape_type": "polygon",
      "flags": {}
    },
    {
      "label": "weed",
      "text": "",
      "points": [
        [
          375.0,
          421.0
        ],
        [
          375.0,
          419.0
        ],
        [
          374.0,
          420.0
        ],
        [
          372.0,
          420.0
        ],
        [
          371.0,
          419.0
        ],
        [
          370.0,
          419.0
        ],
        [
          368.0,
          417.0
        ],
        [
          367.0,
          417.0
        ],
        [
          365.0,
          415.0
        ],
        [
          365.0,
          411.0
        ],
        [
          366.0,
          410.0
        ],
        [
          366.0,
          409.0
        ],
        [
          367.0,
          408.0
        ],
        [
          367.0,
          407.0
        ],
        [
          368.0,
          406.0
        ],
        [
          368.0,
          403.0
        ],
        [
          364.0,
          399.0
        ],
        [
          364.0,
          396.0
        ],
        [
          365.0,
          395.0
        ],
        [
          365.0,
          392.0
        ],
        [
          364.0,
          391.0
        ],
        [
          363.0,
          391.0
        ],
        [
          362.0,
          392.0
        ],
        [
          361.0,
          392.0
        ],
        [
          359.0,
          394.0
        ],
        [
          358.0,
          394.0
        ],
        [
          357.0,
          395.0
        ],
        [
          354.0,
          395.0
        ],
        [
          353.0,
          396.0
        ],
        [
          351.0,
          396.0
        ],
        [
          350.0,
          397.0
        ],
        [
          333.0,
          397.0
        ],
        [
          332.0,
          398.0
        ],
        [
          332.0,
          405.0
        ],
        [
          331.0,
          406.0
        ],
        [
          331.0,
          407.0
        ],
        [
          330.0,
          408.0
        ],
        [
          329.0,
          408.0
        ],
        [
          326.0,
          411.0
        ],
        [
          325.0,
          411.0
        ],
        [
          324.0,
          412.0
        ],
        [
          324.0,
          413.0
        ],
        [
          326.0,
          415.0
        ],
        [
          326.0,
          416.0
        ],
        [
          330.0,
          420.0
        ],
        [
          337.0,
          420.0
        ],
        [
          338.0,
          419.0
        ],
        [
          342.0,
          419.0
        ],
        [
          345.0,
          422.0
        ],
        [
          346.0,
          422.0
        ],
        [
          347.0,
          421.0
        ],
        [
          347.0,
          413.0
        ],
        [
          349.0,
          411.0
        ],
        [
          351.0,
          411.0
        ],
        [
          352.0,
          412.0
        ],
        [
          355.0,
          412.0
        ],
        [
          356.0,
          413.0
        ],
        [
          357.0,
          413.0
        ],
        [
          358.0,
          414.0
        ],
        [
          358.0,
          415.0
        ],
        [
          359.0,
          416.0
        ],
        [
          359.0,
          417.0
        ],
        [
          360.0,
          418.0
        ],
        [
          360.0,
          421.0
        ],
        [
          359.0,
          422.0
        ],
        [
          359.0,
          426.0
        ],
        [
          360.0,
          427.0
        ],
        [
          360.0,
          429.0
        ],
        [
          361.0,
          429.0
        ],
        [
          362.0,
          430.0
        ],
        [
          365.0,
          430.0
        ],
        [
          366.0,
          429.0
        ],
        [
          367.0,
          429.0
        ],
        [
          367.0,
          428.0
        ],
        [
          373.0,
          422.0
        ],
        [
          374.0,
          422.0
        ]
      ],
      "group_id": null,
      "shape_type": "polygon",
      "flags": {}
    },
    {
      "label": "weed",
      "text": "",
      "points": [
        [
          597.0,
          581.0
        ],
        [
          596.0,
          582.0
        ],
        [
          595.0,
          582.0
        ],
        [
          594.0,
          583.0
        ],
        [
          594.0,
          586.0
        ],
        [
          595.0,
          587.0
        ],
        [
          595.0,
          589.0
        ],
        [
          596.0,
          590.0
        ],
        [
          596.0,
          594.0
        ],
        [
          591.0,
          599.0
        ],
        [
          591.0,
          605.0
        ],
        [
          592.0,
          606.0
        ],
        [
          593.0,
          606.0
        ],
        [
          594.0,
          607.0
        ],
        [
          595.0,
          607.0
        ],
        [
          596.0,
          608.0
        ],
        [
          598.0,
          608.0
        ],
        [
          599.0,
          609.0
        ],
        [
          600.0,
          609.0
        ],
        [
          603.0,
          612.0
        ],
        [
          604.0,
          612.0
        ],
        [
          605.0,
          613.0
        ],
        [
          608.0,
          613.0
        ],
        [
          609.0,
          612.0
        ],
        [
          609.0,
          611.0
        ],
        [
          610.0,
          610.0
        ],
        [
          610.0,
          606.0
        ],
        [
          614.0,
          602.0
        ],
        [
          614.0,
          598.0
        ],
        [
          615.0,
          597.0
        ],
        [
          614.0,
          596.0
        ],
        [
          614.0,
          591.0
        ],
        [
          613.0,
          590.0
        ],
        [
          612.0,
          590.0
        ],
        [
          611.0,
          589.0
        ],
        [
          610.0,
          589.0
        ],
        [
          609.0,
          588.0
        ],
        [
          608.0,
          588.0
        ],
        [
          603.0,
          583.0
        ],
        [
          603.0,
          582.0
        ],
        [
          602.0,
          582.0
        ],
        [
          601.0,
          581.0
        ]
      ],
      "group_id": null,
      "shape_type": "polygon",
      "flags": {}
    },
    {
      "label": "weed",
      "text": "",
      "points": [
        [
          463.0,
          589.0
        ],
        [
          461.0,
          589.0
        ],
        [
          460.0,
          590.0
        ],
        [
          459.0,
          590.0
        ],
        [
          459.0,
          603.0
        ],
        [
          455.0,
          607.0
        ],
        [
          451.0,
          607.0
        ],
        [
          450.0,
          608.0
        ],
        [
          449.0,
          608.0
        ],
        [
          449.0,
          609.0
        ],
        [
          448.0,
          610.0
        ],
        [
          448.0,
          617.0
        ],
        [
          447.0,
          618.0
        ],
        [
          447.0,
          623.0
        ],
        [
          448.0,
          624.0
        ],
        [
          448.0,
          628.0
        ],
        [
          449.0,
          629.0
        ],
        [
          449.0,
          633.0
        ],
        [
          450.0,
          634.0
        ],
        [
          450.0,
          638.0
        ],
        [
          451.0,
          639.0
        ],
        [
          471.0,
          639.0
        ],
        [
          472.0,
          638.0
        ],
        [
          471.0,
          637.0
        ],
        [
          471.0,
          634.0
        ],
        [
          470.0,
          633.0
        ],
        [
          470.0,
          632.0
        ],
        [
          469.0,
          631.0
        ],
        [
          469.0,
          630.0
        ],
        [
          470.0,
          629.0
        ],
        [
          470.0,
          626.0
        ],
        [
          471.0,
          625.0
        ],
        [
          471.0,
          624.0
        ],
        [
          472.0,
          623.0
        ],
        [
          472.0,
          622.0
        ],
        [
          473.0,
          621.0
        ],
        [
          473.0,
          608.0
        ],
        [
          470.0,
          605.0
        ],
        [
          470.0,
          603.0
        ],
        [
          469.0,
          602.0
        ],
        [
          469.0,
          599.0
        ],
        [
          468.0,
          598.0
        ],
        [
          468.0,
          596.0
        ],
        [
          467.0,
          595.0
        ],
        [
          467.0,
          592.0
        ],
        [
          465.0,
          590.0
        ],
        [
          464.0,
          590.0
        ]
      ],
      "group_id": null,
      "shape_type": "polygon",
      "flags": {}
    },
    {
      "label": "weed",
      "text": "",
      "points": [
        [
          357.0,
          599.0
        ],
        [
          353.0,
          603.0
        ],
        [
          353.0,
          605.0
        ],
        [
          352.0,
          606.0
        ],
        [
          352.0,
          608.0
        ],
        [
          351.0,
          609.0
        ],
        [
          351.0,
          611.0
        ],
        [
          350.0,
          612.0
        ],
        [
          350.0,
          613.0
        ],
        [
          349.0,
          614.0
        ],
        [
          349.0,
          615.0
        ],
        [
          348.0,
          616.0
        ],
        [
          348.0,
          618.0
        ],
        [
          347.0,
          619.0
        ],
        [
          347.0,
          626.0
        ],
        [
          348.0,
          627.0
        ],
        [
          348.0,
          630.0
        ],
        [
          349.0,
          631.0
        ],
        [
          349.0,
          634.0
        ],
        [
          350.0,
          635.0
        ],
        [
          350.0,
          637.0
        ],
        [
          351.0,
          638.0
        ],
        [
          351.0,
          639.0
        ],
        [
          356.0,
          639.0
        ],
        [
          356.0,
          633.0
        ],
        [
          357.0,
          632.0
        ],
        [
          357.0,
          623.0
        ],
        [
          356.0,
          622.0
        ],
        [
          356.0,
          603.0
        ],
        [
          358.0,
          601.0
        ],
        [
          357.0,
          600.0
        ]
      ],
      "group_id": null,
      "shape_type": "polygon",
      "flags": {}
    }
  ],
  "imagePath": "..\\after_crop\\tile_14_6.jpg",
  "imageData": null,
  "imageHeight": 640,
  "imageWidth": 640
}