{
  "version": "0.3.3",
  "flags": {},
  "shapes": [
    {
      "label": "potato",
      "text": "",
      "points": [
        [
          255.0,
          358.0
        ],
        [
          252.0,
          358.0
        ],
        [
          251.0,
          357.0
        ],
        [
          244.0,
          357.0
        ],
        [
          240.0,
          362.0
        ],
        [
          240.0,
          366.0
        ],
        [
          230.0,
          373.0
        ],
        [
          224.0,
          374.0
        ],
        [
          219.0,
          371.0
        ],
        [
          216.0,
          371.0
        ],
        [
          215.0,
          370.0
        ],
        [
          209.0,
          376.0
        ],
        [
          208.0,
          376.0
        ],
        [
          206.0,
          379.0
        ],
        [
          198.0,
          383.0
        ],
        [
          196.0,
          383.0
        ],
        [
          195.0,
          384.0
        ],
        [
          185.0,
          384.0
        ],
        [
          184.0,
          385.0
        ],
        [
          180.0,
          386.0
        ],
        [
          178.0,
          388.0
        ],
        [
          177.0,
          394.0
        ],
        [
          176.0,
          395.0
        ],
        [
          176.0,
          402.0
        ],
        [
          177.0,
          403.0
        ],
        [
          177.0,
          407.0
        ],
        [
          182.0,
          413.0
        ],
        [
          184.0,
          417.0
        ],
        [
          184.0,
          419.0
        ],
        [
          183.0,
          420.0
        ],
        [
          182.0,
          424.0
        ],
        [
          178.0,
          429.0
        ],
        [
          176.0,
          434.0
        ],
        [
          170.0,
          440.0
        ],
        [
          170.0,
          443.0
        ],
        [
          168.0,
          446.0
        ],
        [
          168.0,
          449.0
        ],
        [
          167.0,
          451.0
        ],
        [
          170.0,
          454.0
        ],
        [
          174.0,
          454.0
        ],
        [
          176.0,
          455.0
        ],
        [
          183.0,
          463.0
        ],
        [
          184.0,
          466.0
        ],
        [
          186.0,
          468.0
        ],
        [
          187.0,
          468.0
        ],
        [
          189.0,
          470.0
        ],
        [
          195.0,
          471.0
        ],
        [
          198.0,
          474.0
        ],
        [
          198.0,
          477.0
        ],
        [
          197.0,
          478.0
        ],
        [
          197.0,
          480.0
        ],
        [
          195.0,
          484.0
        ],
        [
          195.0,
          487.0
        ],
        [
          194.0,
          488.0
        ],
        [
          196.0,
          491.0
        ],
        [
          200.0,
          493.0
        ],
        [
          201.0,
          492.0
        ],
        [
          204.0,
          492.0
        ],
        [
          205.0,
          491.0
        ],
        [
          211.0,
          491.0
        ],
        [
          213.0,
          489.0
        ],
        [
          219.0,
          486.0
        ],
        [
          222.0,
          486.0
        ],
        [
          223.0,
          485.0
        ],
        [
          227.0,
          485.0
        ],
        [
          229.0,
          486.0
        ],
        [
          234.0,
          491.0
        ],
        [
          247.0,
          491.0
        ],
        [
          254.0,
          488.0
        ],
        [
          258.0,
          485.0
        ],
        [
          274.0,
          486.0
        ],
        [
          275.0,
          485.0
        ],
        [
          280.0,
          485.0
        ],
        [
          281.0,
          484.0
        ],
        [
          283.0,
          484.0
        ],
        [
          285.0,
          483.0
        ],
        [
          286.0,
          477.0
        ],
        [
          285.0,
          476.0
        ],
        [
          285.0,
          472.0
        ],
        [
          283.0,
          468.0
        ],
        [
          282.0,
          462.0
        ],
        [
          289.0,
          457.0
        ],
        [
          293.0,
          457.0
        ],
        [
          297.0,
          455.0
        ],
        [
          298.0,
          450.0
        ],
        [
          296.0,
          447.0
        ],
        [
          296.0,
          445.0
        ],
        [
          289.0,
          438.0
        ],
        [
          287.0,
          438.0
        ],
        [
          283.0,
          436.0
        ],
        [
          279.0,
          436.0
        ],
        [
          276.0,
          434.0
        ],
        [
          274.0,
          434.0
        ],
        [
          272.0,
          433.0
        ],
        [
          269.0,
          429.0
        ],
        [
          270.0,
          425.0
        ],
        [
          271.0,
          424.0
        ],
        [
          271.0,
          416.0
        ],
        [
          273.0,
          414.0
        ],
        [
          273.0,
          413.0
        ],
        [
          275.0,
          412.0
        ],
        [
          281.0,
          406.0
        ],
        [
          287.0,
          403.0
        ],
        [
          287.0,
          402.0
        ],
        [
          293.0,
          394.0
        ],
        [
          293.0,
          390.0
        ],
        [
          292.0,
          388.0
        ],
        [
          289.0,
          387.0
        ],
        [
          287.0,
          385.0
        ],
        [
          280.0,
          385.0
        ],
        [
          275.0,
          388.0
        ],
        [
          274.0,
          388.0
        ],
        [
          271.0,
          385.0
        ],
        [
          266.0,
          385.0
        ],
        [
          266.0,
          388.0
        ],
        [
          264.0,
          390.0
        ],
        [
          261.0,
          389.0
        ],
        [
          260.0,
          388.0
        ],
        [
          260.0,
          386.0
        ],
        [
          261.0,
          385.0
        ],
        [
          261.0,
          379.0
        ],
        [
          260.0,
          378.0
        ],
        [
          261.0,
          365.0
        ],
        [
          259.0,
          361.0
        ]
      ],
      "group_id": null,
      "shape_type": "polygon",
      "flags": {}
    },
    {
      "label": "potato",
      "text": "",
      "points": [
        [
          389.0,
          396.0
        ],
        [
          390.0,
          406.0
        ],
        [
          398.0,
          414.0
        ],
        [
          397.0,
          416.0
        ],
        [
          397.0,
          421.0
        ],
        [
          398.0,
          422.0
        ],
        [
          403.0,
          422.0
        ],
        [
          406.0,
          420.0
        ],
        [
          410.0,
          419.0
        ],
        [
          415.0,
          421.0
        ],
        [
          420.0,
          421.0
        ],
        [
          426.0,
          426.0
        ],
        [
          426.0,
          431.0
        ],
        [
          424.0,
          433.0
        ],
        [
          422.0,
          440.0
        ],
        [
          420.0,
          443.0
        ],
        [
          420.0,
          451.0
        ],
        [
          424.0,
          455.0
        ],
        [
          428.0,
          454.0
        ],
        [
          432.0,
          449.0
        ],
        [
          435.0,
          447.0
        ],
        [
          437.0,
          447.0
        ],
        [
          447.0,
          461.0
        ],
        [
          455.0,
          463.0
        ],
        [
          459.0,
          461.0
        ],
        [
          462.0,
          458.0
        ],
        [
          465.0,
          458.0
        ],
        [
          466.0,
          459.0
        ],
        [
          468.0,
          469.0
        ],
        [
          474.0,
          473.0
        ],
        [
          476.0,
          473.0
        ],
        [
          490.0,
          464.0
        ],
        [
          491.0,
          459.0
        ],
        [
          494.0,
          452.0
        ],
        [
          498.0,
          448.0
        ],
        [
          503.0,
          446.0
        ],
        [
          508.0,
          441.0
        ],
        [
          509.0,
          441.0
        ],
        [
          513.0,
          436.0
        ],
        [
          515.0,
          436.0
        ],
        [
          519.0,
          440.0
        ],
        [
          527.0,
          443.0
        ],
        [
          537.0,
          443.0
        ],
        [
          541.0,
          441.0
        ],
        [
          546.0,
          436.0
        ],
        [
          545.0,
          429.0
        ],
        [
          541.0,
          422.0
        ],
        [
          537.0,
          418.0
        ],
        [
          531.0,
          418.0
        ],
        [
          530.0,
          419.0
        ],
        [
          511.0,
          418.0
        ],
        [
          507.0,
          414.0
        ],
        [
          510.0,
          410.0
        ],
        [
          513.0,
          410.0
        ],
        [
          517.0,
          408.0
        ],
        [
          519.0,
          405.0
        ],
        [
          519.0,
          403.0
        ],
        [
          522.0,
          397.0
        ],
        [
          522.0,
          394.0
        ],
        [
          525.0,
          387.0
        ],
        [
          525.0,
          383.0
        ],
        [
          526.0,
          382.0
        ],
        [
          525.0,
          375.0
        ],
        [
          520.0,
          369.0
        ],
        [
          516.0,
          367.0
        ],
        [
          514.0,
          367.0
        ],
        [
          508.0,
          370.0
        ],
        [
          504.0,
          370.0
        ],
        [
          503.0,
          371.0
        ],
        [
          499.0,
          371.0
        ],
        [
          495.0,
          369.0
        ],
        [
          489.0,
          369.0
        ],
        [
          487.0,
          368.0
        ],
        [
          484.0,
          365.0
        ],
        [
          484.0,
          362.0
        ],
        [
          483.0,
          361.0
        ],
        [
          483.0,
          359.0
        ],
        [
          484.0,
          358.0
        ],
        [
          484.0,
          347.0
        ],
        [
          481.0,
          342.0
        ],
        [
          476.0,
          342.0
        ],
        [
          467.0,
          350.0
        ],
        [
          465.0,
          350.0
        ],
        [
          464.0,
          349.0
        ],
        [
          459.0,
          348.0
        ],
        [
          451.0,
          341.0
        ],
        [
          450.0,
          341.0
        ],
        [
          448.0,
          344.0
        ],
        [
          448.0,
          349.0
        ],
        [
          449.0,
          351.0
        ],
        [
          448.0,
          353.0
        ],
        [
          443.0,
          357.0
        ],
        [
          442.0,
          360.0
        ],
        [
          438.0,
          365.0
        ],
        [
          436.0,
          366.0
        ],
        [
          426.0,
          365.0
        ],
        [
          410.0,
          374.0
        ],
        [
          405.0,
          380.0
        ],
        [
          404.0,
          385.0
        ],
        [
          411.0,
          391.0
        ],
        [
          411.0,
          393.0
        ],
        [
          412.0,
          394.0
        ],
        [
          411.0,
          396.0
        ],
        [
          406.0,
          397.0
        ],
        [
          405.0,
          398.0
        ],
        [
          404.0,
          397.0
        ],
        [
          399.0,
          396.0
        ],
        [
          395.0,
          392.0
        ],
        [
          391.0,
          392.0
        ]
      ],
      "group_id": null,
      "shape_type": "polygon",
      "flags": {}
    },
    {
      "label": "potato",
      "text": "",
      "points": [
        [
          470.0,
          481.0
        ],
        [
          469.0,
          482.0
        ],
        [
          469.0,
          486.0
        ],
        [
          468.0,
          487.0
        ],
        [
          468.0,
          492.0
        ],
        [
          469.0,
          493.0
        ],
        [
          469.0,
          495.0
        ],
        [
          470.0,
          496.0
        ],
        [
          470.0,
          498.0
        ],
        [
          471.0,
          499.0
        ],
        [
          471.0,
          506.0
        ],
        [
          472.0,
          507.0
        ],
        [
          472.0,
          509.0
        ],
        [
          475.0,
          512.0
        ],
        [
          475.0,
          513.0
        ],
        [
          477.0,
          515.0
        ],
        [
          477.0,
          516.0
        ],
        [
          478.0,
          517.0
        ],
        [
          478.0,
          519.0
        ],
        [
          479.0,
          520.0
        ],
        [
          479.0,
          521.0
        ],
        [
          480.0,
          522.0
        ],
        [
          480.0,
          523.0
        ],
        [
          481.0,
          524.0
        ],
        [
          481.0,
          525.0
        ],
        [
          486.0,
          530.0
        ],
        [
          486.0,
          532.0
        ],
        [
          488.0,
          535.0
        ],
        [
          488.0,
          538.0
        ],
        [
          490.0,
          540.0
        ],
        [
          490.0,
          541.0
        ],
        [
          491.0,
          542.0
        ],
        [
          492.0,
          542.0
        ],
        [
          495.0,
          544.0
        ],
        [
          501.0,
          544.0
        ],
        [
          503.0,
          542.0
        ],
        [
          504.0,
          542.0
        ],
        [
          506.0,
          540.0
        ],
        [
          508.0,
          540.0
        ],
        [
          509.0,
          541.0
        ],
        [
          510.0,
          541.0
        ],
        [
          511.0,
          542.0
        ],
        [
          512.0,
          542.0
        ],
        [
          515.0,
          545.0
        ],
        [
          515.0,
          546.0
        ],
        [
          516.0,
          547.0
        ],
        [
          516.0,
          548.0
        ],
        [
          519.0,
          551.0
        ],
        [
          520.0,
          551.0
        ],
        [
          521.0,
          552.0
        ],
        [
          523.0,
          552.0
        ],
        [
          524.0,
          553.0
        ],
        [
          529.0,
          553.0
        ],
        [
          533.0,
          549.0
        ],
        [
          533.0,
          543.0
        ],
        [
          532.0,
          542.0
        ],
        [
          532.0,
          539.0
        ],
        [
          531.0,
          538.0
        ],
        [
          531.0,
          537.0
        ],
        [
          527.0,
          533.0
        ],
        [
          527.0,
          532.0
        ],
        [
          524.0,
          529.0
        ],
        [
          522.0,
          529.0
        ],
        [
          521.0,
          528.0
        ],
        [
          519.0,
          528.0
        ],
        [
          517.0,
          526.0
        ],
        [
          517.0,
          525.0
        ],
        [
          516.0,
          524.0
        ],
        [
          516.0,
          522.0
        ],
        [
          517.0,
          521.0
        ],
        [
          517.0,
          520.0
        ],
        [
          519.0,
          518.0
        ],
        [
          520.0,
          518.0
        ],
        [
          521.0,
          517.0
        ],
        [
          523.0,
          517.0
        ],
        [
          524.0,
          518.0
        ],
        [
          528.0,
          518.0
        ],
        [
          529.0,
          519.0
        ],
        [
          533.0,
          519.0
        ],
        [
          534.0,
          520.0
        ],
        [
          536.0,
          520.0
        ],
        [
          537.0,
          521.0
        ],
        [
          542.0,
          521.0
        ],
        [
          543.0,
          520.0
        ],
        [
          544.0,
          520.0
        ],
        [
          545.0,
          519.0
        ],
        [
          545.0,
          518.0
        ],
        [
          544.0,
          517.0
        ],
        [
          544.0,
          515.0
        ],
        [
          543.0,
          514.0
        ],
        [
          542.0,
          514.0
        ],
        [
          540.0,
          512.0
        ],
        [
          539.0,
          512.0
        ],
        [
          538.0,
          511.0
        ],
        [
          537.0,
          511.0
        ],
        [
          536.0,
          510.0
        ],
        [
          535.0,
          510.0
        ],
        [
          532.0,
          507.0
        ],
        [
          531.0,
          507.0
        ],
        [
          528.0,
          504.0
        ],
        [
          528.0,
          503.0
        ],
        [
          524.0,
          499.0
        ],
        [
          523.0,
          499.0
        ],
        [
          520.0,
          497.0
        ],
        [
          520.0,
          494.0
        ],
        [
          521.0,
          493.0
        ],
        [
          521.0,
          492.0
        ],
        [
          522.0,
          491.0
        ],
        [
          522.0,
          490.0
        ],
        [
          524.0,
          487.0
        ],
        [
          524.0,
          482.0
        ],
        [
          523.0,
          481.0
        ],
        [
          523.0,
          479.0
        ],
        [
          520.0,
          476.0
        ],
        [
          519.0,
          476.0
        ],
        [
          518.0,
          475.0
        ],
        [
          515.0,
          475.0
        ],
        [
          510.0,
          480.0
        ],
        [
          509.0,
          480.0
        ],
        [
          508.0,
          481.0
        ],
        [
          503.0,
          481.0
        ],
        [
          502.0,
          480.0
        ],
        [
          494.0,
          480.0
        ],
        [
          493.0,
          479.0
        ],
        [
          488.0,
          479.0
        ],
        [
          487.0,
          478.0
        ],
        [
          481.0,
          478.0
        ],
        [
          480.0,
          479.0
        ],
        [
          474.0,
          479.0
        ],
        [
          473.0,
          480.0
        ],
        [
          472.0,
          480.0
        ],
        [
          471.0,
          481.0
        ]
      ],
      "group_id": null,
      "shape_type": "polygon",
      "flags": {}
    },
    {
      "label": "weed",
      "text": "",
      "points": [
        [
          283.0,
          43.0
        ],
        [
          282.0,
          43.0
        ],
        [
          281.0,
          42.0
        ],
        [
          279.0,
          42.0
        ],
        [
          278.0,
          41.0
        ],
        [
          277.0,
          41.0
        ],
        [
          276.0,
          42.0
        ],
        [
          274.0,
          42.0
        ],
        [
          269.0,
          47.0
        ],
        [
          268.0,
          47.0
        ],
        [
          265.0,
          50.0
        ],
        [
          265.0,
          53.0
        ],
        [
          264.0,
          54.0
        ],
        [
          264.0,
          56.0
        ],
        [
          262.0,
          58.0
        ],
        [
          262.0,
          59.0
        ],
        [
          261.0,
          60.0
        ],
        [
          261.0,
          61.0
        ],
        [
          260.0,
          62.0
        ],
        [
          260.0,
          66.0
        ],
        [
          261.0,
          67.0
        ],
        [
          261.0,
          68.0
        ],
        [
          264.0,
          71.0
        ],
        [
          265.0,
          71.0
        ],
        [
          266.0,
          72.0
        ],
        [
          271.0,
          72.0
        ],
        [
          272.0,
          71.0
        ],
        [
          273.0,
          71.0
        ],
        [
          275.0,
          69.0
        ],
        [
          276.0,
          69.0
        ],
        [
          279.0,
          66.0
        ],
        [
          280.0,
          67.0
        ],
        [
          288.0,
          67.0
        ],
        [
          289.0,
          66.0
        ],
        [
          290.0,
          66.0
        ],
        [
          292.0,
          64.0
        ],
        [
          292.0,
          60.0
        ],
        [
          291.0,
          59.0
        ],
        [
          291.0,
          58.0
        ],
        [
          288.0,
          55.0
        ],
        [
          288.0,
          54.0
        ],
        [
          287.0,
          53.0
        ],
        [
          287.0,
          51.0
        ],
        [
          286.0,
          50.0
        ],
        [
          286.0,
          49.0
        ],
        [
          285.0,
          48.0
        ],
        [
          285.0,
          46.0
        ],
        [
          283.0,
          44.0
        ]
      ],
      "group_id": null,
      "shape_type": "polygon",
      "flags": {}
    },
    {
      "label": "weed",
      "text": "",
      "points": [
        [
          189.0,
          118.0
        ],
        [
          187.0,
          118.0
        ],
        [
          187.0,
          119.0
        ],
        [
          186.0,
          120.0
        ],
        [
          185.0,
          120.0
        ],
        [
          184.0,
          121.0
        ],
        [
          175.0,
          121.0
        ],
        [
          171.0,
          125.0
        ],
        [
          171.0,
          126.0
        ],
        [
          170.0,
          127.0
        ],
        [
          170.0,
          136.0
        ],
        [
          171.0,
          137.0
        ],
        [
          171.0,
          138.0
        ],
        [
          172.0,
          138.0
        ],
        [
          173.0,
          139.0
        ],
        [
          177.0,
          139.0
        ],
        [
          178.0,
          140.0
        ],
        [
          180.0,
          140.0
        ],
        [
          181.0,
          141.0
        ],
        [
          182.0,
          141.0
        ],
        [
          183.0,
          140.0
        ],
        [
          192.0,
          140.0
        ],
        [
          193.0,
          139.0
        ],
        [
          193.0,
          138.0
        ],
        [
          194.0,
          137.0
        ],
        [
          194.0,
          135.0
        ],
        [
          195.0,
          134.0
        ],
        [
          195.0,
          128.0
        ],
        [
          194.0,
          128.0
        ],
        [
          192.0,
          126.0
        ],
        [
          191.0,
          126.0
        ],
        [
          190.0,
          125.0
        ],
        [
          190.0,
          123.0
        ],
        [
          189.0,
          122.0
        ]
      ],
      "group_id": null,
      "shape_type": "polygon",
      "flags": {}
    },
    {
      "label": "weed",
      "text": "",
      "points": [
        [
          504.0,
          185.0
        ],
        [
          497.0,
          185.0
        ],
        [
          496.0,
          186.0
        ],
        [
          495.0,
          186.0
        ],
        [
          494.0,
          187.0
        ],
        [
          492.0,
          187.0
        ],
        [
          491.0,
          188.0
        ],
        [
          490.0,
          188.0
        ],
        [
          489.0,
          189.0
        ],
        [
          488.0,
          189.0
        ],
        [
          487.0,
          190.0
        ],
        [
          487.0,
          191.0
        ],
        [
          486.0,
          192.0
        ],
        [
          486.0,
          193.0
        ],
        [
          485.0,
          194.0
        ],
        [
          485.0,
          195.0
        ],
        [
          483.0,
          197.0
        ],
        [
          483.0,
          198.0
        ],
        [
          482.0,
          199.0
        ],
        [
          482.0,
          205.0
        ],
        [
          486.0,
          209.0
        ],
        [
          486.0,
          210.0
        ],
        [
          492.0,
          216.0
        ],
        [
          492.0,
          218.0
        ],
        [
          493.0,
          219.0
        ],
        [
          491.0,
          221.0
        ],
        [
          491.0,
          226.0
        ],
        [
          492.0,
          227.0
        ],
        [
          493.0,
          227.0
        ],
        [
          494.0,
          228.0
        ],
        [
          496.0,
          228.0
        ],
        [
          498.0,
          226.0
        ],
        [
          499.0,
          226.0
        ],
        [
          500.0,
          225.0
        ],
        [
          500.0,
          219.0
        ],
        [
          502.0,
          217.0
        ],
        [
          505.0,
          217.0
        ],
        [
          507.0,
          215.0
        ],
        [
          507.0,
          213.0
        ],
        [
          508.0,
          212.0
        ],
        [
          508.0,
          207.0
        ],
        [
          507.0,
          206.0
        ],
        [
          507.0,
          203.0
        ],
        [
          506.0,
          202.0
        ],
        [
          506.0,
          200.0
        ],
        [
          507.0,
          199.0
        ],
        [
          507.0,
          197.0
        ],
        [
          508.0,
          196.0
        ],
        [
          508.0,
          188.0
        ],
        [
          506.0,
          186.0
        ],
        [
          505.0,
          186.0
        ]
      ],
      "group_id": null,
      "shape_type": "polygon",
      "flags": {}
    },
    {
      "label": "weed",
      "text": "",
      "points": [
        [
          275.0,
          585.0
        ],
        [
          274.0,
          586.0
        ],
        [
          274.0,
          587.0
        ],
        [
          268.0,
          593.0
        ],
        [
          268.0,
          594.0
        ],
        [
          267.0,
          595.0
        ],
        [
          267.0,
          598.0
        ],
        [
          268.0,
          599.0
        ],
        [
          268.0,
          600.0
        ],
        [
          269.0,
          601.0
        ],
        [
          269.0,
          604.0
        ],
        [
          270.0,
          605.0
        ],
        [
          270.0,
          606.0
        ],
        [
          273.0,
          609.0
        ],
        [
          273.0,
          610.0
        ],
        [
          274.0,
          611.0
        ],
        [
          281.0,
          611.0
        ],
        [
          282.0,
          610.0
        ],
        [
          283.0,
          610.0
        ],
        [
          284.0,
          611.0
        ],
        [
          285.0,
          611.0
        ],
        [
          286.0,
          612.0
        ],
        [
          290.0,
          612.0
        ],
        [
          290.0,
          611.0
        ],
        [
          287.0,
          608.0
        ],
        [
          287.0,
          606.0
        ],
        [
          286.0,
          605.0
        ],
        [
          286.0,
          598.0
        ],
        [
          283.0,
          595.0
        ],
        [
          283.0,
          594.0
        ],
        [
          282.0,
          593.0
        ],
        [
          282.0,
          592.0
        ],
        [
          279.0,
          589.0
        ],
        [
          279.0,
          587.0
        ],
        [
          278.0,
          586.0
        ],
        [
          276.0,
          586.0
        ]
      ],
      "group_id": null,
      "shape_type": "polygon",
      "flags": {}
    },
    {
      "label": "weed",
      "text": "",
      "points": [
        [
          324.0,
          626.0
        ],
        [
          323.0,
          626.0
        ],
        [
          322.0,
          625.0
        ],
        [
          318.0,
          625.0
        ],
        [
          317.0,
          626.0
        ],
        [
          315.0,
          626.0
        ],
        [
          313.0,
          628.0
        ],
        [
          313.0,
          632.0
        ],
        [
          314.0,
          633.0
        ],
        [
          314.0,
          635.0
        ],
        [
          315.0,
          636.0
        ],
        [
          315.0,
          638.0
        ],
        [
          316.0,
          639.0
        ],
        [
          316.0,
          638.0
        ],
        [
          317.0,
          637.0
        ],
        [
          318.0,
          637.0
        ],
        [
          319.0,
          636.0
        ],
        [
          322.0,
          636.0
        ],
        [
          323.0,
          635.0
        ],
        [
          324.0,
          635.0
        ],
        [
          324.0,
          634.0
        ],
        [
          325.0,
          633.0
        ],
        [
          325.0,
          627.0
        ]
      ],
      "group_id": null,
      "shape_type": "polygon",
      "flags": {}
    }
  ],
  "imagePath": "..\\after_crop\\tile_5_5.jpg",
  "imageData": null,
  "imageHeight": 640,
  "imageWidth": 640
}