{
  "version": "0.3.3",
  "flags": {},
  "shapes": [
    {
      "label": "potato",
      "text": "",
      "points": [
        [
          96.0,
          21.0
        ],
        [
          95.0,
          22.0
        ],
        [
          92.0,
          23.0
        ],
        [
          92.0,
          24.0
        ],
        [
          96.0,
          29.0
        ],
        [
          96.0,
          33.0
        ],
        [
          97.0,
          34.0
        ],
        [
          97.0,
          37.0
        ],
        [
          99.0,
          39.0
        ],
        [
          102.0,
          40.0
        ],
        [
          103.0,
          41.0
        ],
        [
          103.0,
          43.0
        ],
        [
          102.0,
          44.0
        ],
        [
          100.0,
          49.0
        ],
        [
          98.0,
          51.0
        ],
        [
          98.0,
          52.0
        ],
        [
          96.0,
          54.0
        ],
        [
          96.0,
          55.0
        ],
        [
          95.0,
          56.0
        ],
        [
          95.0,
          59.0
        ],
        [
          96.0,
          60.0
        ],
        [
          96.0,
          62.0
        ],
        [
          91.0,
          66.0
        ],
        [
          88.0,
          67.0
        ],
        [
          84.0,
          71.0
        ],
        [
          83.0,
          71.0
        ],
        [
          82.0,
          72.0
        ],
        [
          80.0,
          72.0
        ],
        [
          77.0,
          75.0
        ],
        [
          77.0,
          77.0
        ],
        [
          76.0,
          78.0
        ],
        [
          76.0,
          80.0
        ],
        [
          75.0,
          81.0
        ],
        [
          75.0,
          84.0
        ],
        [
          74.0,
          85.0
        ],
        [
          74.0,
          90.0
        ],
        [
          73.0,
          91.0
        ],
        [
          73.0,
          93.0
        ],
        [
          72.0,
          94.0
        ],
        [
          72.0,
          96.0
        ],
        [
          71.0,
          97.0
        ],
        [
          71.0,
          100.0
        ],
        [
          73.0,
          102.0
        ],
        [
          74.0,
          102.0
        ],
        [
          78.0,
          106.0
        ],
        [
          81.0,
          115.0
        ],
        [
          82.0,
          115.0
        ],
        [
          83.0,
          116.0
        ],
        [
          90.0,
          116.0
        ],
        [
          91.0,
          115.0
        ],
        [
          92.0,
          115.0
        ],
        [
          95.0,
          112.0
        ],
        [
          96.0,
          112.0
        ],
        [
          99.0,
          110.0
        ],
        [
          100.0,
          110.0
        ],
        [
          101.0,
          111.0
        ],
        [
          106.0,
          111.0
        ],
        [
          108.0,
          113.0
        ],
        [
          109.0,
          113.0
        ],
        [
          114.0,
          118.0
        ],
        [
          114.0,
          119.0
        ],
        [
          112.0,
          122.0
        ],
        [
          112.0,
          128.0
        ],
        [
          113.0,
          129.0
        ],
        [
          113.0,
          130.0
        ],
        [
          114.0,
          130.0
        ],
        [
          115.0,
          131.0
        ],
        [
          120.0,
          131.0
        ],
        [
          121.0,
          132.0
        ],
        [
          126.0,
          132.0
        ],
        [
          127.0,
          133.0
        ],
        [
          129.0,
          133.0
        ],
        [
          130.0,
          132.0
        ],
        [
          133.0,
          132.0
        ],
        [
          134.0,
          131.0
        ],
        [
          135.0,
          131.0
        ],
        [
          137.0,
          128.0
        ],
        [
          137.0,
          124.0
        ],
        [
          136.0,
          123.0
        ],
        [
          135.0,
          120.0
        ],
        [
          134.0,
          119.0
        ],
        [
          133.0,
          119.0
        ],
        [
          131.0,
          117.0
        ],
        [
          134.0,
          110.0
        ],
        [
          136.0,
          108.0
        ],
        [
          141.0,
          111.0
        ],
        [
          145.0,
          111.0
        ],
        [
          146.0,
          110.0
        ],
        [
          149.0,
          110.0
        ],
        [
          150.0,
          109.0
        ],
        [
          151.0,
          109.0
        ],
        [
          154.0,
          106.0
        ],
        [
          154.0,
          105.0
        ],
        [
          155.0,
          104.0
        ],
        [
          155.0,
          101.0
        ],
        [
          156.0,
          100.0
        ],
        [
          156.0,
          99.0
        ],
        [
          154.0,
          96.0
        ],
        [
          154.0,
          94.0
        ],
        [
          153.0,
          93.0
        ],
        [
          153.0,
          90.0
        ],
        [
          152.0,
          89.0
        ],
        [
          151.0,
          84.0
        ],
        [
          150.0,
          83.0
        ],
        [
          150.0,
          82.0
        ],
        [
          148.0,
          80.0
        ],
        [
          148.0,
          78.0
        ],
        [
          149.0,
          77.0
        ],
        [
          150.0,
          74.0
        ],
        [
          153.0,
          71.0
        ],
        [
          153.0,
          70.0
        ],
        [
          156.0,
          65.0
        ],
        [
          156.0,
          63.0
        ],
        [
          157.0,
          62.0
        ],
        [
          157.0,
          59.0
        ],
        [
          158.0,
          58.0
        ],
        [
          158.0,
          51.0
        ],
        [
          157.0,
          50.0
        ],
        [
          156.0,
          47.0
        ],
        [
          153.0,
          44.0
        ],
        [
          152.0,
          44.0
        ],
        [
          149.0,
          42.0
        ],
        [
          146.0,
          42.0
        ],
        [
          145.0,
          43.0
        ],
        [
          142.0,
          43.0
        ],
        [
          137.0,
          46.0
        ],
        [
          132.0,
          46.0
        ],
        [
          127.0,
          41.0
        ],
        [
          126.0,
          41.0
        ],
        [
          125.0,
          40.0
        ],
        [
          125.0,
          39.0
        ],
        [
          123.0,
          37.0
        ],
        [
          123.0,
          36.0
        ],
        [
          119.0,
          29.0
        ],
        [
          118.0,
          29.0
        ],
        [
          117.0,
          28.0
        ],
        [
          110.0,
          25.0
        ],
        [
          108.0,
          23.0
        ],
        [
          107.0,
          23.0
        ],
        [
          106.0,
          22.0
        ],
        [
          103.0,
          22.0
        ],
        [
          102.0,
          21.0
        ]
      ],
      "group_id": null,
      "shape_type": "polygon",
      "flags": {}
    },
    {
      "label": "potato",
      "text": "",
      "points": [
        [
          188.0,
          491.0
        ],
        [
          186.0,
          489.0
        ],
        [
          181.0,
          489.0
        ],
        [
          179.0,
          490.0
        ],
        [
          176.0,
          493.0
        ],
        [
          174.0,
          497.0
        ],
        [
          174.0,
          499.0
        ],
        [
          171.0,
          502.0
        ],
        [
          170.0,
          502.0
        ],
        [
          161.0,
          511.0
        ],
        [
          159.0,
          512.0
        ],
        [
          155.0,
          512.0
        ],
        [
          151.0,
          509.0
        ],
        [
          151.0,
          505.0
        ],
        [
          150.0,
          504.0
        ],
        [
          150.0,
          499.0
        ],
        [
          149.0,
          498.0
        ],
        [
          149.0,
          494.0
        ],
        [
          148.0,
          492.0
        ],
        [
          145.0,
          490.0
        ],
        [
          143.0,
          490.0
        ],
        [
          142.0,
          491.0
        ],
        [
          137.0,
          491.0
        ],
        [
          136.0,
          490.0
        ],
        [
          134.0,
          490.0
        ],
        [
          133.0,
          491.0
        ],
        [
          131.0,
          491.0
        ],
        [
          128.0,
          494.0
        ],
        [
          126.0,
          494.0
        ],
        [
          125.0,
          495.0
        ],
        [
          113.0,
          495.0
        ],
        [
          110.0,
          493.0
        ],
        [
          106.0,
          493.0
        ],
        [
          105.0,
          492.0
        ],
        [
          98.0,
          492.0
        ],
        [
          96.0,
          494.0
        ],
        [
          96.0,
          498.0
        ],
        [
          97.0,
          499.0
        ],
        [
          97.0,
          501.0
        ],
        [
          100.0,
          505.0
        ],
        [
          101.0,
          508.0
        ],
        [
          106.0,
          513.0
        ],
        [
          110.0,
          515.0
        ],
        [
          111.0,
          517.0
        ],
        [
          111.0,
          526.0
        ],
        [
          110.0,
          528.0
        ],
        [
          105.0,
          533.0
        ],
        [
          105.0,
          534.0
        ],
        [
          103.0,
          536.0
        ],
        [
          101.0,
          540.0
        ],
        [
          97.0,
          544.0
        ],
        [
          94.0,
          545.0
        ],
        [
          86.0,
          553.0
        ],
        [
          83.0,
          559.0
        ],
        [
          83.0,
          561.0
        ],
        [
          82.0,
          562.0
        ],
        [
          82.0,
          569.0
        ],
        [
          83.0,
          571.0
        ],
        [
          86.0,
          573.0
        ],
        [
          91.0,
          573.0
        ],
        [
          94.0,
          571.0
        ],
        [
          96.0,
          571.0
        ],
        [
          98.0,
          569.0
        ],
        [
          104.0,
          566.0
        ],
        [
          107.0,
          563.0
        ],
        [
          110.0,
          562.0
        ],
        [
          114.0,
          564.0
        ],
        [
          117.0,
          567.0
        ],
        [
          119.0,
          573.0
        ],
        [
          121.0,
          575.0
        ],
        [
          122.0,
          575.0
        ],
        [
          128.0,
          581.0
        ],
        [
          129.0,
          581.0
        ],
        [
          134.0,
          586.0
        ],
        [
          134.0,
          587.0
        ],
        [
          136.0,
          589.0
        ],
        [
          137.0,
          589.0
        ],
        [
          139.0,
          591.0
        ],
        [
          145.0,
          591.0
        ],
        [
          148.0,
          594.0
        ],
        [
          148.0,
          596.0
        ],
        [
          149.0,
          598.0
        ],
        [
          154.0,
          603.0
        ],
        [
          156.0,
          604.0
        ],
        [
          157.0,
          603.0
        ],
        [
          159.0,
          603.0
        ],
        [
          161.0,
          600.0
        ],
        [
          161.0,
          598.0
        ],
        [
          162.0,
          596.0
        ],
        [
          165.0,
          593.0
        ],
        [
          170.0,
          593.0
        ],
        [
          171.0,
          594.0
        ],
        [
          173.0,
          594.0
        ],
        [
          175.0,
          591.0
        ],
        [
          175.0,
          584.0
        ],
        [
          174.0,
          583.0
        ],
        [
          174.0,
          579.0
        ],
        [
          175.0,
          578.0
        ],
        [
          175.0,
          576.0
        ],
        [
          178.0,
          570.0
        ],
        [
          180.0,
          568.0
        ],
        [
          182.0,
          564.0
        ],
        [
          182.0,
          556.0
        ],
        [
          183.0,
          555.0
        ],
        [
          183.0,
          553.0
        ],
        [
          185.0,
          549.0
        ],
        [
          187.0,
          547.0
        ],
        [
          187.0,
          545.0
        ],
        [
          188.0,
          543.0
        ],
        [
          190.0,
          541.0
        ],
        [
          190.0,
          538.0
        ],
        [
          191.0,
          537.0
        ],
        [
          184.0,
          525.0
        ],
        [
          184.0,
          522.0
        ],
        [
          182.0,
          519.0
        ],
        [
          182.0,
          516.0
        ],
        [
          181.0,
          515.0
        ],
        [
          182.0,
          513.0
        ],
        [
          182.0,
          510.0
        ],
        [
          186.0,
          505.0
        ],
        [
          186.0,
          503.0
        ],
        [
          187.0,
          502.0
        ],
        [
          187.0,
          499.0
        ],
        [
          188.0,
          498.0
        ]
      ],
      "group_id": null,
      "shape_type": "polygon",
      "flags": {}
    },
    {
      "label": "potato",
      "text": "",
      "points": [
        [
          386.0,
          468.0
        ],
        [
          382.0,
          470.0
        ],
        [
          379.0,
          475.0
        ],
        [
          379.0,
          483.0
        ],
        [
          380.0,
          484.0
        ],
        [
          380.0,
          486.0
        ],
        [
          379.0,
          487.0
        ],
        [
          379.0,
          493.0
        ],
        [
          380.0,
          494.0
        ],
        [
          380.0,
          498.0
        ],
        [
          378.0,
          501.0
        ],
        [
          375.0,
          503.0
        ],
        [
          372.0,
          503.0
        ],
        [
          368.0,
          501.0
        ],
        [
          362.0,
          501.0
        ],
        [
          361.0,
          502.0
        ],
        [
          355.0,
          503.0
        ],
        [
          362.0,
          516.0
        ],
        [
          362.0,
          526.0
        ],
        [
          361.0,
          527.0
        ],
        [
          360.0,
          533.0
        ],
        [
          353.0,
          547.0
        ],
        [
          352.0,
          556.0
        ],
        [
          350.0,
          559.0
        ],
        [
          345.0,
          559.0
        ],
        [
          341.0,
          557.0
        ],
        [
          334.0,
          557.0
        ],
        [
          332.0,
          559.0
        ],
        [
          332.0,
          561.0
        ],
        [
          330.0,
          564.0
        ],
        [
          329.0,
          568.0
        ],
        [
          335.0,
          575.0
        ],
        [
          338.0,
          575.0
        ],
        [
          339.0,
          576.0
        ],
        [
          340.0,
          575.0
        ],
        [
          350.0,
          575.0
        ],
        [
          354.0,
          572.0
        ],
        [
          358.0,
          571.0
        ],
        [
          359.0,
          572.0
        ],
        [
          364.0,
          573.0
        ],
        [
          370.0,
          579.0
        ],
        [
          369.0,
          580.0
        ],
        [
          369.0,
          584.0
        ],
        [
          368.0,
          585.0
        ],
        [
          367.0,
          595.0
        ],
        [
          364.0,
          598.0
        ],
        [
          363.0,
          598.0
        ],
        [
          357.0,
          605.0
        ],
        [
          357.0,
          610.0
        ],
        [
          358.0,
          612.0
        ],
        [
          361.0,
          614.0
        ],
        [
          369.0,
          614.0
        ],
        [
          370.0,
          613.0
        ],
        [
          372.0,
          613.0
        ],
        [
          377.0,
          610.0
        ],
        [
          379.0,
          607.0
        ],
        [
          381.0,
          606.0
        ],
        [
          387.0,
          606.0
        ],
        [
          388.0,
          605.0
        ],
        [
          391.0,
          605.0
        ],
        [
          392.0,
          602.0
        ],
        [
          394.0,
          600.0
        ],
        [
          399.0,
          600.0
        ],
        [
          400.0,
          599.0
        ],
        [
          411.0,
          599.0
        ],
        [
          413.0,
          600.0
        ],
        [
          417.0,
          606.0
        ],
        [
          423.0,
          612.0
        ],
        [
          426.0,
          613.0
        ],
        [
          428.0,
          612.0
        ],
        [
          429.0,
          608.0
        ],
        [
          434.0,
          604.0
        ],
        [
          436.0,
          604.0
        ],
        [
          439.0,
          602.0
        ],
        [
          444.0,
          602.0
        ],
        [
          446.0,
          600.0
        ],
        [
          446.0,
          598.0
        ],
        [
          447.0,
          597.0
        ],
        [
          446.0,
          595.0
        ],
        [
          446.0,
          586.0
        ],
        [
          447.0,
          585.0
        ],
        [
          447.0,
          580.0
        ],
        [
          450.0,
          574.0
        ],
        [
          451.0,
          564.0
        ],
        [
          454.0,
          557.0
        ],
        [
          452.0,
          548.0
        ],
        [
          449.0,
          546.0
        ],
        [
          447.0,
          541.0
        ],
        [
          447.0,
          534.0
        ],
        [
          444.0,
          530.0
        ],
        [
          442.0,
          530.0
        ],
        [
          439.0,
          528.0
        ],
        [
          436.0,
          528.0
        ],
        [
          435.0,
          527.0
        ],
        [
          432.0,
          527.0
        ],
        [
          427.0,
          525.0
        ],
        [
          427.0,
          519.0
        ],
        [
          436.0,
          509.0
        ],
        [
          441.0,
          500.0
        ],
        [
          439.0,
          497.0
        ],
        [
          437.0,
          496.0
        ],
        [
          434.0,
          496.0
        ],
        [
          430.0,
          493.0
        ],
        [
          429.0,
          486.0
        ],
        [
          427.0,
          481.0
        ],
        [
          420.0,
          476.0
        ],
        [
          417.0,
          476.0
        ],
        [
          412.0,
          481.0
        ],
        [
          410.0,
          485.0
        ],
        [
          410.0,
          489.0
        ],
        [
          406.0,
          492.0
        ],
        [
          405.0,
          491.0
        ],
        [
          403.0,
          491.0
        ],
        [
          401.0,
          489.0
        ],
        [
          402.0,
          484.0
        ],
        [
          397.0,
          478.0
        ],
        [
          395.0,
          471.0
        ],
        [
          391.0,
          468.0
        ]
      ],
      "group_id": null,
      "shape_type": "polygon",
      "flags": {}
    },
    {
      "label": "potato",
      "text": "",
      "points": [
        [
          636.0,
          601.0
        ],
        [
          631.0,
          601.0
        ],
        [
          630.0,
          602.0
        ],
        [
          629.0,
          602.0
        ],
        [
          626.0,
          605.0
        ],
        [
          626.0,
          606.0
        ],
        [
          624.0,
          608.0
        ],
        [
          624.0,
          610.0
        ],
        [
          623.0,
          611.0
        ],
        [
          623.0,
          612.0
        ],
        [
          622.0,
          613.0
        ],
        [
          622.0,
          616.0
        ],
        [
          621.0,
          617.0
        ],
        [
          621.0,
          618.0
        ],
        [
          620.0,
          619.0
        ],
        [
          620.0,
          620.0
        ],
        [
          616.0,
          624.0
        ],
        [
          615.0,
          624.0
        ],
        [
          614.0,
          625.0
        ],
        [
          614.0,
          629.0
        ],
        [
          615.0,
          630.0
        ],
        [
          615.0,
          632.0
        ],
        [
          616.0,
          633.0
        ],
        [
          616.0,
          634.0
        ],
        [
          619.0,
          637.0
        ],
        [
          619.0,
          638.0
        ],
        [
          620.0,
          639.0
        ],
        [
          639.0,
          639.0
        ],
        [
          639.0,
          603.0
        ],
        [
          638.0,
          602.0
        ],
        [
          637.0,
          602.0
        ]
      ],
      "group_id": null,
      "shape_type": "polygon",
      "flags": {}
    },
    {
      "label": "weed",
      "text": "",
      "points": [
        [
          226.0,
          21.0
        ],
        [
          234.0,
          21.0
        ],
        [
          235.0,
          20.0
        ],
        [
          236.0,
          20.0
        ],
        [
          237.0,
          19.0
        ],
        [
          238.0,
          19.0
        ],
        [
          241.0,
          16.0
        ],
        [
          241.0,
          15.0
        ],
        [
          244.0,
          12.0
        ],
        [
          245.0,
          12.0
        ],
        [
          246.0,
          11.0
        ],
        [
          251.0,
          11.0
        ],
        [
          252.0,
          12.0
        ],
        [
          253.0,
          12.0
        ],
        [
          254.0,
          13.0
        ],
        [
          254.0,
          14.0
        ],
        [
          256.0,
          16.0
        ],
        [
          260.0,
          16.0
        ],
        [
          262.0,
          14.0
        ],
        [
          263.0,
          14.0
        ],
        [
          264.0,
          13.0
        ],
        [
          264.0,
          12.0
        ],
        [
          267.0,
          9.0
        ],
        [
          268.0,
          9.0
        ],
        [
          271.0,
          6.0
        ],
        [
          271.0,
          4.0
        ],
        [
          272.0,
          3.0
        ],
        [
          272.0,
          0.0
        ],
        [
          241.0,
          0.0
        ],
        [
          241.0,
          2.0
        ],
        [
          238.0,
          5.0
        ],
        [
          237.0,
          5.0
        ],
        [
          235.0,
          7.0
        ],
        [
          234.0,
          7.0
        ],
        [
          233.0,
          8.0
        ],
        [
          232.0,
          8.0
        ],
        [
          231.0,
          9.0
        ],
        [
          230.0,
          9.0
        ],
        [
          229.0,
          10.0
        ],
        [
          229.0,
          11.0
        ],
        [
          228.0,
          12.0
        ],
        [
          228.0,
          13.0
        ],
        [
          227.0,
          14.0
        ],
        [
          227.0,
          17.0
        ],
        [
          226.0,
          18.0
        ]
      ],
      "group_id": null,
      "shape_type": "polygon",
      "flags": {}
    },
    {
      "label": "weed",
      "text": "",
      "points": [
        [
          223.0,
          155.0
        ],
        [
          220.0,
          158.0
        ],
        [
          220.0,
          159.0
        ],
        [
          219.0,
          160.0
        ],
        [
          219.0,
          166.0
        ],
        [
          220.0,
          167.0
        ],
        [
          220.0,
          168.0
        ],
        [
          221.0,
          169.0
        ],
        [
          221.0,
          170.0
        ],
        [
          222.0,
          171.0
        ],
        [
          222.0,
          172.0
        ],
        [
          223.0,
          173.0
        ],
        [
          223.0,
          174.0
        ],
        [
          225.0,
          176.0
        ],
        [
          234.0,
          176.0
        ],
        [
          236.0,
          174.0
        ],
        [
          236.0,
          166.0
        ],
        [
          235.0,
          165.0
        ],
        [
          235.0,
          162.0
        ],
        [
          236.0,
          161.0
        ],
        [
          236.0,
          157.0
        ],
        [
          235.0,
          156.0
        ],
        [
          234.0,
          156.0
        ],
        [
          233.0,
          155.0
        ],
        [
          232.0,
          155.0
        ],
        [
          231.0,
          154.0
        ],
        [
          226.0,
          154.0
        ],
        [
          225.0,
          155.0
        ]
      ],
      "group_id": null,
      "shape_type": "polygon",
      "flags": {}
    },
    {
      "label": "weed",
      "text": "",
      "points": [
        [
          16.0,
          247.0
        ],
        [
          12.0,
          247.0
        ],
        [
          10.0,
          249.0
        ],
        [
          10.0,
          250.0
        ],
        [
          9.0,
          251.0
        ],
        [
          9.0,
          252.0
        ],
        [
          8.0,
          253.0
        ],
        [
          8.0,
          254.0
        ],
        [
          1.0,
          261.0
        ],
        [
          0.0,
          261.0
        ],
        [
          0.0,
          265.0
        ],
        [
          1.0,
          265.0
        ],
        [
          3.0,
          267.0
        ],
        [
          4.0,
          267.0
        ],
        [
          9.0,
          272.0
        ],
        [
          10.0,
          272.0
        ],
        [
          11.0,
          273.0
        ],
        [
          14.0,
          273.0
        ],
        [
          15.0,
          272.0
        ],
        [
          16.0,
          272.0
        ],
        [
          22.0,
          266.0
        ],
        [
          23.0,
          266.0
        ],
        [
          26.0,
          263.0
        ],
        [
          26.0,
          260.0
        ],
        [
          25.0,
          259.0
        ],
        [
          24.0,
          259.0
        ],
        [
          23.0,
          258.0
        ],
        [
          22.0,
          258.0
        ],
        [
          20.0,
          256.0
        ],
        [
          20.0,
          255.0
        ],
        [
          19.0,
          254.0
        ],
        [
          19.0,
          252.0
        ],
        [
          18.0,
          251.0
        ],
        [
          18.0,
          250.0
        ],
        [
          17.0,
          249.0
        ],
        [
          17.0,
          248.0
        ]
      ],
      "group_id": null,
      "shape_type": "polygon",
      "flags": {}
    },
    {
      "label": "weed",
      "text": "",
      "points": [
        [
          204.0,
          458.0
        ],
        [
          200.0,
          458.0
        ],
        [
          199.0,
          459.0
        ],
        [
          197.0,
          459.0
        ],
        [
          196.0,
          460.0
        ],
        [
          194.0,
          460.0
        ],
        [
          192.0,
          462.0
        ],
        [
          192.0,
          471.0
        ],
        [
          193.0,
          472.0
        ],
        [
          193.0,
          474.0
        ],
        [
          194.0,
          475.0
        ],
        [
          194.0,
          476.0
        ],
        [
          195.0,
          477.0
        ],
        [
          196.0,
          477.0
        ],
        [
          197.0,
          478.0
        ],
        [
          203.0,
          478.0
        ],
        [
          204.0,
          477.0
        ],
        [
          206.0,
          477.0
        ],
        [
          208.0,
          475.0
        ],
        [
          209.0,
          475.0
        ],
        [
          211.0,
          473.0
        ],
        [
          211.0,
          472.0
        ],
        [
          213.0,
          470.0
        ],
        [
          213.0,
          466.0
        ],
        [
          211.0,
          464.0
        ],
        [
          210.0,
          464.0
        ],
        [
          207.0,
          461.0
        ],
        [
          207.0,
          460.0
        ],
        [
          206.0,
          459.0
        ],
        [
          205.0,
          459.0
        ]
      ],
      "group_id": null,
      "shape_type": "polygon",
      "flags": {}
    },
    {
      "label": "weed",
      "text": "",
      "points": [
        [
          248.0,
          455.0
        ],
        [
          246.0,
          455.0
        ],
        [
          245.0,
          456.0
        ],
        [
          245.0,
          457.0
        ],
        [
          244.0,
          458.0
        ],
        [
          244.0,
          459.0
        ],
        [
          240.0,
          463.0
        ],
        [
          239.0,
          463.0
        ],
        [
          237.0,
          465.0
        ],
        [
          237.0,
          466.0
        ],
        [
          236.0,
          467.0
        ],
        [
          236.0,
          470.0
        ],
        [
          235.0,
          471.0
        ],
        [
          235.0,
          475.0
        ],
        [
          234.0,
          476.0
        ],
        [
          234.0,
          478.0
        ],
        [
          235.0,
          479.0
        ],
        [
          235.0,
          481.0
        ],
        [
          240.0,
          486.0
        ],
        [
          241.0,
          486.0
        ],
        [
          242.0,
          485.0
        ],
        [
          243.0,
          485.0
        ],
        [
          244.0,
          484.0
        ],
        [
          245.0,
          484.0
        ],
        [
          247.0,
          482.0
        ],
        [
          248.0,
          482.0
        ],
        [
          252.0,
          478.0
        ],
        [
          252.0,
          477.0
        ],
        [
          253.0,
          476.0
        ],
        [
          253.0,
          475.0
        ],
        [
          254.0,
          474.0
        ],
        [
          254.0,
          473.0
        ],
        [
          255.0,
          472.0
        ],
        [
          255.0,
          469.0
        ],
        [
          256.0,
          468.0
        ],
        [
          256.0,
          463.0
        ],
        [
          255.0,
          462.0
        ],
        [
          253.0,
          462.0
        ],
        [
          252.0,
          461.0
        ],
        [
          251.0,
          461.0
        ],
        [
          250.0,
          460.0
        ],
        [
          250.0,
          459.0
        ],
        [
          249.0,
          458.0
        ],
        [
          249.0,
          456.0
        ]
      ],
      "group_id": null,
      "shape_type": "polygon",
      "flags": {}
    },
    {
      "label": "weed",
      "text": "",
      "points": [
        [
          278.0,
          418.0
        ],
        [
          274.0,
          418.0
        ],
        [
          271.0,
          421.0
        ],
        [
          269.0,
          421.0
        ],
        [
          268.0,
          422.0
        ],
        [
          267.0,
          422.0
        ],
        [
          266.0,
          423.0
        ],
        [
          265.0,
          423.0
        ],
        [
          262.0,
          426.0
        ],
        [
          262.0,
          434.0
        ],
        [
          261.0,
          435.0
        ],
        [
          261.0,
          437.0
        ],
        [
          262.0,
          438.0
        ],
        [
          262.0,
          442.0
        ],
        [
          263.0,
          443.0
        ],
        [
          263.0,
          447.0
        ],
        [
          264.0,
          448.0
        ],
        [
          264.0,
          451.0
        ],
        [
          263.0,
          452.0
        ],
        [
          263.0,
          455.0
        ],
        [
          264.0,
          455.0
        ],
        [
          266.0,
          453.0
        ],
        [
          266.0,
          452.0
        ],
        [
          268.0,
          450.0
        ],
        [
          268.0,
          449.0
        ],
        [
          269.0,
          448.0
        ],
        [
          269.0,
          446.0
        ],
        [
          270.0,
          445.0
        ],
        [
          270.0,
          442.0
        ],
        [
          271.0,
          441.0
        ],
        [
          271.0,
          440.0
        ],
        [
          274.0,
          437.0
        ],
        [
          275.0,
          437.0
        ],
        [
          276.0,
          438.0
        ],
        [
          278.0,
          438.0
        ],
        [
          279.0,
          439.0
        ],
        [
          280.0,
          439.0
        ],
        [
          282.0,
          441.0
        ],
        [
          283.0,
          441.0
        ],
        [
          284.0,
          442.0
        ],
        [
          285.0,
          442.0
        ],
        [
          286.0,
          443.0
        ],
        [
          288.0,
          443.0
        ],
        [
          289.0,
          442.0
        ],
        [
          289.0,
          440.0
        ],
        [
          287.0,
          438.0
        ],
        [
          286.0,
          438.0
        ],
        [
          284.0,
          436.0
        ],
        [
          283.0,
          436.0
        ],
        [
          278.0,
          431.0
        ],
        [
          278.0,
          428.0
        ],
        [
          277.0,
          427.0
        ],
        [
          277.0,
          424.0
        ],
        [
          278.0,
          423.0
        ]
      ],
      "group_id": null,
      "shape_type": "polygon",
      "flags": {}
    },
    {
      "label": "weed",
      "text": "",
      "points": [
        [
          387.0,
          39.0
        ],
        [
          382.0,
          44.0
        ],
        [
          382.0,
          45.0
        ],
        [
          381.0,
          46.0
        ],
        [
          381.0,
          54.0
        ],
        [
          382.0,
          55.0
        ],
        [
          382.0,
          57.0
        ],
        [
          383.0,
          58.0
        ],
        [
          383.0,
          59.0
        ],
        [
          386.0,
          62.0
        ],
        [
          390.0,
          62.0
        ],
        [
          393.0,
          65.0
        ],
        [
          393.0,
          66.0
        ],
        [
          394.0,
          67.0
        ],
        [
          394.0,
          68.0
        ],
        [
          395.0,
          69.0
        ],
        [
          395.0,
          70.0
        ],
        [
          396.0,
          71.0
        ],
        [
          397.0,
          71.0
        ],
        [
          399.0,
          73.0
        ],
        [
          400.0,
          73.0
        ],
        [
          401.0,
          74.0
        ],
        [
          402.0,
          74.0
        ],
        [
          403.0,
          75.0
        ],
        [
          405.0,
          75.0
        ],
        [
          406.0,
          74.0
        ],
        [
          406.0,
          73.0
        ],
        [
          407.0,
          72.0
        ],
        [
          407.0,
          71.0
        ],
        [
          408.0,
          70.0
        ],
        [
          408.0,
          67.0
        ],
        [
          409.0,
          66.0
        ],
        [
          409.0,
          63.0
        ],
        [
          410.0,
          62.0
        ],
        [
          410.0,
          61.0
        ],
        [
          411.0,
          60.0
        ],
        [
          411.0,
          54.0
        ],
        [
          410.0,
          53.0
        ],
        [
          410.0,
          52.0
        ],
        [
          409.0,
          51.0
        ],
        [
          408.0,
          51.0
        ],
        [
          407.0,
          50.0
        ],
        [
          406.0,
          50.0
        ],
        [
          405.0,
          49.0
        ],
        [
          402.0,
          49.0
        ],
        [
          401.0,
          48.0
        ],
        [
          400.0,
          48.0
        ],
        [
          398.0,
          46.0
        ],
        [
          398.0,
          45.0
        ],
        [
          397.0,
          44.0
        ],
        [
          397.0,
          43.0
        ],
        [
          396.0,
          42.0
        ],
        [
          396.0,
          41.0
        ],
        [
          394.0,
          39.0
        ],
        [
          393.0,
          39.0
        ],
        [
          392.0,
          38.0
        ],
        [
          390.0,
          38.0
        ],
        [
          389.0,
          39.0
        ]
      ],
      "group_id": null,
      "shape_type": "polygon",
      "flags": {}
    },
    {
      "label": "weed",
      "text": "",
      "points": [
        [
          386.0,
          162.0
        ],
        [
          385.0,
          163.0
        ],
        [
          384.0,
          163.0
        ],
        [
          383.0,
          164.0
        ],
        [
          381.0,
          164.0
        ],
        [
          379.0,
          166.0
        ],
        [
          379.0,
          167.0
        ],
        [
          380.0,
          168.0
        ],
        [
          380.0,
          169.0
        ],
        [
          381.0,
          170.0
        ],
        [
          381.0,
          174.0
        ],
        [
          382.0,
          175.0
        ],
        [
          382.0,
          184.0
        ],
        [
          384.0,
          186.0
        ],
        [
          385.0,
          186.0
        ],
        [
          386.0,
          187.0
        ],
        [
          390.0,
          187.0
        ],
        [
          391.0,
          186.0
        ],
        [
          393.0,
          186.0
        ],
        [
          394.0,
          185.0
        ],
        [
          395.0,
          185.0
        ],
        [
          397.0,
          183.0
        ],
        [
          397.0,
          182.0
        ],
        [
          398.0,
          181.0
        ],
        [
          398.0,
          180.0
        ],
        [
          399.0,
          179.0
        ],
        [
          399.0,
          178.0
        ],
        [
          402.0,
          175.0
        ],
        [
          404.0,
          175.0
        ],
        [
          406.0,
          173.0
        ],
        [
          405.0,
          172.0
        ],
        [
          405.0,
          171.0
        ],
        [
          404.0,
          170.0
        ],
        [
          404.0,
          169.0
        ],
        [
          403.0,
          169.0
        ],
        [
          400.0,
          166.0
        ],
        [
          398.0,
          166.0
        ],
        [
          397.0,
          165.0
        ],
        [
          396.0,
          165.0
        ],
        [
          395.0,
          164.0
        ],
        [
          394.0,
          164.0
        ],
        [
          393.0,
          163.0
        ],
        [
          392.0,
          163.0
        ],
        [
          391.0,
          162.0
        ]
      ],
      "group_id": null,
      "shape_type": "polygon",
      "flags": {}
    },
    {
      "label": "weed",
      "text": "",
      "points": [
        [
          405.0,
          391.0
        ],
        [
          403.0,
          391.0
        ],
        [
          402.0,
          392.0
        ],
        [
          399.0,
          392.0
        ],
        [
          398.0,
          393.0
        ],
        [
          394.0,
          393.0
        ],
        [
          391.0,
          396.0
        ],
        [
          391.0,
          398.0
        ],
        [
          390.0,
          399.0
        ],
        [
          390.0,
          405.0
        ],
        [
          391.0,
          406.0
        ],
        [
          391.0,
          407.0
        ],
        [
          392.0,
          408.0
        ],
        [
          393.0,
          408.0
        ],
        [
          394.0,
          409.0
        ],
        [
          401.0,
          409.0
        ],
        [
          403.0,
          407.0
        ],
        [
          405.0,
          407.0
        ],
        [
          406.0,
          406.0
        ],
        [
          407.0,
          406.0
        ],
        [
          407.0,
          405.0
        ],
        [
          408.0,
          404.0
        ],
        [
          408.0,
          399.0
        ],
        [
          407.0,
          398.0
        ],
        [
          407.0,
          396.0
        ],
        [
          406.0,
          395.0
        ],
        [
          406.0,
          393.0
        ],
        [
          405.0,
          392.0
        ]
      ],
      "group_id": null,
      "shape_type": "polygon",
      "flags": {}
    },
    {
      "label": "weed",
      "text": "",
      "points": [
        [
          288.0,
          305.0
        ],
        [
          288.0,
          309.0
        ],
        [
          289.0,
          310.0
        ],
        [
          289.0,
          311.0
        ],
        [
          290.0,
          311.0
        ],
        [
          291.0,
          312.0
        ],
        [
          292.0,
          312.0
        ],
        [
          293.0,
          313.0
        ],
        [
          294.0,
          313.0
        ],
        [
          295.0,
          314.0
        ],
        [
          297.0,
          314.0
        ],
        [
          298.0,
          315.0
        ],
        [
          299.0,
          315.0
        ],
        [
          300.0,
          316.0
        ],
        [
          301.0,
          316.0
        ],
        [
          303.0,
          318.0
        ],
        [
          303.0,
          319.0
        ],
        [
          304.0,
          320.0
        ],
        [
          304.0,
          321.0
        ],
        [
          305.0,
          322.0
        ],
        [
          305.0,
          323.0
        ],
        [
          309.0,
          327.0
        ],
        [
          312.0,
          327.0
        ],
        [
          313.0,
          326.0
        ],
        [
          314.0,
          326.0
        ],
        [
          316.0,
          324.0
        ],
        [
          316.0,
          323.0
        ],
        [
          317.0,
          322.0
        ],
        [
          317.0,
          319.0
        ],
        [
          318.0,
          318.0
        ],
        [
          318.0,
          317.0
        ],
        [
          317.0,
          316.0
        ],
        [
          317.0,
          315.0
        ],
        [
          316.0,
          314.0
        ],
        [
          316.0,
          313.0
        ],
        [
          315.0,
          312.0
        ],
        [
          315.0,
          310.0
        ],
        [
          314.0,
          309.0
        ],
        [
          314.0,
          308.0
        ],
        [
          311.0,
          305.0
        ],
        [
          311.0,
          304.0
        ],
        [
          310.0,
          303.0
        ],
        [
          308.0,
          303.0
        ],
        [
          307.0,
          302.0
        ],
        [
          302.0,
          302.0
        ],
        [
          301.0,
          303.0
        ],
        [
          294.0,
          303.0
        ],
        [
          293.0,
          304.0
        ],
        [
          290.0,
          304.0
        ],
        [
          289.0,
          305.0
        ]
      ],
      "group_id": null,
      "shape_type": "polygon",
      "flags": {}
    },
    {
      "label": "weed",
      "text": "",
      "points": [
        [
          526.0,
          23.0
        ],
        [
          524.0,
          23.0
        ],
        [
          523.0,
          24.0
        ],
        [
          520.0,
          24.0
        ],
        [
          519.0,
          25.0
        ],
        [
          518.0,
          25.0
        ],
        [
          515.0,
          28.0
        ],
        [
          514.0,
          28.0
        ],
        [
          510.0,
          32.0
        ],
        [
          509.0,
          32.0
        ],
        [
          506.0,
          35.0
        ],
        [
          506.0,
          42.0
        ],
        [
          507.0,
          43.0
        ],
        [
          507.0,
          45.0
        ],
        [
          510.0,
          48.0
        ],
        [
          510.0,
          49.0
        ],
        [
          511.0,
          50.0
        ],
        [
          511.0,
          53.0
        ],
        [
          512.0,
          54.0
        ],
        [
          512.0,
          55.0
        ],
        [
          513.0,
          56.0
        ],
        [
          513.0,
          57.0
        ],
        [
          514.0,
          58.0
        ],
        [
          514.0,
          60.0
        ],
        [
          513.0,
          61.0
        ],
        [
          514.0,
          62.0
        ],
        [
          514.0,
          72.0
        ],
        [
          515.0,
          73.0
        ],
        [
          515.0,
          75.0
        ],
        [
          516.0,
          76.0
        ],
        [
          516.0,
          77.0
        ],
        [
          518.0,
          79.0
        ],
        [
          522.0,
          79.0
        ],
        [
          524.0,
          77.0
        ],
        [
          525.0,
          77.0
        ],
        [
          525.0,
          76.0
        ],
        [
          526.0,
          75.0
        ],
        [
          526.0,
          74.0
        ],
        [
          527.0,
          73.0
        ],
        [
          527.0,
          71.0
        ],
        [
          528.0,
          70.0
        ],
        [
          528.0,
          69.0
        ],
        [
          529.0,
          68.0
        ],
        [
          529.0,
          65.0
        ],
        [
          531.0,
          63.0
        ],
        [
          531.0,
          62.0
        ],
        [
          534.0,
          59.0
        ],
        [
          536.0,
          59.0
        ],
        [
          537.0,
          58.0
        ],
        [
          537.0,
          57.0
        ],
        [
          536.0,
          56.0
        ],
        [
          536.0,
          50.0
        ],
        [
          537.0,
          49.0
        ],
        [
          537.0,
          47.0
        ],
        [
          538.0,
          46.0
        ],
        [
          538.0,
          42.0
        ],
        [
          537.0,
          41.0
        ],
        [
          537.0,
          37.0
        ],
        [
          538.0,
          36.0
        ],
        [
          538.0,
          34.0
        ],
        [
          537.0,
          33.0
        ],
        [
          537.0,
          32.0
        ],
        [
          536.0,
          32.0
        ],
        [
          535.0,
          31.0
        ],
        [
          533.0,
          31.0
        ],
        [
          532.0,
          30.0
        ],
        [
          531.0,
          30.0
        ],
        [
          527.0,
          26.0
        ],
        [
          527.0,
          24.0
        ]
      ],
      "group_id": null,
      "shape_type": "polygon",
      "flags": {}
    },
    {
      "label": "weed",
      "text": "",
      "points": [
        [
          539.0,
          70.0
        ],
        [
          538.0,
          71.0
        ],
        [
          537.0,
          71.0
        ],
        [
          537.0,
          72.0
        ],
        [
          536.0,
          73.0
        ],
        [
          536.0,
          77.0
        ],
        [
          537.0,
          78.0
        ],
        [
          537.0,
          79.0
        ],
        [
          538.0,
          80.0
        ],
        [
          538.0,
          81.0
        ],
        [
          539.0,
          82.0
        ],
        [
          540.0,
          82.0
        ],
        [
          542.0,
          84.0
        ],
        [
          542.0,
          86.0
        ],
        [
          543.0,
          87.0
        ],
        [
          543.0,
          90.0
        ],
        [
          544.0,
          91.0
        ],
        [
          545.0,
          91.0
        ],
        [
          546.0,
          92.0
        ],
        [
          548.0,
          92.0
        ],
        [
          549.0,
          91.0
        ],
        [
          550.0,
          91.0
        ],
        [
          552.0,
          89.0
        ],
        [
          552.0,
          88.0
        ],
        [
          553.0,
          87.0
        ],
        [
          553.0,
          85.0
        ],
        [
          554.0,
          84.0
        ],
        [
          554.0,
          80.0
        ],
        [
          553.0,
          79.0
        ],
        [
          553.0,
          75.0
        ],
        [
          552.0,
          74.0
        ],
        [
          552.0,
          73.0
        ],
        [
          551.0,
          72.0
        ],
        [
          550.0,
          72.0
        ],
        [
          548.0,
          70.0
        ]
      ],
      "group_id": null,
      "shape_type": "polygon",
      "flags": {}
    },
    {
      "label": "weed",
      "text": "",
      "points": [
        [
          513.0,
          257.0
        ],
        [
          509.0,
          261.0
        ],
        [
          509.0,
          265.0
        ],
        [
          510.0,
          266.0
        ],
        [
          510.0,
          267.0
        ],
        [
          511.0,
          268.0
        ],
        [
          511.0,
          271.0
        ],
        [
          512.0,
          272.0
        ],
        [
          514.0,
          272.0
        ],
        [
          515.0,
          273.0
        ],
        [
          523.0,
          273.0
        ],
        [
          524.0,
          272.0
        ],
        [
          524.0,
          270.0
        ],
        [
          525.0,
          269.0
        ],
        [
          525.0,
          264.0
        ],
        [
          526.0,
          263.0
        ],
        [
          526.0,
          260.0
        ],
        [
          525.0,
          259.0
        ],
        [
          525.0,
          258.0
        ],
        [
          524.0,
          257.0
        ],
        [
          523.0,
          257.0
        ],
        [
          522.0,
          256.0
        ],
        [
          516.0,
          256.0
        ],
        [
          515.0,
          257.0
        ]
      ],
      "group_id": null,
      "shape_type": "polygon",
      "flags": {}
    },
    {
      "label": "weed",
      "text": "",
      "points": [
        [
          566.0,
          261.0
        ],
        [
          565.0,
          261.0
        ],
        [
          564.0,
          260.0
        ],
        [
          562.0,
          260.0
        ],
        [
          561.0,
          261.0
        ],
        [
          560.0,
          261.0
        ],
        [
          559.0,
          262.0
        ],
        [
          558.0,
          262.0
        ],
        [
          557.0,
          263.0
        ],
        [
          556.0,
          263.0
        ],
        [
          555.0,
          264.0
        ],
        [
          553.0,
          264.0
        ],
        [
          552.0,
          265.0
        ],
        [
          551.0,
          265.0
        ],
        [
          550.0,
          266.0
        ],
        [
          549.0,
          266.0
        ],
        [
          549.0,
          267.0
        ],
        [
          546.0,
          270.0
        ],
        [
          546.0,
          271.0
        ],
        [
          545.0,
          272.0
        ],
        [
          545.0,
          278.0
        ],
        [
          547.0,
          280.0
        ],
        [
          548.0,
          280.0
        ],
        [
          549.0,
          281.0
        ],
        [
          552.0,
          281.0
        ],
        [
          553.0,
          280.0
        ],
        [
          554.0,
          280.0
        ],
        [
          555.0,
          279.0
        ],
        [
          556.0,
          279.0
        ],
        [
          560.0,
          275.0
        ],
        [
          560.0,
          274.0
        ],
        [
          561.0,
          273.0
        ],
        [
          561.0,
          269.0
        ],
        [
          562.0,
          268.0
        ],
        [
          562.0,
          267.0
        ],
        [
          564.0,
          265.0
        ],
        [
          565.0,
          265.0
        ],
        [
          566.0,
          264.0
        ]
      ],
      "group_id": null,
      "shape_type": "polygon",
      "flags": {}
    },
    {
      "label": "weed",
      "text": "",
      "points": [
        [
          541.0,
          277.0
        ],
        [
          540.0,
          277.0
        ],
        [
          539.0,
          276.0
        ],
        [
          538.0,
          276.0
        ],
        [
          537.0,
          275.0
        ],
        [
          533.0,
          275.0
        ],
        [
          532.0,
          276.0
        ],
        [
          531.0,
          276.0
        ],
        [
          530.0,
          277.0
        ],
        [
          529.0,
          277.0
        ],
        [
          527.0,
          279.0
        ],
        [
          526.0,
          279.0
        ],
        [
          524.0,
          281.0
        ],
        [
          523.0,
          281.0
        ],
        [
          522.0,
          282.0
        ],
        [
          521.0,
          282.0
        ],
        [
          520.0,
          283.0
        ],
        [
          519.0,
          283.0
        ],
        [
          518.0,
          284.0
        ],
        [
          517.0,
          284.0
        ],
        [
          516.0,
          285.0
        ],
        [
          515.0,
          285.0
        ],
        [
          512.0,
          288.0
        ],
        [
          512.0,
          289.0
        ],
        [
          510.0,
          291.0
        ],
        [
          506.0,
          291.0
        ],
        [
          505.0,
          292.0
        ],
        [
          501.0,
          292.0
        ],
        [
          500.0,
          293.0
        ],
        [
          498.0,
          293.0
        ],
        [
          494.0,
          297.0
        ],
        [
          494.0,
          299.0
        ],
        [
          493.0,
          300.0
        ],
        [
          493.0,
          306.0
        ],
        [
          496.0,
          309.0
        ],
        [
          496.0,
          310.0
        ],
        [
          500.0,
          314.0
        ],
        [
          500.0,
          317.0
        ],
        [
          501.0,
          318.0
        ],
        [
          501.0,
          319.0
        ],
        [
          502.0,
          320.0
        ],
        [
          503.0,
          320.0
        ],
        [
          505.0,
          322.0
        ],
        [
          505.0,
          323.0
        ],
        [
          509.0,
          327.0
        ],
        [
          511.0,
          327.0
        ],
        [
          514.0,
          324.0
        ],
        [
          514.0,
          322.0
        ],
        [
          515.0,
          321.0
        ],
        [
          515.0,
          318.0
        ],
        [
          516.0,
          317.0
        ],
        [
          516.0,
          311.0
        ],
        [
          517.0,
          310.0
        ],
        [
          517.0,
          309.0
        ],
        [
          522.0,
          304.0
        ],
        [
          526.0,
          304.0
        ],
        [
          527.0,
          303.0
        ],
        [
          529.0,
          303.0
        ],
        [
          533.0,
          299.0
        ],
        [
          533.0,
          298.0
        ],
        [
          537.0,
          294.0
        ],
        [
          538.0,
          294.0
        ],
        [
          539.0,
          293.0
        ],
        [
          540.0,
          293.0
        ],
        [
          541.0,
          292.0
        ],
        [
          542.0,
          292.0
        ],
        [
          544.0,
          290.0
        ],
        [
          544.0,
          287.0
        ],
        [
          545.0,
          286.0
        ],
        [
          545.0,
          284.0
        ],
        [
          544.0,
          283.0
        ],
        [
          544.0,
          280.0
        ]
      ],
      "group_id": null,
      "shape_type": "polygon",
      "flags": {}
    },
    {
      "label": "weed",
      "text": "",
      "points": [
        [
          581.0,
          372.0
        ],
        [
          580.0,
          371.0
        ],
        [
          580.0,
          370.0
        ],
        [
          577.0,
          367.0
        ],
        [
          574.0,
          367.0
        ],
        [
          572.0,
          369.0
        ],
        [
          571.0,
          369.0
        ],
        [
          570.0,
          370.0
        ],
        [
          565.0,
          370.0
        ],
        [
          564.0,
          371.0
        ],
        [
          547.0,
          371.0
        ],
        [
          546.0,
          370.0
        ],
        [
          540.0,
          370.0
        ],
        [
          539.0,
          369.0
        ],
        [
          536.0,
          369.0
        ],
        [
          535.0,
          370.0
        ],
        [
          535.0,
          371.0
        ],
        [
          532.0,
          374.0
        ],
        [
          532.0,
          379.0
        ],
        [
          533.0,
          380.0
        ],
        [
          533.0,
          384.0
        ],
        [
          532.0,
          385.0
        ],
        [
          532.0,
          386.0
        ],
        [
          530.0,
          388.0
        ],
        [
          530.0,
          390.0
        ],
        [
          529.0,
          391.0
        ],
        [
          529.0,
          394.0
        ],
        [
          530.0,
          395.0
        ],
        [
          530.0,
          396.0
        ],
        [
          531.0,
          397.0
        ],
        [
          539.0,
          397.0
        ],
        [
          540.0,
          396.0
        ],
        [
          544.0,
          396.0
        ],
        [
          545.0,
          397.0
        ],
        [
          546.0,
          397.0
        ],
        [
          554.0,
          405.0
        ],
        [
          555.0,
          405.0
        ],
        [
          556.0,
          406.0
        ],
        [
          560.0,
          406.0
        ],
        [
          560.0,
          400.0
        ],
        [
          561.0,
          399.0
        ],
        [
          562.0,
          399.0
        ],
        [
          563.0,
          398.0
        ],
        [
          564.0,
          398.0
        ],
        [
          565.0,
          397.0
        ],
        [
          566.0,
          397.0
        ],
        [
          566.0,
          396.0
        ],
        [
          568.0,
          394.0
        ],
        [
          568.0,
          393.0
        ],
        [
          569.0,
          392.0
        ],
        [
          569.0,
          391.0
        ],
        [
          570.0,
          390.0
        ],
        [
          570.0,
          387.0
        ],
        [
          571.0,
          386.0
        ],
        [
          571.0,
          383.0
        ],
        [
          574.0,
          380.0
        ],
        [
          575.0,
          380.0
        ],
        [
          576.0,
          379.0
        ],
        [
          577.0,
          379.0
        ],
        [
          580.0,
          376.0
        ],
        [
          580.0,
          374.0
        ],
        [
          581.0,
          373.0
        ]
      ],
      "group_id": null,
      "shape_type": "polygon",
      "flags": {}
    },
    {
      "label": "weed",
      "text": "",
      "points": [
        [
          559.0,
          405.0
        ],
        [
          557.0,
          405.0
        ],
        [
          556.0,
          406.0
        ],
        [
          555.0,
          406.0
        ],
        [
          554.0,
          405.0
        ],
        [
          551.0,
          405.0
        ],
        [
          549.0,
          407.0
        ],
        [
          546.0,
          407.0
        ],
        [
          545.0,
          408.0
        ],
        [
          544.0,
          408.0
        ],
        [
          543.0,
          409.0
        ],
        [
          543.0,
          411.0
        ],
        [
          542.0,
          412.0
        ],
        [
          542.0,
          416.0
        ],
        [
          541.0,
          417.0
        ],
        [
          541.0,
          422.0
        ],
        [
          539.0,
          424.0
        ],
        [
          539.0,
          427.0
        ],
        [
          540.0,
          428.0
        ],
        [
          540.0,
          441.0
        ],
        [
          542.0,
          443.0
        ],
        [
          545.0,
          443.0
        ],
        [
          546.0,
          442.0
        ],
        [
          546.0,
          441.0
        ],
        [
          550.0,
          437.0
        ],
        [
          550.0,
          436.0
        ],
        [
          551.0,
          435.0
        ],
        [
          551.0,
          433.0
        ],
        [
          555.0,
          429.0
        ],
        [
          555.0,
          428.0
        ],
        [
          561.0,
          422.0
        ],
        [
          562.0,
          422.0
        ],
        [
          562.0,
          421.0
        ],
        [
          563.0,
          420.0
        ],
        [
          563.0,
          418.0
        ],
        [
          564.0,
          417.0
        ],
        [
          564.0,
          412.0
        ],
        [
          563.0,
          411.0
        ],
        [
          563.0,
          408.0
        ],
        [
          561.0,
          406.0
        ],
        [
          560.0,
          406.0
        ]
      ],
      "group_id": null,
      "shape_type": "polygon",
      "flags": {}
    },
    {
      "label": "weed",
      "text": "",
      "points": [
        [
          545.0,
          500.0
        ],
        [
          545.0,
          501.0
        ],
        [
          543.0,
          503.0
        ],
        [
          543.0,
          504.0
        ],
        [
          541.0,
          506.0
        ],
        [
          541.0,
          511.0
        ],
        [
          542.0,
          512.0
        ],
        [
          544.0,
          512.0
        ],
        [
          545.0,
          513.0
        ],
        [
          548.0,
          513.0
        ],
        [
          549.0,
          514.0
        ],
        [
          558.0,
          514.0
        ],
        [
          559.0,
          513.0
        ],
        [
          559.0,
          505.0
        ],
        [
          558.0,
          504.0
        ],
        [
          558.0,
          501.0
        ],
        [
          555.0,
          498.0
        ],
        [
          554.0,
          498.0
        ],
        [
          553.0,
          497.0
        ],
        [
          551.0,
          497.0
        ],
        [
          550.0,
          498.0
        ],
        [
          548.0,
          498.0
        ],
        [
          546.0,
          500.0
        ]
      ],
      "group_id": null,
      "shape_type": "polygon",
      "flags": {}
    },
    {
      "label": "weed",
      "text": "",
      "points": [
        [
          541.0,
          565.0
        ],
        [
          540.0,
          564.0
        ],
        [
          538.0,
          564.0
        ],
        [
          537.0,
          563.0
        ],
        [
          536.0,
          563.0
        ],
        [
          535.0,
          564.0
        ],
        [
          533.0,
          564.0
        ],
        [
          532.0,
          565.0
        ],
        [
          531.0,
          565.0
        ],
        [
          530.0,
          566.0
        ],
        [
          529.0,
          566.0
        ],
        [
          528.0,
          567.0
        ],
        [
          526.0,
          567.0
        ],
        [
          525.0,
          568.0
        ],
        [
          523.0,
          568.0
        ],
        [
          521.0,
          570.0
        ],
        [
          521.0,
          571.0
        ],
        [
          520.0,
          572.0
        ],
        [
          520.0,
          574.0
        ],
        [
          519.0,
          575.0
        ],
        [
          519.0,
          576.0
        ],
        [
          518.0,
          577.0
        ],
        [
          518.0,
          578.0
        ],
        [
          517.0,
          579.0
        ],
        [
          517.0,
          583.0
        ],
        [
          518.0,
          584.0
        ],
        [
          519.0,
          583.0
        ],
        [
          520.0,
          583.0
        ],
        [
          521.0,
          582.0
        ],
        [
          525.0,
          582.0
        ],
        [
          526.0,
          581.0
        ],
        [
          527.0,
          581.0
        ],
        [
          537.0,
          571.0
        ],
        [
          537.0,
          570.0
        ],
        [
          538.0,
          569.0
        ],
        [
          539.0,
          569.0
        ],
        [
          541.0,
          567.0
        ]
      ],
      "group_id": null,
      "shape_type": "polygon",
      "flags": {}
    },
    {
      "label": "weed",
      "text": "",
      "points": [
        [
          486.0,
          576.0
        ],
        [
          485.0,
          577.0
        ],
        [
          485.0,
          579.0
        ],
        [
          483.0,
          581.0
        ],
        [
          483.0,
          582.0
        ],
        [
          482.0,
          583.0
        ],
        [
          482.0,
          596.0
        ],
        [
          483.0,
          597.0
        ],
        [
          488.0,
          597.0
        ],
        [
          494.0,
          603.0
        ],
        [
          495.0,
          603.0
        ],
        [
          498.0,
          606.0
        ],
        [
          504.0,
          606.0
        ],
        [
          505.0,
          605.0
        ],
        [
          511.0,
          605.0
        ],
        [
          511.0,
          603.0
        ],
        [
          510.0,
          602.0
        ],
        [
          509.0,
          602.0
        ],
        [
          508.0,
          603.0
        ],
        [
          507.0,
          603.0
        ],
        [
          506.0,
          602.0
        ],
        [
          506.0,
          601.0
        ],
        [
          507.0,
          600.0
        ],
        [
          510.0,
          600.0
        ],
        [
          510.0,
          598.0
        ],
        [
          511.0,
          597.0
        ],
        [
          510.0,
          596.0
        ],
        [
          510.0,
          592.0
        ],
        [
          509.0,
          591.0
        ],
        [
          510.0,
          590.0
        ],
        [
          510.0,
          589.0
        ],
        [
          511.0,
          588.0
        ],
        [
          512.0,
          588.0
        ],
        [
          514.0,
          586.0
        ],
        [
          514.0,
          583.0
        ],
        [
          511.0,
          580.0
        ],
        [
          509.0,
          580.0
        ],
        [
          508.0,
          579.0
        ],
        [
          506.0,
          579.0
        ],
        [
          505.0,
          580.0
        ],
        [
          502.0,
          580.0
        ],
        [
          501.0,
          579.0
        ],
        [
          499.0,
          579.0
        ],
        [
          498.0,
          578.0
        ],
        [
          497.0,
          578.0
        ],
        [
          496.0,
          577.0
        ],
        [
          492.0,
          577.0
        ],
        [
          491.0,
          576.0
        ]
      ],
      "group_id": null,
      "shape_type": "polygon",
      "flags": {}
    },
    {
      "label": "weed",
      "text": "",
      "points": [
        [
          578.0,
          132.0
        ],
        [
          577.0,
          133.0
        ],
        [
          575.0,
          133.0
        ],
        [
          572.0,
          136.0
        ],
        [
          572.0,
          138.0
        ],
        [
          571.0,
          139.0
        ],
        [
          571.0,
          142.0
        ],
        [
          572.0,
          143.0
        ],
        [
          572.0,
          144.0
        ],
        [
          575.0,
          147.0
        ],
        [
          575.0,
          148.0
        ],
        [
          576.0,
          149.0
        ],
        [
          577.0,
          149.0
        ],
        [
          578.0,
          150.0
        ],
        [
          581.0,
          150.0
        ],
        [
          584.0,
          147.0
        ],
        [
          584.0,
          145.0
        ],
        [
          585.0,
          144.0
        ],
        [
          585.0,
          134.0
        ],
        [
          583.0,
          132.0
        ]
      ],
      "group_id": null,
      "shape_type": "polygon",
      "flags": {}
    },
    {
      "label": "weed",
      "text": "",
      "points": [
        [
          615.0,
          480.0
        ],
        [
          612.0,
          480.0
        ],
        [
          611.0,
          481.0
        ],
        [
          609.0,
          481.0
        ],
        [
          606.0,
          484.0
        ],
        [
          606.0,
          485.0
        ],
        [
          605.0,
          486.0
        ],
        [
          605.0,
          487.0
        ],
        [
          604.0,
          488.0
        ],
        [
          604.0,
          489.0
        ],
        [
          601.0,
          492.0
        ],
        [
          601.0,
          494.0
        ],
        [
          600.0,
          495.0
        ],
        [
          600.0,
          497.0
        ],
        [
          601.0,
          498.0
        ],
        [
          601.0,
          500.0
        ],
        [
          603.0,
          502.0
        ],
        [
          604.0,
          502.0
        ],
        [
          605.0,
          503.0
        ],
        [
          606.0,
          503.0
        ],
        [
          607.0,
          504.0
        ],
        [
          608.0,
          504.0
        ],
        [
          609.0,
          503.0
        ],
        [
          610.0,
          503.0
        ],
        [
          611.0,
          502.0
        ],
        [
          612.0,
          502.0
        ],
        [
          614.0,
          500.0
        ],
        [
          614.0,
          499.0
        ],
        [
          617.0,
          496.0
        ],
        [
          617.0,
          491.0
        ],
        [
          616.0,
          490.0
        ],
        [
          616.0,
          485.0
        ],
        [
          617.0,
          484.0
        ],
        [
          617.0,
          482.0
        ]
      ],
      "group_id": null,
      "shape_type": "polygon",
      "flags": {}
    }
  ],
  "imagePath": "..\\after_crop\\tile_0_3.jpg",
  "imageData": null,
  "imageHeight": 640,
  "imageWidth": 640
}