{
  "version": "0.3.3",
  "flags": {},
  "shapes": [
    {
      "label": "potato",
      "text": "",
      "points": [
        [
          43.0,
          8.0
        ],
        [
          41.0,
          10.0
        ],
        [
          41.0,
          12.0
        ],
        [
          40.0,
          13.0
        ],
        [
          40.0,
          15.0
        ],
        [
          41.0,
          16.0
        ],
        [
          41.0,
          18.0
        ],
        [
          42.0,
          19.0
        ],
        [
          42.0,
          21.0
        ],
        [
          43.0,
          22.0
        ],
        [
          43.0,
          23.0
        ],
        [
          44.0,
          24.0
        ],
        [
          44.0,
          25.0
        ],
        [
          48.0,
          29.0
        ],
        [
          48.0,
          30.0
        ],
        [
          49.0,
          31.0
        ],
        [
          49.0,
          32.0
        ],
        [
          51.0,
          34.0
        ],
        [
          51.0,
          35.0
        ],
        [
          53.0,
          37.0
        ],
        [
          54.0,
          37.0
        ],
        [
          55.0,
          38.0
        ],
        [
          57.0,
          38.0
        ],
        [
          58.0,
          39.0
        ],
        [
          61.0,
          39.0
        ],
        [
          62.0,
          40.0
        ],
        [
          63.0,
          40.0
        ],
        [
          64.0,
          41.0
        ],
        [
          65.0,
          41.0
        ],
        [
          66.0,
          42.0
        ],
        [
          67.0,
          42.0
        ],
        [
          71.0,
          46.0
        ],
        [
          72.0,
          46.0
        ],
        [
          73.0,
          47.0
        ],
        [
          78.0,
          47.0
        ],
        [
          79.0,
          46.0
        ],
        [
          80.0,
          46.0
        ],
        [
          80.0,
          45.0
        ],
        [
          81.0,
          44.0
        ],
        [
          81.0,
          43.0
        ],
        [
          82.0,
          42.0
        ],
        [
          82.0,
          41.0
        ],
        [
          86.0,
          37.0
        ],
        [
          86.0,
          35.0
        ],
        [
          87.0,
          34.0
        ],
        [
          87.0,
          33.0
        ],
        [
          88.0,
          32.0
        ],
        [
          88.0,
          29.0
        ],
        [
          89.0,
          28.0
        ],
        [
          89.0,
          22.0
        ],
        [
          88.0,
          21.0
        ],
        [
          88.0,
          18.0
        ],
        [
          87.0,
          17.0
        ],
        [
          87.0,
          16.0
        ],
        [
          86.0,
          15.0
        ],
        [
          86.0,
          14.0
        ],
        [
          84.0,
          12.0
        ],
        [
          84.0,
          11.0
        ],
        [
          78.0,
          5.0
        ],
        [
          73.0,
          5.0
        ],
        [
          72.0,
          6.0
        ],
        [
          71.0,
          6.0
        ],
        [
          69.0,
          8.0
        ],
        [
          68.0,
          8.0
        ],
        [
          67.0,
          9.0
        ],
        [
          57.0,
          9.0
        ],
        [
          56.0,
          8.0
        ],
        [
          53.0,
          8.0
        ],
        [
          52.0,
          7.0
        ],
        [
          46.0,
          7.0
        ],
        [
          45.0,
          8.0
        ]
      ],
      "group_id": null,
      "shape_type": "polygon",
      "flags": {}
    },
    {
      "label": "potato",
      "text": "",
      "points": [
        [
          27.0,
          264.0
        ],
        [
          24.0,
          267.0
        ],
        [
          24.0,
          270.0
        ],
        [
          23.0,
          271.0
        ],
        [
          23.0,
          274.0
        ],
        [
          22.0,
          275.0
        ],
        [
          22.0,
          276.0
        ],
        [
          21.0,
          277.0
        ],
        [
          21.0,
          278.0
        ],
        [
          20.0,
          279.0
        ],
        [
          20.0,
          280.0
        ],
        [
          21.0,
          281.0
        ],
        [
          21.0,
          284.0
        ],
        [
          22.0,
          285.0
        ],
        [
          22.0,
          287.0
        ],
        [
          21.0,
          288.0
        ],
        [
          21.0,
          290.0
        ],
        [
          20.0,
          291.0
        ],
        [
          20.0,
          295.0
        ],
        [
          21.0,
          296.0
        ],
        [
          21.0,
          298.0
        ],
        [
          28.0,
          305.0
        ],
        [
          28.0,
          306.0
        ],
        [
          29.0,
          307.0
        ],
        [
          29.0,
          317.0
        ],
        [
          32.0,
          320.0
        ],
        [
          32.0,
          321.0
        ],
        [
          34.0,
          323.0
        ],
        [
          35.0,
          323.0
        ],
        [
          39.0,
          327.0
        ],
        [
          40.0,
          327.0
        ],
        [
          42.0,
          329.0
        ],
        [
          43.0,
          329.0
        ],
        [
          45.0,
          331.0
        ],
        [
          46.0,
          331.0
        ],
        [
          47.0,
          332.0
        ],
        [
          49.0,
          332.0
        ],
        [
          50.0,
          333.0
        ],
        [
          52.0,
          333.0
        ],
        [
          53.0,
          334.0
        ],
        [
          54.0,
          334.0
        ],
        [
          55.0,
          335.0
        ],
        [
          56.0,
          335.0
        ],
        [
          58.0,
          337.0
        ],
        [
          58.0,
          338.0
        ],
        [
          59.0,
          339.0
        ],
        [
          60.0,
          339.0
        ],
        [
          61.0,
          340.0
        ],
        [
          62.0,
          340.0
        ],
        [
          63.0,
          341.0
        ],
        [
          64.0,
          341.0
        ],
        [
          65.0,
          342.0
        ],
        [
          68.0,
          342.0
        ],
        [
          69.0,
          343.0
        ],
        [
          72.0,
          343.0
        ],
        [
          73.0,
          344.0
        ],
        [
          74.0,
          344.0
        ],
        [
          75.0,
          343.0
        ],
        [
          77.0,
          343.0
        ],
        [
          78.0,
          342.0
        ],
        [
          79.0,
          342.0
        ],
        [
          83.0,
          338.0
        ],
        [
          83.0,
          335.0
        ],
        [
          84.0,
          334.0
        ],
        [
          84.0,
          326.0
        ],
        [
          83.0,
          325.0
        ],
        [
          83.0,
          322.0
        ],
        [
          82.0,
          321.0
        ],
        [
          82.0,
          318.0
        ],
        [
          83.0,
          317.0
        ],
        [
          83.0,
          316.0
        ],
        [
          84.0,
          315.0
        ],
        [
          84.0,
          314.0
        ],
        [
          85.0,
          313.0
        ],
        [
          85.0,
          305.0
        ],
        [
          84.0,
          304.0
        ],
        [
          83.0,
          304.0
        ],
        [
          79.0,
          300.0
        ],
        [
          79.0,
          298.0
        ],
        [
          78.0,
          297.0
        ],
        [
          78.0,
          293.0
        ],
        [
          77.0,
          292.0
        ],
        [
          77.0,
          290.0
        ],
        [
          76.0,
          289.0
        ],
        [
          76.0,
          284.0
        ],
        [
          75.0,
          283.0
        ],
        [
          75.0,
          282.0
        ],
        [
          74.0,
          281.0
        ],
        [
          73.0,
          281.0
        ],
        [
          72.0,
          280.0
        ],
        [
          71.0,
          280.0
        ],
        [
          69.0,
          278.0
        ],
        [
          68.0,
          278.0
        ],
        [
          66.0,
          276.0
        ],
        [
          65.0,
          276.0
        ],
        [
          64.0,
          275.0
        ],
        [
          60.0,
          275.0
        ],
        [
          59.0,
          276.0
        ],
        [
          55.0,
          276.0
        ],
        [
          54.0,
          277.0
        ],
        [
          48.0,
          277.0
        ],
        [
          47.0,
          276.0
        ],
        [
          46.0,
          276.0
        ],
        [
          43.0,
          273.0
        ],
        [
          42.0,
          273.0
        ],
        [
          40.0,
          271.0
        ],
        [
          39.0,
          271.0
        ],
        [
          37.0,
          269.0
        ],
        [
          36.0,
          269.0
        ],
        [
          35.0,
          268.0
        ],
        [
          34.0,
          268.0
        ],
        [
          30.0,
          264.0
        ]
      ],
      "group_id": null,
      "shape_type": "polygon",
      "flags": {}
    },
    {
      "label": "potato",
      "text": "",
      "points": [
        [
          54.0,
          384.0
        ],
        [
          53.0,
          384.0
        ],
        [
          52.0,
          385.0
        ],
        [
          50.0,
          385.0
        ],
        [
          49.0,
          386.0
        ],
        [
          48.0,
          386.0
        ],
        [
          46.0,
          388.0
        ],
        [
          46.0,
          389.0
        ],
        [
          44.0,
          391.0
        ],
        [
          43.0,
          391.0
        ],
        [
          42.0,
          392.0
        ],
        [
          40.0,
          392.0
        ],
        [
          37.0,
          395.0
        ],
        [
          37.0,
          397.0
        ],
        [
          36.0,
          398.0
        ],
        [
          36.0,
          401.0
        ],
        [
          35.0,
          402.0
        ],
        [
          35.0,
          405.0
        ],
        [
          34.0,
          406.0
        ],
        [
          34.0,
          407.0
        ],
        [
          33.0,
          408.0
        ],
        [
          33.0,
          410.0
        ],
        [
          32.0,
          411.0
        ],
        [
          32.0,
          418.0
        ],
        [
          35.0,
          421.0
        ],
        [
          36.0,
          421.0
        ],
        [
          37.0,
          422.0
        ],
        [
          39.0,
          422.0
        ],
        [
          47.0,
          430.0
        ],
        [
          47.0,
          431.0
        ],
        [
          50.0,
          434.0
        ],
        [
          51.0,
          434.0
        ],
        [
          52.0,
          433.0
        ],
        [
          53.0,
          433.0
        ],
        [
          55.0,
          431.0
        ],
        [
          55.0,
          430.0
        ],
        [
          56.0,
          429.0
        ],
        [
          56.0,
          428.0
        ],
        [
          59.0,
          425.0
        ],
        [
          61.0,
          425.0
        ],
        [
          62.0,
          424.0
        ],
        [
          65.0,
          424.0
        ],
        [
          66.0,
          423.0
        ],
        [
          68.0,
          423.0
        ],
        [
          69.0,
          422.0
        ],
        [
          70.0,
          422.0
        ],
        [
          71.0,
          421.0
        ],
        [
          71.0,
          420.0
        ],
        [
          72.0,
          419.0
        ],
        [
          72.0,
          418.0
        ],
        [
          73.0,
          417.0
        ],
        [
          74.0,
          417.0
        ],
        [
          75.0,
          416.0
        ],
        [
          77.0,
          416.0
        ],
        [
          78.0,
          415.0
        ],
        [
          79.0,
          415.0
        ],
        [
          81.0,
          413.0
        ],
        [
          81.0,
          412.0
        ],
        [
          83.0,
          410.0
        ],
        [
          83.0,
          406.0
        ],
        [
          81.0,
          404.0
        ],
        [
          80.0,
          404.0
        ],
        [
          79.0,
          403.0
        ],
        [
          78.0,
          404.0
        ],
        [
          74.0,
          404.0
        ],
        [
          73.0,
          403.0
        ],
        [
          70.0,
          403.0
        ],
        [
          69.0,
          402.0
        ],
        [
          68.0,
          402.0
        ],
        [
          65.0,
          399.0
        ],
        [
          65.0,
          398.0
        ],
        [
          64.0,
          397.0
        ],
        [
          64.0,
          396.0
        ],
        [
          61.0,
          393.0
        ],
        [
          61.0,
          392.0
        ],
        [
          60.0,
          392.0
        ],
        [
          58.0,
          390.0
        ],
        [
          58.0,
          389.0
        ],
        [
          57.0,
          388.0
        ],
        [
          57.0,
          387.0
        ]
      ],
      "group_id": null,
      "shape_type": "polygon",
      "flags": {}
    },
    {
      "label": "potato",
      "text": "",
      "points": [
        [
          29.0,
          556.0
        ],
        [
          29.0,
          559.0
        ],
        [
          30.0,
          560.0
        ],
        [
          30.0,
          562.0
        ],
        [
          31.0,
          563.0
        ],
        [
          31.0,
          565.0
        ],
        [
          30.0,
          566.0
        ],
        [
          30.0,
          569.0
        ],
        [
          29.0,
          570.0
        ],
        [
          29.0,
          576.0
        ],
        [
          32.0,
          579.0
        ],
        [
          32.0,
          580.0
        ],
        [
          33.0,
          581.0
        ],
        [
          34.0,
          581.0
        ],
        [
          36.0,
          583.0
        ],
        [
          37.0,
          583.0
        ],
        [
          38.0,
          584.0
        ],
        [
          43.0,
          584.0
        ],
        [
          44.0,
          583.0
        ],
        [
          48.0,
          583.0
        ],
        [
          52.0,
          587.0
        ],
        [
          54.0,
          587.0
        ],
        [
          55.0,
          588.0
        ],
        [
          56.0,
          588.0
        ],
        [
          58.0,
          590.0
        ],
        [
          61.0,
          590.0
        ],
        [
          64.0,
          587.0
        ],
        [
          65.0,
          587.0
        ],
        [
          66.0,
          586.0
        ],
        [
          67.0,
          586.0
        ],
        [
          68.0,
          585.0
        ],
        [
          68.0,
          583.0
        ],
        [
          69.0,
          582.0
        ],
        [
          69.0,
          577.0
        ],
        [
          68.0,
          576.0
        ],
        [
          68.0,
          574.0
        ],
        [
          64.0,
          570.0
        ],
        [
          64.0,
          567.0
        ],
        [
          65.0,
          566.0
        ],
        [
          65.0,
          565.0
        ],
        [
          66.0,
          564.0
        ],
        [
          66.0,
          563.0
        ],
        [
          67.0,
          562.0
        ],
        [
          67.0,
          559.0
        ],
        [
          65.0,
          557.0
        ],
        [
          64.0,
          557.0
        ],
        [
          61.0,
          554.0
        ],
        [
          60.0,
          554.0
        ],
        [
          59.0,
          553.0
        ],
        [
          52.0,
          553.0
        ],
        [
          51.0,
          554.0
        ],
        [
          41.0,
          554.0
        ],
        [
          40.0,
          553.0
        ],
        [
          32.0,
          553.0
        ]
      ],
      "group_id": null,
      "shape_type": "polygon",
      "flags": {}
    },
    {
      "label": "potato",
      "text": "",
      "points": [
        [
          351.0,
          223.0
        ],
        [
          350.0,
          224.0
        ],
        [
          349.0,
          224.0
        ],
        [
          348.0,
          225.0
        ],
        [
          348.0,
          228.0
        ],
        [
          347.0,
          229.0
        ],
        [
          347.0,
          233.0
        ],
        [
          346.0,
          234.0
        ],
        [
          346.0,
          236.0
        ],
        [
          345.0,
          237.0
        ],
        [
          345.0,
          240.0
        ],
        [
          341.0,
          244.0
        ],
        [
          340.0,
          244.0
        ],
        [
          337.0,
          247.0
        ],
        [
          337.0,
          251.0
        ],
        [
          338.0,
          252.0
        ],
        [
          338.0,
          253.0
        ],
        [
          341.0,
          256.0
        ],
        [
          341.0,
          257.0
        ],
        [
          342.0,
          258.0
        ],
        [
          342.0,
          259.0
        ],
        [
          343.0,
          260.0
        ],
        [
          343.0,
          261.0
        ],
        [
          344.0,
          262.0
        ],
        [
          344.0,
          263.0
        ],
        [
          345.0,
          264.0
        ],
        [
          345.0,
          265.0
        ],
        [
          346.0,
          266.0
        ],
        [
          346.0,
          267.0
        ],
        [
          347.0,
          268.0
        ],
        [
          347.0,
          270.0
        ],
        [
          349.0,
          272.0
        ],
        [
          349.0,
          273.0
        ],
        [
          350.0,
          274.0
        ],
        [
          350.0,
          275.0
        ],
        [
          351.0,
          276.0
        ],
        [
          351.0,
          278.0
        ],
        [
          352.0,
          279.0
        ],
        [
          352.0,
          282.0
        ],
        [
          353.0,
          283.0
        ],
        [
          353.0,
          285.0
        ],
        [
          354.0,
          286.0
        ],
        [
          358.0,
          286.0
        ],
        [
          360.0,
          284.0
        ],
        [
          361.0,
          284.0
        ],
        [
          363.0,
          282.0
        ],
        [
          364.0,
          282.0
        ],
        [
          367.0,
          279.0
        ],
        [
          367.0,
          278.0
        ],
        [
          374.0,
          271.0
        ],
        [
          374.0,
          269.0
        ],
        [
          375.0,
          268.0
        ],
        [
          375.0,
          265.0
        ],
        [
          382.0,
          258.0
        ],
        [
          382.0,
          257.0
        ],
        [
          384.0,
          255.0
        ],
        [
          384.0,
          254.0
        ],
        [
          387.0,
          251.0
        ],
        [
          388.0,
          251.0
        ],
        [
          389.0,
          250.0
        ],
        [
          389.0,
          249.0
        ],
        [
          390.0,
          248.0
        ],
        [
          390.0,
          246.0
        ],
        [
          389.0,
          245.0
        ],
        [
          389.0,
          244.0
        ],
        [
          387.0,
          242.0
        ],
        [
          386.0,
          242.0
        ],
        [
          384.0,
          240.0
        ],
        [
          383.0,
          240.0
        ],
        [
          382.0,
          239.0
        ],
        [
          381.0,
          239.0
        ],
        [
          380.0,
          238.0
        ],
        [
          379.0,
          238.0
        ],
        [
          378.0,
          237.0
        ],
        [
          377.0,
          237.0
        ],
        [
          376.0,
          236.0
        ],
        [
          375.0,
          236.0
        ],
        [
          374.0,
          235.0
        ],
        [
          367.0,
          235.0
        ],
        [
          366.0,
          236.0
        ],
        [
          363.0,
          236.0
        ],
        [
          362.0,
          235.0
        ],
        [
          362.0,
          234.0
        ],
        [
          361.0,
          233.0
        ],
        [
          361.0,
          232.0
        ],
        [
          360.0,
          231.0
        ],
        [
          360.0,
          229.0
        ],
        [
          359.0,
          228.0
        ],
        [
          359.0,
          227.0
        ],
        [
          358.0,
          226.0
        ],
        [
          358.0,
          225.0
        ],
        [
          356.0,
          223.0
        ]
      ],
      "group_id": null,
      "shape_type": "polygon",
      "flags": {}
    },
    {
      "label": "potato",
      "text": "",
      "points": [
        [
          627.0,
          435.0
        ],
        [
          623.0,
          435.0
        ],
        [
          622.0,
          436.0
        ],
        [
          621.0,
          436.0
        ],
        [
          620.0,
          437.0
        ],
        [
          620.0,
          438.0
        ],
        [
          619.0,
          439.0
        ],
        [
          619.0,
          440.0
        ],
        [
          618.0,
          441.0
        ],
        [
          618.0,
          444.0
        ],
        [
          617.0,
          445.0
        ],
        [
          617.0,
          446.0
        ],
        [
          615.0,
          448.0
        ],
        [
          614.0,
          448.0
        ],
        [
          613.0,
          449.0
        ],
        [
          612.0,
          449.0
        ],
        [
          609.0,
          452.0
        ],
        [
          609.0,
          453.0
        ],
        [
          606.0,
          456.0
        ],
        [
          606.0,
          457.0
        ],
        [
          601.0,
          462.0
        ],
        [
          601.0,
          463.0
        ],
        [
          599.0,
          465.0
        ],
        [
          598.0,
          465.0
        ],
        [
          597.0,
          466.0
        ],
        [
          596.0,
          466.0
        ],
        [
          594.0,
          468.0
        ],
        [
          593.0,
          468.0
        ],
        [
          592.0,
          469.0
        ],
        [
          591.0,
          469.0
        ],
        [
          590.0,
          470.0
        ],
        [
          590.0,
          471.0
        ],
        [
          589.0,
          472.0
        ],
        [
          589.0,
          479.0
        ],
        [
          588.0,
          480.0
        ],
        [
          588.0,
          483.0
        ],
        [
          593.0,
          488.0
        ],
        [
          594.0,
          488.0
        ],
        [
          595.0,
          489.0
        ],
        [
          596.0,
          489.0
        ],
        [
          597.0,
          490.0
        ],
        [
          598.0,
          490.0
        ],
        [
          599.0,
          491.0
        ],
        [
          600.0,
          491.0
        ],
        [
          601.0,
          492.0
        ],
        [
          602.0,
          492.0
        ],
        [
          603.0,
          493.0
        ],
        [
          604.0,
          493.0
        ],
        [
          605.0,
          494.0
        ],
        [
          608.0,
          494.0
        ],
        [
          609.0,
          495.0
        ],
        [
          610.0,
          495.0
        ],
        [
          611.0,
          496.0
        ],
        [
          612.0,
          496.0
        ],
        [
          613.0,
          497.0
        ],
        [
          619.0,
          497.0
        ],
        [
          620.0,
          496.0
        ],
        [
          623.0,
          496.0
        ],
        [
          626.0,
          493.0
        ],
        [
          626.0,
          492.0
        ],
        [
          627.0,
          491.0
        ],
        [
          627.0,
          490.0
        ],
        [
          630.0,
          487.0
        ],
        [
          631.0,
          487.0
        ],
        [
          631.0,
          486.0
        ],
        [
          633.0,
          484.0
        ],
        [
          633.0,
          482.0
        ],
        [
          634.0,
          481.0
        ],
        [
          634.0,
          478.0
        ],
        [
          635.0,
          477.0
        ],
        [
          635.0,
          475.0
        ],
        [
          637.0,
          473.0
        ],
        [
          637.0,
          472.0
        ],
        [
          638.0,
          471.0
        ],
        [
          638.0,
          458.0
        ],
        [
          633.0,
          453.0
        ],
        [
          633.0,
          452.0
        ],
        [
          632.0,
          451.0
        ],
        [
          632.0,
          450.0
        ],
        [
          631.0,
          449.0
        ],
        [
          631.0,
          441.0
        ],
        [
          630.0,
          440.0
        ],
        [
          630.0,
          439.0
        ],
        [
          629.0,
          438.0
        ],
        [
          629.0,
          437.0
        ]
      ],
      "group_id": null,
      "shape_type": "polygon",
      "flags": {}
    },
    {
      "label": "weed",
      "text": "",
      "points": [
        [
          520.0,
          0.0
        ],
        [
          520.0,
          1.0
        ],
        [
          518.0,
          3.0
        ],
        [
          517.0,
          3.0
        ],
        [
          516.0,
          4.0
        ],
        [
          516.0,
          12.0
        ],
        [
          517.0,
          12.0
        ],
        [
          519.0,
          14.0
        ],
        [
          519.0,
          15.0
        ],
        [
          521.0,
          17.0
        ],
        [
          521.0,
          18.0
        ],
        [
          522.0,
          19.0
        ],
        [
          523.0,
          19.0
        ],
        [
          524.0,
          20.0
        ],
        [
          530.0,
          20.0
        ],
        [
          531.0,
          19.0
        ],
        [
          532.0,
          19.0
        ],
        [
          534.0,
          17.0
        ],
        [
          534.0,
          16.0
        ],
        [
          535.0,
          15.0
        ],
        [
          535.0,
          14.0
        ],
        [
          536.0,
          13.0
        ],
        [
          536.0,
          9.0
        ],
        [
          535.0,
          8.0
        ],
        [
          535.0,
          7.0
        ],
        [
          534.0,
          6.0
        ],
        [
          533.0,
          6.0
        ],
        [
          532.0,
          5.0
        ],
        [
          531.0,
          5.0
        ],
        [
          530.0,
          4.0
        ],
        [
          529.0,
          4.0
        ],
        [
          528.0,
          3.0
        ],
        [
          527.0,
          3.0
        ],
        [
          525.0,
          1.0
        ],
        [
          525.0,
          0.0
        ]
      ],
      "group_id": null,
      "shape_type": "polygon",
      "flags": {}
    },
    {
      "label": "weed",
      "text": "",
      "points": [
        [
          488.0,
          125.0
        ],
        [
          485.0,
          125.0
        ],
        [
          484.0,
          126.0
        ],
        [
          483.0,
          126.0
        ],
        [
          482.0,
          127.0
        ],
        [
          480.0,
          127.0
        ],
        [
          479.0,
          128.0
        ],
        [
          478.0,
          128.0
        ],
        [
          477.0,
          129.0
        ],
        [
          476.0,
          129.0
        ],
        [
          476.0,
          130.0
        ],
        [
          475.0,
          131.0
        ],
        [
          475.0,
          134.0
        ],
        [
          477.0,
          136.0
        ],
        [
          477.0,
          137.0
        ],
        [
          478.0,
          138.0
        ],
        [
          479.0,
          138.0
        ],
        [
          480.0,
          139.0
        ],
        [
          481.0,
          139.0
        ],
        [
          482.0,
          138.0
        ],
        [
          484.0,
          138.0
        ],
        [
          485.0,
          137.0
        ],
        [
          486.0,
          137.0
        ],
        [
          488.0,
          135.0
        ],
        [
          488.0,
          134.0
        ],
        [
          489.0,
          133.0
        ],
        [
          489.0,
          132.0
        ],
        [
          490.0,
          131.0
        ],
        [
          490.0,
          127.0
        ]
      ],
      "group_id": null,
      "shape_type": "polygon",
      "flags": {}
    },
    {
      "label": "weed",
      "text": "",
      "points": [
        [
          454.0,
          226.0
        ],
        [
          453.0,
          227.0
        ],
        [
          450.0,
          227.0
        ],
        [
          449.0,
          228.0
        ],
        [
          448.0,
          228.0
        ],
        [
          447.0,
          229.0
        ],
        [
          447.0,
          232.0
        ],
        [
          446.0,
          233.0
        ],
        [
          446.0,
          241.0
        ],
        [
          447.0,
          242.0
        ],
        [
          447.0,
          243.0
        ],
        [
          450.0,
          246.0
        ],
        [
          451.0,
          246.0
        ],
        [
          452.0,
          247.0
        ],
        [
          457.0,
          247.0
        ],
        [
          459.0,
          245.0
        ],
        [
          459.0,
          244.0
        ],
        [
          460.0,
          243.0
        ],
        [
          460.0,
          242.0
        ],
        [
          461.0,
          241.0
        ],
        [
          461.0,
          233.0
        ],
        [
          462.0,
          232.0
        ],
        [
          462.0,
          230.0
        ],
        [
          461.0,
          229.0
        ],
        [
          461.0,
          227.0
        ],
        [
          460.0,
          227.0
        ],
        [
          459.0,
          226.0
        ]
      ],
      "group_id": null,
      "shape_type": "polygon",
      "flags": {}
    },
    {
      "label": "weed",
      "text": "",
      "points": [
        [
          457.0,
          289.0
        ],
        [
          451.0,
          289.0
        ],
        [
          450.0,
          290.0
        ],
        [
          448.0,
          290.0
        ],
        [
          447.0,
          291.0
        ],
        [
          445.0,
          291.0
        ],
        [
          444.0,
          292.0
        ],
        [
          442.0,
          292.0
        ],
        [
          441.0,
          293.0
        ],
        [
          441.0,
          299.0
        ],
        [
          443.0,
          301.0
        ],
        [
          443.0,
          302.0
        ],
        [
          444.0,
          303.0
        ],
        [
          445.0,
          303.0
        ],
        [
          446.0,
          304.0
        ],
        [
          448.0,
          304.0
        ],
        [
          449.0,
          303.0
        ],
        [
          450.0,
          303.0
        ],
        [
          454.0,
          299.0
        ],
        [
          454.0,
          298.0
        ],
        [
          457.0,
          295.0
        ],
        [
          457.0,
          294.0
        ],
        [
          458.0,
          293.0
        ],
        [
          458.0,
          290.0
        ]
      ],
      "group_id": null,
      "shape_type": "polygon",
      "flags": {}
    },
    {
      "label": "weed",
      "text": "",
      "points": [
        [
          477.0,
          568.0
        ],
        [
          475.0,
          570.0
        ],
        [
          475.0,
          571.0
        ],
        [
          474.0,
          572.0
        ],
        [
          474.0,
          573.0
        ],
        [
          473.0,
          574.0
        ],
        [
          473.0,
          577.0
        ],
        [
          474.0,
          578.0
        ],
        [
          474.0,
          583.0
        ],
        [
          473.0,
          584.0
        ],
        [
          473.0,
          586.0
        ],
        [
          476.0,
          589.0
        ],
        [
          477.0,
          589.0
        ],
        [
          483.0,
          595.0
        ],
        [
          484.0,
          595.0
        ],
        [
          485.0,
          596.0
        ],
        [
          486.0,
          596.0
        ],
        [
          487.0,
          597.0
        ],
        [
          489.0,
          597.0
        ],
        [
          490.0,
          596.0
        ],
        [
          491.0,
          596.0
        ],
        [
          494.0,
          593.0
        ],
        [
          494.0,
          591.0
        ],
        [
          495.0,
          590.0
        ],
        [
          495.0,
          589.0
        ],
        [
          494.0,
          588.0
        ],
        [
          494.0,
          577.0
        ],
        [
          493.0,
          576.0
        ],
        [
          493.0,
          575.0
        ],
        [
          488.0,
          570.0
        ],
        [
          488.0,
          569.0
        ],
        [
          487.0,
          569.0
        ],
        [
          486.0,
          568.0
        ]
      ],
      "group_id": null,
      "shape_type": "polygon",
      "flags": {}
    },
    {
      "label": "weed",
      "text": "",
      "points": [
        [
          412.0,
          466.0
        ],
        [
          412.0,
          470.0
        ],
        [
          414.0,
          472.0
        ],
        [
          415.0,
          472.0
        ],
        [
          416.0,
          473.0
        ],
        [
          418.0,
          473.0
        ],
        [
          419.0,
          474.0
        ],
        [
          421.0,
          474.0
        ],
        [
          424.0,
          477.0
        ],
        [
          433.0,
          477.0
        ],
        [
          434.0,
          476.0
        ],
        [
          435.0,
          476.0
        ],
        [
          436.0,
          475.0
        ],
        [
          438.0,
          475.0
        ],
        [
          440.0,
          473.0
        ],
        [
          441.0,
          473.0
        ],
        [
          441.0,
          472.0
        ],
        [
          442.0,
          471.0
        ],
        [
          442.0,
          470.0
        ],
        [
          443.0,
          469.0
        ],
        [
          443.0,
          468.0
        ],
        [
          444.0,
          467.0
        ],
        [
          444.0,
          465.0
        ],
        [
          443.0,
          464.0
        ],
        [
          443.0,
          463.0
        ],
        [
          435.0,
          463.0
        ],
        [
          434.0,
          462.0
        ],
        [
          433.0,
          462.0
        ],
        [
          430.0,
          459.0
        ],
        [
          430.0,
          457.0
        ],
        [
          429.0,
          456.0
        ],
        [
          429.0,
          455.0
        ],
        [
          424.0,
          455.0
        ],
        [
          423.0,
          456.0
        ],
        [
          422.0,
          456.0
        ],
        [
          421.0,
          457.0
        ],
        [
          418.0,
          457.0
        ],
        [
          415.0,
          460.0
        ],
        [
          415.0,
          461.0
        ],
        [
          414.0,
          462.0
        ],
        [
          414.0,
          463.0
        ],
        [
          413.0,
          464.0
        ],
        [
          413.0,
          465.0
        ]
      ],
      "group_id": null,
      "shape_type": "polygon",
      "flags": {}
    },
    {
      "label": "weed",
      "text": "",
      "points": [
        [
          322.0,
          278.0
        ],
        [
          318.0,
          278.0
        ],
        [
          317.0,
          277.0
        ],
        [
          316.0,
          277.0
        ],
        [
          315.0,
          278.0
        ],
        [
          313.0,
          278.0
        ],
        [
          309.0,
          282.0
        ],
        [
          309.0,
          287.0
        ],
        [
          310.0,
          288.0
        ],
        [
          310.0,
          291.0
        ],
        [
          311.0,
          292.0
        ],
        [
          312.0,
          292.0
        ],
        [
          313.0,
          293.0
        ],
        [
          316.0,
          293.0
        ],
        [
          318.0,
          291.0
        ],
        [
          319.0,
          291.0
        ],
        [
          320.0,
          290.0
        ],
        [
          321.0,
          290.0
        ],
        [
          322.0,
          289.0
        ],
        [
          323.0,
          289.0
        ],
        [
          324.0,
          288.0
        ],
        [
          324.0,
          287.0
        ],
        [
          325.0,
          286.0
        ],
        [
          324.0,
          285.0
        ],
        [
          324.0,
          280.0
        ]
      ],
      "group_id": null,
      "shape_type": "polygon",
      "flags": {}
    },
    {
      "label": "weed",
      "text": "",
      "points": [
        [
          638.0,
          590.0
        ],
        [
          634.0,
          586.0
        ],
        [
          626.0,
          586.0
        ],
        [
          625.0,
          585.0
        ],
        [
          621.0,
          585.0
        ],
        [
          620.0,
          586.0
        ],
        [
          618.0,
          586.0
        ],
        [
          617.0,
          587.0
        ],
        [
          614.0,
          587.0
        ],
        [
          613.0,
          588.0
        ],
        [
          611.0,
          588.0
        ],
        [
          611.0,
          589.0
        ],
        [
          610.0,
          590.0
        ],
        [
          610.0,
          591.0
        ],
        [
          607.0,
          594.0
        ],
        [
          607.0,
          595.0
        ],
        [
          605.0,
          597.0
        ],
        [
          605.0,
          603.0
        ],
        [
          606.0,
          604.0
        ],
        [
          606.0,
          607.0
        ],
        [
          607.0,
          608.0
        ],
        [
          607.0,
          611.0
        ],
        [
          608.0,
          612.0
        ],
        [
          608.0,
          614.0
        ],
        [
          609.0,
          615.0
        ],
        [
          613.0,
          615.0
        ],
        [
          614.0,
          614.0
        ],
        [
          617.0,
          614.0
        ],
        [
          618.0,
          613.0
        ],
        [
          620.0,
          613.0
        ],
        [
          621.0,
          612.0
        ],
        [
          624.0,
          612.0
        ],
        [
          625.0,
          611.0
        ],
        [
          626.0,
          611.0
        ],
        [
          627.0,
          610.0
        ],
        [
          627.0,
          608.0
        ],
        [
          629.0,
          606.0
        ],
        [
          629.0,
          605.0
        ],
        [
          636.0,
          598.0
        ],
        [
          637.0,
          598.0
        ],
        [
          637.0,
          597.0
        ],
        [
          638.0,
          596.0
        ]
      ],
      "group_id": null,
      "shape_type": "polygon",
      "flags": {}
    },
    {
      "label": "weed",
      "text": "",
      "points": [
        [
          638.0,
          326.0
        ],
        [
          637.0,
          326.0
        ],
        [
          636.0,
          327.0
        ],
        [
          633.0,
          327.0
        ],
        [
          632.0,
          328.0
        ],
        [
          629.0,
          328.0
        ],
        [
          628.0,
          329.0
        ],
        [
          626.0,
          329.0
        ],
        [
          625.0,
          330.0
        ],
        [
          624.0,
          330.0
        ],
        [
          623.0,
          331.0
        ],
        [
          623.0,
          333.0
        ],
        [
          622.0,
          334.0
        ],
        [
          622.0,
          335.0
        ],
        [
          623.0,
          336.0
        ],
        [
          623.0,
          338.0
        ],
        [
          624.0,
          339.0
        ],
        [
          624.0,
          340.0
        ],
        [
          625.0,
          341.0
        ],
        [
          625.0,
          344.0
        ],
        [
          626.0,
          345.0
        ],
        [
          626.0,
          347.0
        ],
        [
          627.0,
          348.0
        ],
        [
          627.0,
          350.0
        ],
        [
          628.0,
          351.0
        ],
        [
          628.0,
          352.0
        ],
        [
          631.0,
          355.0
        ],
        [
          632.0,
          355.0
        ],
        [
          635.0,
          358.0
        ],
        [
          636.0,
          358.0
        ],
        [
          637.0,
          359.0
        ],
        [
          638.0,
          358.0
        ],
        [
          638.0,
          357.0
        ],
        [
          639.0,
          356.0
        ],
        [
          639.0,
          328.0
        ],
        [
          638.0,
          327.0
        ]
      ],
      "group_id": null,
      "shape_type": "polygon",
      "flags": {}
    },
    {
      "label": "weed",
      "text": "",
      "points": [
        [
          250.0,
          0.0
        ],
        [
          250.0,
          7.0
        ],
        [
          251.0,
          8.0
        ],
        [
          251.0,
          10.0
        ],
        [
          254.0,
          13.0
        ],
        [
          256.0,
          13.0
        ],
        [
          257.0,
          14.0
        ],
        [
          261.0,
          14.0
        ],
        [
          262.0,
          13.0
        ],
        [
          263.0,
          13.0
        ],
        [
          264.0,
          12.0
        ],
        [
          265.0,
          12.0
        ],
        [
          266.0,
          11.0
        ],
        [
          266.0,
          8.0
        ],
        [
          267.0,
          7.0
        ],
        [
          267.0,
          0.0
        ]
      ],
      "group_id": null,
      "shape_type": "polygon",
      "flags": {}
    },
    {
      "label": "weed",
      "text": "",
      "points": [
        [
          405.0,
          293.0
        ],
        [
          404.0,
          292.0
        ],
        [
          403.0,
          292.0
        ],
        [
          400.0,
          289.0
        ],
        [
          399.0,
          289.0
        ],
        [
          398.0,
          288.0
        ],
        [
          396.0,
          288.0
        ],
        [
          395.0,
          289.0
        ],
        [
          394.0,
          289.0
        ],
        [
          391.0,
          292.0
        ],
        [
          391.0,
          293.0
        ],
        [
          389.0,
          295.0
        ],
        [
          388.0,
          295.0
        ],
        [
          384.0,
          299.0
        ],
        [
          384.0,
          305.0
        ],
        [
          385.0,
          306.0
        ],
        [
          385.0,
          307.0
        ],
        [
          386.0,
          308.0
        ],
        [
          386.0,
          309.0
        ],
        [
          387.0,
          310.0
        ],
        [
          389.0,
          308.0
        ],
        [
          398.0,
          308.0
        ],
        [
          399.0,
          307.0
        ],
        [
          400.0,
          307.0
        ],
        [
          401.0,
          306.0
        ],
        [
          402.0,
          306.0
        ],
        [
          404.0,
          304.0
        ],
        [
          405.0,
          304.0
        ],
        [
          405.0,
          303.0
        ],
        [
          406.0,
          302.0
        ],
        [
          406.0,
          299.0
        ],
        [
          407.0,
          298.0
        ],
        [
          406.0,
          297.0
        ],
        [
          406.0,
          295.0
        ],
        [
          405.0,
          294.0
        ]
      ],
      "group_id": null,
      "shape_type": "polygon",
      "flags": {}
    },
    {
      "label": "weed",
      "text": "",
      "points": [
        [
          449.0,
          589.0
        ],
        [
          448.0,
          590.0
        ],
        [
          448.0,
          591.0
        ],
        [
          446.0,
          593.0
        ],
        [
          446.0,
          595.0
        ],
        [
          445.0,
          596.0
        ],
        [
          445.0,
          601.0
        ],
        [
          444.0,
          602.0
        ],
        [
          444.0,
          616.0
        ],
        [
          445.0,
          617.0
        ],
        [
          445.0,
          619.0
        ],
        [
          448.0,
          622.0
        ],
        [
          449.0,
          622.0
        ],
        [
          451.0,
          624.0
        ],
        [
          456.0,
          624.0
        ],
        [
          457.0,
          623.0
        ],
        [
          458.0,
          623.0
        ],
        [
          463.0,
          618.0
        ],
        [
          464.0,
          618.0
        ],
        [
          464.0,
          617.0
        ],
        [
          465.0,
          616.0
        ],
        [
          465.0,
          602.0
        ],
        [
          463.0,
          600.0
        ],
        [
          462.0,
          600.0
        ],
        [
          461.0,
          599.0
        ],
        [
          460.0,
          599.0
        ],
        [
          459.0,
          598.0
        ],
        [
          458.0,
          598.0
        ],
        [
          456.0,
          596.0
        ],
        [
          455.0,
          596.0
        ],
        [
          453.0,
          594.0
        ],
        [
          453.0,
          590.0
        ],
        [
          452.0,
          589.0
        ]
      ],
      "group_id": null,
      "shape_type": "polygon",
      "flags": {}
    }
  ],
  "imagePath": "..\\after_crop\\tile_15_3.jpg",
  "imageData": null,
  "imageHeight": 640,
  "imageWidth": 640
}