{
  "version": "0.3.3",
  "flags": {},
  "shapes": [
    {
      "label": "potato",
      "text": "",
      "points": [
        [
          272.0,
          123.0
        ],
        [
          271.0,
          122.0
        ],
        [
          266.0,
          120.0
        ],
        [
          264.0,
          118.0
        ],
        [
          263.0,
          118.0
        ],
        [
          262.0,
          117.0
        ],
        [
          258.0,
          117.0
        ],
        [
          257.0,
          116.0
        ],
        [
          255.0,
          116.0
        ],
        [
          251.0,
          112.0
        ],
        [
          251.0,
          110.0
        ],
        [
          250.0,
          109.0
        ],
        [
          250.0,
          108.0
        ],
        [
          249.0,
          107.0
        ],
        [
          247.0,
          107.0
        ],
        [
          246.0,
          106.0
        ],
        [
          242.0,
          106.0
        ],
        [
          239.0,
          108.0
        ],
        [
          237.0,
          108.0
        ],
        [
          236.0,
          109.0
        ],
        [
          232.0,
          109.0
        ],
        [
          231.0,
          110.0
        ],
        [
          228.0,
          110.0
        ],
        [
          227.0,
          109.0
        ],
        [
          222.0,
          109.0
        ],
        [
          215.0,
          113.0
        ],
        [
          215.0,
          114.0
        ],
        [
          211.0,
          121.0
        ],
        [
          210.0,
          121.0
        ],
        [
          209.0,
          122.0
        ],
        [
          206.0,
          122.0
        ],
        [
          205.0,
          121.0
        ],
        [
          200.0,
          121.0
        ],
        [
          199.0,
          122.0
        ],
        [
          198.0,
          122.0
        ],
        [
          195.0,
          125.0
        ],
        [
          195.0,
          128.0
        ],
        [
          194.0,
          129.0
        ],
        [
          195.0,
          130.0
        ],
        [
          195.0,
          141.0
        ],
        [
          194.0,
          142.0
        ],
        [
          194.0,
          147.0
        ],
        [
          195.0,
          148.0
        ],
        [
          195.0,
          150.0
        ],
        [
          196.0,
          151.0
        ],
        [
          196.0,
          152.0
        ],
        [
          199.0,
          155.0
        ],
        [
          199.0,
          156.0
        ],
        [
          200.0,
          157.0
        ],
        [
          200.0,
          163.0
        ],
        [
          199.0,
          164.0
        ],
        [
          199.0,
          166.0
        ],
        [
          198.0,
          167.0
        ],
        [
          196.0,
          172.0
        ],
        [
          193.0,
          175.0
        ],
        [
          192.0,
          175.0
        ],
        [
          190.0,
          177.0
        ],
        [
          187.0,
          178.0
        ],
        [
          185.0,
          180.0
        ],
        [
          185.0,
          181.0
        ],
        [
          183.0,
          184.0
        ],
        [
          183.0,
          187.0
        ],
        [
          182.0,
          188.0
        ],
        [
          185.0,
          191.0
        ],
        [
          187.0,
          191.0
        ],
        [
          188.0,
          192.0
        ],
        [
          199.0,
          192.0
        ],
        [
          200.0,
          193.0
        ],
        [
          201.0,
          193.0
        ],
        [
          202.0,
          194.0
        ],
        [
          202.0,
          195.0
        ],
        [
          204.0,
          197.0
        ],
        [
          206.0,
          197.0
        ],
        [
          207.0,
          198.0
        ],
        [
          208.0,
          197.0
        ],
        [
          210.0,
          197.0
        ],
        [
          215.0,
          192.0
        ],
        [
          220.0,
          192.0
        ],
        [
          223.0,
          195.0
        ],
        [
          226.0,
          196.0
        ],
        [
          228.0,
          198.0
        ],
        [
          229.0,
          198.0
        ],
        [
          232.0,
          200.0
        ],
        [
          241.0,
          200.0
        ],
        [
          242.0,
          199.0
        ],
        [
          243.0,
          199.0
        ],
        [
          247.0,
          195.0
        ],
        [
          247.0,
          194.0
        ],
        [
          248.0,
          193.0
        ],
        [
          248.0,
          190.0
        ],
        [
          249.0,
          189.0
        ],
        [
          249.0,
          180.0
        ],
        [
          250.0,
          179.0
        ],
        [
          251.0,
          176.0
        ],
        [
          254.0,
          173.0
        ],
        [
          254.0,
          169.0
        ],
        [
          255.0,
          168.0
        ],
        [
          255.0,
          164.0
        ],
        [
          257.0,
          161.0
        ],
        [
          259.0,
          161.0
        ],
        [
          260.0,
          160.0
        ],
        [
          267.0,
          160.0
        ],
        [
          268.0,
          161.0
        ],
        [
          271.0,
          162.0
        ],
        [
          272.0,
          163.0
        ],
        [
          272.0,
          164.0
        ],
        [
          273.0,
          164.0
        ],
        [
          274.0,
          165.0
        ],
        [
          285.0,
          165.0
        ],
        [
          288.0,
          162.0
        ],
        [
          288.0,
          161.0
        ],
        [
          289.0,
          160.0
        ],
        [
          289.0,
          158.0
        ],
        [
          285.0,
          154.0
        ],
        [
          284.0,
          154.0
        ],
        [
          279.0,
          151.0
        ],
        [
          277.0,
          151.0
        ],
        [
          276.0,
          150.0
        ],
        [
          273.0,
          149.0
        ],
        [
          272.0,
          148.0
        ],
        [
          272.0,
          147.0
        ],
        [
          270.0,
          145.0
        ],
        [
          270.0,
          140.0
        ],
        [
          271.0,
          139.0
        ],
        [
          271.0,
          138.0
        ],
        [
          275.0,
          131.0
        ],
        [
          275.0,
          128.0
        ],
        [
          273.0,
          126.0
        ]
      ],
      "group_id": null,
      "shape_type": "polygon",
      "flags": {}
    },
    {
      "label": "potato",
      "text": "",
      "points": [
        [
          285.0,
          248.0
        ],
        [
          284.0,
          248.0
        ],
        [
          283.0,
          247.0
        ],
        [
          278.0,
          247.0
        ],
        [
          277.0,
          246.0
        ],
        [
          267.0,
          246.0
        ],
        [
          266.0,
          247.0
        ],
        [
          263.0,
          247.0
        ],
        [
          262.0,
          248.0
        ],
        [
          260.0,
          248.0
        ],
        [
          259.0,
          249.0
        ],
        [
          258.0,
          249.0
        ],
        [
          257.0,
          250.0
        ],
        [
          256.0,
          250.0
        ],
        [
          255.0,
          251.0
        ],
        [
          252.0,
          251.0
        ],
        [
          250.0,
          249.0
        ],
        [
          250.0,
          240.0
        ],
        [
          247.0,
          237.0
        ],
        [
          246.0,
          237.0
        ],
        [
          245.0,
          236.0
        ],
        [
          240.0,
          236.0
        ],
        [
          239.0,
          237.0
        ],
        [
          236.0,
          237.0
        ],
        [
          235.0,
          238.0
        ],
        [
          233.0,
          238.0
        ],
        [
          230.0,
          241.0
        ],
        [
          229.0,
          241.0
        ],
        [
          228.0,
          242.0
        ],
        [
          228.0,
          243.0
        ],
        [
          227.0,
          244.0
        ],
        [
          227.0,
          248.0
        ],
        [
          226.0,
          249.0
        ],
        [
          227.0,
          250.0
        ],
        [
          227.0,
          254.0
        ],
        [
          225.0,
          256.0
        ],
        [
          224.0,
          256.0
        ],
        [
          223.0,
          257.0
        ],
        [
          222.0,
          257.0
        ],
        [
          222.0,
          258.0
        ],
        [
          221.0,
          259.0
        ],
        [
          221.0,
          264.0
        ],
        [
          222.0,
          265.0
        ],
        [
          222.0,
          270.0
        ],
        [
          223.0,
          271.0
        ],
        [
          223.0,
          274.0
        ],
        [
          224.0,
          275.0
        ],
        [
          224.0,
          277.0
        ],
        [
          225.0,
          278.0
        ],
        [
          225.0,
          280.0
        ],
        [
          226.0,
          281.0
        ],
        [
          226.0,
          285.0
        ],
        [
          227.0,
          286.0
        ],
        [
          227.0,
          290.0
        ],
        [
          228.0,
          291.0
        ],
        [
          228.0,
          293.0
        ],
        [
          230.0,
          295.0
        ],
        [
          230.0,
          296.0
        ],
        [
          231.0,
          297.0
        ],
        [
          231.0,
          298.0
        ],
        [
          236.0,
          303.0
        ],
        [
          241.0,
          303.0
        ],
        [
          242.0,
          302.0
        ],
        [
          243.0,
          302.0
        ],
        [
          244.0,
          301.0
        ],
        [
          245.0,
          301.0
        ],
        [
          246.0,
          300.0
        ],
        [
          248.0,
          300.0
        ],
        [
          249.0,
          299.0
        ],
        [
          251.0,
          299.0
        ],
        [
          253.0,
          297.0
        ],
        [
          253.0,
          296.0
        ],
        [
          254.0,
          295.0
        ],
        [
          254.0,
          290.0
        ],
        [
          255.0,
          289.0
        ],
        [
          255.0,
          288.0
        ],
        [
          257.0,
          286.0
        ],
        [
          258.0,
          286.0
        ],
        [
          259.0,
          285.0
        ],
        [
          260.0,
          285.0
        ],
        [
          261.0,
          286.0
        ],
        [
          264.0,
          286.0
        ],
        [
          265.0,
          287.0
        ],
        [
          267.0,
          287.0
        ],
        [
          268.0,
          288.0
        ],
        [
          271.0,
          288.0
        ],
        [
          272.0,
          287.0
        ],
        [
          273.0,
          287.0
        ],
        [
          275.0,
          285.0
        ],
        [
          275.0,
          283.0
        ],
        [
          274.0,
          282.0
        ],
        [
          274.0,
          280.0
        ],
        [
          273.0,
          279.0
        ],
        [
          273.0,
          278.0
        ],
        [
          272.0,
          277.0
        ],
        [
          270.0,
          277.0
        ],
        [
          267.0,
          274.0
        ],
        [
          267.0,
          272.0
        ],
        [
          268.0,
          271.0
        ],
        [
          269.0,
          271.0
        ],
        [
          270.0,
          270.0
        ],
        [
          272.0,
          270.0
        ],
        [
          273.0,
          269.0
        ],
        [
          274.0,
          269.0
        ],
        [
          274.0,
          268.0
        ],
        [
          276.0,
          266.0
        ],
        [
          276.0,
          265.0
        ],
        [
          278.0,
          263.0
        ],
        [
          279.0,
          263.0
        ],
        [
          280.0,
          262.0
        ],
        [
          281.0,
          262.0
        ],
        [
          282.0,
          261.0
        ],
        [
          283.0,
          261.0
        ],
        [
          287.0,
          257.0
        ],
        [
          287.0,
          253.0
        ],
        [
          286.0,
          252.0
        ],
        [
          286.0,
          249.0
        ]
      ],
      "group_id": null,
      "shape_type": "polygon",
      "flags": {}
    },
    {
      "label": "potato",
      "text": "",
      "points": [
        [
          256.0,
          567.0
        ],
        [
          251.0,
          567.0
        ],
        [
          250.0,
          568.0
        ],
        [
          249.0,
          568.0
        ],
        [
          246.0,
          571.0
        ],
        [
          246.0,
          572.0
        ],
        [
          245.0,
          573.0
        ],
        [
          245.0,
          577.0
        ],
        [
          244.0,
          578.0
        ],
        [
          244.0,
          581.0
        ],
        [
          243.0,
          582.0
        ],
        [
          243.0,
          584.0
        ],
        [
          242.0,
          585.0
        ],
        [
          242.0,
          588.0
        ],
        [
          241.0,
          589.0
        ],
        [
          241.0,
          590.0
        ],
        [
          238.0,
          593.0
        ],
        [
          237.0,
          593.0
        ],
        [
          232.0,
          588.0
        ],
        [
          232.0,
          587.0
        ],
        [
          230.0,
          585.0
        ],
        [
          229.0,
          585.0
        ],
        [
          228.0,
          584.0
        ],
        [
          227.0,
          584.0
        ],
        [
          226.0,
          583.0
        ],
        [
          225.0,
          583.0
        ],
        [
          224.0,
          584.0
        ],
        [
          223.0,
          584.0
        ],
        [
          223.0,
          585.0
        ],
        [
          222.0,
          586.0
        ],
        [
          222.0,
          588.0
        ],
        [
          221.0,
          589.0
        ],
        [
          221.0,
          591.0
        ],
        [
          219.0,
          593.0
        ],
        [
          218.0,
          593.0
        ],
        [
          217.0,
          594.0
        ],
        [
          215.0,
          594.0
        ],
        [
          214.0,
          595.0
        ],
        [
          212.0,
          595.0
        ],
        [
          211.0,
          596.0
        ],
        [
          209.0,
          596.0
        ],
        [
          208.0,
          597.0
        ],
        [
          207.0,
          597.0
        ],
        [
          205.0,
          599.0
        ],
        [
          205.0,
          600.0
        ],
        [
          204.0,
          601.0
        ],
        [
          204.0,
          602.0
        ],
        [
          202.0,
          604.0
        ],
        [
          200.0,
          604.0
        ],
        [
          199.0,
          605.0
        ],
        [
          197.0,
          605.0
        ],
        [
          196.0,
          606.0
        ],
        [
          195.0,
          606.0
        ],
        [
          195.0,
          609.0
        ],
        [
          197.0,
          611.0
        ],
        [
          197.0,
          612.0
        ],
        [
          198.0,
          613.0
        ],
        [
          198.0,
          615.0
        ],
        [
          199.0,
          616.0
        ],
        [
          199.0,
          620.0
        ],
        [
          200.0,
          621.0
        ],
        [
          200.0,
          623.0
        ],
        [
          196.0,
          627.0
        ],
        [
          196.0,
          631.0
        ],
        [
          198.0,
          633.0
        ],
        [
          199.0,
          633.0
        ],
        [
          201.0,
          635.0
        ],
        [
          202.0,
          635.0
        ],
        [
          206.0,
          639.0
        ],
        [
          263.0,
          639.0
        ],
        [
          263.0,
          637.0
        ],
        [
          262.0,
          636.0
        ],
        [
          262.0,
          635.0
        ],
        [
          261.0,
          634.0
        ],
        [
          260.0,
          634.0
        ],
        [
          258.0,
          632.0
        ],
        [
          258.0,
          631.0
        ],
        [
          255.0,
          628.0
        ],
        [
          255.0,
          623.0
        ],
        [
          263.0,
          615.0
        ],
        [
          263.0,
          614.0
        ],
        [
          264.0,
          613.0
        ],
        [
          264.0,
          611.0
        ],
        [
          266.0,
          608.0
        ],
        [
          266.0,
          605.0
        ],
        [
          265.0,
          604.0
        ],
        [
          265.0,
          602.0
        ],
        [
          264.0,
          601.0
        ],
        [
          264.0,
          597.0
        ],
        [
          265.0,
          596.0
        ],
        [
          265.0,
          589.0
        ],
        [
          264.0,
          588.0
        ],
        [
          263.0,
          588.0
        ],
        [
          260.0,
          585.0
        ],
        [
          260.0,
          584.0
        ],
        [
          259.0,
          583.0
        ],
        [
          259.0,
          581.0
        ],
        [
          260.0,
          580.0
        ],
        [
          260.0,
          575.0
        ],
        [
          259.0,
          574.0
        ],
        [
          259.0,
          572.0
        ],
        [
          258.0,
          571.0
        ],
        [
          258.0,
          570.0
        ]
      ],
      "group_id": null,
      "shape_type": "polygon",
      "flags": {}
    },
    {
      "label": "potato",
      "text": "",
      "points": [
        [
          570.0,
          314.0
        ],
        [
          569.0,
          313.0
        ],
        [
          567.0,
          313.0
        ],
        [
          566.0,
          312.0
        ],
        [
          564.0,
          312.0
        ],
        [
          563.0,
          313.0
        ],
        [
          560.0,
          313.0
        ],
        [
          559.0,
          314.0
        ],
        [
          558.0,
          314.0
        ],
        [
          553.0,
          319.0
        ],
        [
          551.0,
          319.0
        ],
        [
          550.0,
          318.0
        ],
        [
          550.0,
          317.0
        ],
        [
          546.0,
          313.0
        ],
        [
          546.0,
          312.0
        ],
        [
          544.0,
          309.0
        ],
        [
          544.0,
          307.0
        ],
        [
          541.0,
          302.0
        ],
        [
          541.0,
          298.0
        ],
        [
          540.0,
          297.0
        ],
        [
          540.0,
          294.0
        ],
        [
          539.0,
          293.0
        ],
        [
          538.0,
          290.0
        ],
        [
          537.0,
          290.0
        ],
        [
          534.0,
          288.0
        ],
        [
          529.0,
          288.0
        ],
        [
          528.0,
          289.0
        ],
        [
          527.0,
          289.0
        ],
        [
          524.0,
          292.0
        ],
        [
          524.0,
          293.0
        ],
        [
          523.0,
          294.0
        ],
        [
          523.0,
          296.0
        ],
        [
          522.0,
          297.0
        ],
        [
          520.0,
          302.0
        ],
        [
          518.0,
          304.0
        ],
        [
          515.0,
          304.0
        ],
        [
          514.0,
          305.0
        ],
        [
          511.0,
          302.0
        ],
        [
          510.0,
          299.0
        ],
        [
          509.0,
          300.0
        ],
        [
          503.0,
          300.0
        ],
        [
          502.0,
          301.0
        ],
        [
          499.0,
          301.0
        ],
        [
          498.0,
          302.0
        ],
        [
          497.0,
          302.0
        ],
        [
          497.0,
          305.0
        ],
        [
          496.0,
          306.0
        ],
        [
          496.0,
          312.0
        ],
        [
          495.0,
          313.0
        ],
        [
          494.0,
          316.0
        ],
        [
          492.0,
          318.0
        ],
        [
          492.0,
          319.0
        ],
        [
          487.0,
          324.0
        ],
        [
          482.0,
          326.0
        ],
        [
          482.0,
          327.0
        ],
        [
          480.0,
          329.0
        ],
        [
          480.0,
          338.0
        ],
        [
          484.0,
          342.0
        ],
        [
          485.0,
          342.0
        ],
        [
          488.0,
          345.0
        ],
        [
          489.0,
          345.0
        ],
        [
          492.0,
          348.0
        ],
        [
          493.0,
          348.0
        ],
        [
          495.0,
          350.0
        ],
        [
          495.0,
          353.0
        ],
        [
          489.0,
          359.0
        ],
        [
          488.0,
          359.0
        ],
        [
          488.0,
          360.0
        ],
        [
          485.0,
          365.0
        ],
        [
          485.0,
          372.0
        ],
        [
          486.0,
          373.0
        ],
        [
          486.0,
          374.0
        ],
        [
          489.0,
          377.0
        ],
        [
          490.0,
          377.0
        ],
        [
          491.0,
          378.0
        ],
        [
          493.0,
          378.0
        ],
        [
          494.0,
          379.0
        ],
        [
          497.0,
          379.0
        ],
        [
          498.0,
          378.0
        ],
        [
          501.0,
          378.0
        ],
        [
          510.0,
          369.0
        ],
        [
          516.0,
          375.0
        ],
        [
          516.0,
          378.0
        ],
        [
          517.0,
          379.0
        ],
        [
          517.0,
          381.0
        ],
        [
          518.0,
          382.0
        ],
        [
          519.0,
          382.0
        ],
        [
          521.0,
          384.0
        ],
        [
          523.0,
          384.0
        ],
        [
          524.0,
          385.0
        ],
        [
          526.0,
          385.0
        ],
        [
          528.0,
          383.0
        ],
        [
          528.0,
          382.0
        ],
        [
          531.0,
          379.0
        ],
        [
          532.0,
          379.0
        ],
        [
          535.0,
          377.0
        ],
        [
          537.0,
          377.0
        ],
        [
          538.0,
          376.0
        ],
        [
          541.0,
          376.0
        ],
        [
          542.0,
          375.0
        ],
        [
          547.0,
          373.0
        ],
        [
          551.0,
          368.0
        ],
        [
          552.0,
          368.0
        ],
        [
          557.0,
          365.0
        ],
        [
          557.0,
          364.0
        ],
        [
          558.0,
          363.0
        ],
        [
          558.0,
          358.0
        ],
        [
          559.0,
          357.0
        ],
        [
          558.0,
          356.0
        ],
        [
          558.0,
          354.0
        ],
        [
          561.0,
          351.0
        ],
        [
          564.0,
          351.0
        ],
        [
          565.0,
          350.0
        ],
        [
          566.0,
          350.0
        ],
        [
          566.0,
          344.0
        ],
        [
          565.0,
          343.0
        ],
        [
          565.0,
          341.0
        ],
        [
          563.0,
          339.0
        ],
        [
          563.0,
          338.0
        ],
        [
          562.0,
          338.0
        ],
        [
          560.0,
          336.0
        ],
        [
          560.0,
          335.0
        ],
        [
          558.0,
          332.0
        ],
        [
          558.0,
          330.0
        ],
        [
          559.0,
          329.0
        ],
        [
          566.0,
          329.0
        ],
        [
          568.0,
          327.0
        ],
        [
          568.0,
          326.0
        ],
        [
          570.0,
          324.0
        ],
        [
          570.0,
          321.0
        ],
        [
          571.0,
          320.0
        ],
        [
          571.0,
          316.0
        ],
        [
          570.0,
          315.0
        ]
      ],
      "group_id": null,
      "shape_type": "polygon",
      "flags": {}
    },
    {
      "label": "potato",
      "text": "",
      "points": [
        [
          457.0,
          511.0
        ],
        [
          455.0,
          513.0
        ],
        [
          455.0,
          521.0
        ],
        [
          459.0,
          530.0
        ],
        [
          460.0,
          558.0
        ],
        [
          456.0,
          562.0
        ],
        [
          452.0,
          564.0
        ],
        [
          451.0,
          566.0
        ],
        [
          451.0,
          573.0
        ],
        [
          452.0,
          574.0
        ],
        [
          452.0,
          579.0
        ],
        [
          454.0,
          581.0
        ],
        [
          462.0,
          580.0
        ],
        [
          465.0,
          578.0
        ],
        [
          468.0,
          578.0
        ],
        [
          469.0,
          577.0
        ],
        [
          470.0,
          577.0
        ],
        [
          473.0,
          580.0
        ],
        [
          474.0,
          594.0
        ],
        [
          471.0,
          597.0
        ],
        [
          470.0,
          600.0
        ],
        [
          467.0,
          604.0
        ],
        [
          467.0,
          607.0
        ],
        [
          466.0,
          608.0
        ],
        [
          467.0,
          611.0
        ],
        [
          469.0,
          613.0
        ],
        [
          471.0,
          613.0
        ],
        [
          472.0,
          612.0
        ],
        [
          481.0,
          612.0
        ],
        [
          485.0,
          609.0
        ],
        [
          492.0,
          608.0
        ],
        [
          494.0,
          609.0
        ],
        [
          499.0,
          615.0
        ],
        [
          510.0,
          622.0
        ],
        [
          515.0,
          627.0
        ],
        [
          515.0,
          629.0
        ],
        [
          517.0,
          633.0
        ],
        [
          522.0,
          633.0
        ],
        [
          535.0,
          623.0
        ],
        [
          535.0,
          621.0
        ],
        [
          536.0,
          620.0
        ],
        [
          535.0,
          616.0
        ],
        [
          536.0,
          614.0
        ],
        [
          545.0,
          606.0
        ],
        [
          547.0,
          605.0
        ],
        [
          551.0,
          606.0
        ],
        [
          554.0,
          609.0
        ],
        [
          559.0,
          612.0
        ],
        [
          564.0,
          612.0
        ],
        [
          569.0,
          608.0
        ],
        [
          576.0,
          596.0
        ],
        [
          575.0,
          589.0
        ],
        [
          570.0,
          584.0
        ],
        [
          571.0,
          577.0
        ],
        [
          574.0,
          574.0
        ],
        [
          578.0,
          573.0
        ],
        [
          581.0,
          575.0
        ],
        [
          584.0,
          575.0
        ],
        [
          585.0,
          576.0
        ],
        [
          592.0,
          576.0
        ],
        [
          592.0,
          574.0
        ],
        [
          588.0,
          568.0
        ],
        [
          586.0,
          567.0
        ],
        [
          582.0,
          567.0
        ],
        [
          581.0,
          566.0
        ],
        [
          570.0,
          568.0
        ],
        [
          566.0,
          563.0
        ],
        [
          563.0,
          563.0
        ],
        [
          561.0,
          562.0
        ],
        [
          557.0,
          558.0
        ],
        [
          556.0,
          553.0
        ],
        [
          552.0,
          547.0
        ],
        [
          552.0,
          544.0
        ],
        [
          557.0,
          535.0
        ],
        [
          557.0,
          530.0
        ],
        [
          551.0,
          524.0
        ],
        [
          549.0,
          523.0
        ],
        [
          543.0,
          523.0
        ],
        [
          536.0,
          526.0
        ],
        [
          533.0,
          523.0
        ],
        [
          532.0,
          519.0
        ],
        [
          537.0,
          514.0
        ],
        [
          543.0,
          513.0
        ],
        [
          546.0,
          511.0
        ],
        [
          544.0,
          504.0
        ],
        [
          542.0,
          501.0
        ],
        [
          540.0,
          501.0
        ],
        [
          535.0,
          505.0
        ],
        [
          535.0,
          506.0
        ],
        [
          530.0,
          511.0
        ],
        [
          526.0,
          519.0
        ],
        [
          521.0,
          520.0
        ],
        [
          518.0,
          522.0
        ],
        [
          514.0,
          522.0
        ],
        [
          505.0,
          516.0
        ],
        [
          502.0,
          515.0
        ],
        [
          500.0,
          513.0
        ],
        [
          498.0,
          513.0
        ],
        [
          497.0,
          512.0
        ],
        [
          491.0,
          513.0
        ],
        [
          480.0,
          520.0
        ],
        [
          475.0,
          520.0
        ],
        [
          466.0,
          514.0
        ],
        [
          463.0,
          513.0
        ],
        [
          461.0,
          511.0
        ]
      ],
      "group_id": null,
      "shape_type": "polygon",
      "flags": {}
    },
    {
      "label": "potato",
      "text": "",
      "points": [
        [
          511.0,
          226.0
        ],
        [
          512.0,
          227.0
        ],
        [
          512.0,
          228.0
        ],
        [
          514.0,
          230.0
        ],
        [
          516.0,
          230.0
        ],
        [
          517.0,
          231.0
        ],
        [
          519.0,
          231.0
        ],
        [
          520.0,
          230.0
        ],
        [
          526.0,
          230.0
        ],
        [
          527.0,
          231.0
        ],
        [
          532.0,
          231.0
        ],
        [
          532.0,
          230.0
        ],
        [
          533.0,
          229.0
        ],
        [
          533.0,
          228.0
        ],
        [
          534.0,
          227.0
        ],
        [
          534.0,
          224.0
        ],
        [
          536.0,
          222.0
        ],
        [
          541.0,
          222.0
        ],
        [
          542.0,
          221.0
        ],
        [
          544.0,
          221.0
        ],
        [
          548.0,
          217.0
        ],
        [
          548.0,
          214.0
        ],
        [
          544.0,
          210.0
        ],
        [
          543.0,
          210.0
        ],
        [
          542.0,
          209.0
        ],
        [
          532.0,
          209.0
        ],
        [
          531.0,
          208.0
        ],
        [
          529.0,
          208.0
        ],
        [
          524.0,
          203.0
        ],
        [
          523.0,
          203.0
        ],
        [
          522.0,
          202.0
        ],
        [
          517.0,
          202.0
        ],
        [
          516.0,
          203.0
        ],
        [
          515.0,
          203.0
        ],
        [
          515.0,
          204.0
        ],
        [
          513.0,
          206.0
        ],
        [
          513.0,
          207.0
        ],
        [
          512.0,
          208.0
        ],
        [
          512.0,
          211.0
        ],
        [
          511.0,
          212.0
        ]
      ],
      "group_id": null,
      "shape_type": "polygon",
      "flags": {}
    },
    {
      "label": "weed",
      "text": "",
      "points": [
        [
          249.0,
          9.0
        ],
        [
          250.0,
          10.0
        ],
        [
          250.0,
          11.0
        ],
        [
          251.0,
          12.0
        ],
        [
          260.0,
          12.0
        ],
        [
          261.0,
          11.0
        ],
        [
          263.0,
          11.0
        ],
        [
          264.0,
          10.0
        ],
        [
          265.0,
          10.0
        ],
        [
          266.0,
          9.0
        ],
        [
          267.0,
          9.0
        ],
        [
          268.0,
          8.0
        ],
        [
          269.0,
          8.0
        ],
        [
          271.0,
          6.0
        ],
        [
          271.0,
          5.0
        ],
        [
          275.0,
          1.0
        ],
        [
          275.0,
          0.0
        ],
        [
          249.0,
          0.0
        ]
      ],
      "group_id": null,
      "shape_type": "polygon",
      "flags": {}
    },
    {
      "label": "weed",
      "text": "",
      "points": [
        [
          74.0,
          7.0
        ],
        [
          72.0,
          9.0
        ],
        [
          72.0,
          10.0
        ],
        [
          71.0,
          11.0
        ],
        [
          71.0,
          13.0
        ],
        [
          70.0,
          14.0
        ],
        [
          70.0,
          17.0
        ],
        [
          69.0,
          18.0
        ],
        [
          69.0,
          21.0
        ],
        [
          70.0,
          22.0
        ],
        [
          70.0,
          23.0
        ],
        [
          71.0,
          23.0
        ],
        [
          73.0,
          25.0
        ],
        [
          74.0,
          25.0
        ],
        [
          75.0,
          26.0
        ],
        [
          76.0,
          26.0
        ],
        [
          77.0,
          27.0
        ],
        [
          80.0,
          27.0
        ],
        [
          81.0,
          28.0
        ],
        [
          85.0,
          28.0
        ],
        [
          86.0,
          29.0
        ],
        [
          87.0,
          29.0
        ],
        [
          88.0,
          30.0
        ],
        [
          89.0,
          30.0
        ],
        [
          90.0,
          31.0
        ],
        [
          91.0,
          31.0
        ],
        [
          92.0,
          32.0
        ],
        [
          93.0,
          32.0
        ],
        [
          96.0,
          35.0
        ],
        [
          98.0,
          35.0
        ],
        [
          98.0,
          32.0
        ],
        [
          97.0,
          31.0
        ],
        [
          97.0,
          26.0
        ],
        [
          96.0,
          25.0
        ],
        [
          96.0,
          23.0
        ],
        [
          94.0,
          21.0
        ],
        [
          94.0,
          20.0
        ],
        [
          91.0,
          17.0
        ],
        [
          90.0,
          17.0
        ],
        [
          89.0,
          16.0
        ],
        [
          89.0,
          13.0
        ],
        [
          90.0,
          12.0
        ],
        [
          91.0,
          12.0
        ],
        [
          93.0,
          10.0
        ],
        [
          93.0,
          7.0
        ],
        [
          91.0,
          5.0
        ],
        [
          91.0,
          4.0
        ],
        [
          90.0,
          5.0
        ],
        [
          87.0,
          5.0
        ],
        [
          86.0,
          4.0
        ],
        [
          80.0,
          4.0
        ],
        [
          79.0,
          5.0
        ],
        [
          78.0,
          5.0
        ],
        [
          77.0,
          6.0
        ],
        [
          76.0,
          6.0
        ],
        [
          75.0,
          7.0
        ]
      ],
      "group_id": null,
      "shape_type": "polygon",
      "flags": {}
    },
    {
      "label": "weed",
      "text": "",
      "points": [
        [
          248.0,
          33.0
        ],
        [
          246.0,
          31.0
        ],
        [
          237.0,
          31.0
        ],
        [
          231.0,
          37.0
        ],
        [
          231.0,
          43.0
        ],
        [
          233.0,
          45.0
        ],
        [
          237.0,
          45.0
        ],
        [
          238.0,
          44.0
        ],
        [
          242.0,
          44.0
        ],
        [
          243.0,
          43.0
        ],
        [
          245.0,
          43.0
        ],
        [
          245.0,
          42.0
        ],
        [
          246.0,
          41.0
        ],
        [
          246.0,
          40.0
        ],
        [
          248.0,
          38.0
        ]
      ],
      "group_id": null,
      "shape_type": "polygon",
      "flags": {}
    },
    {
      "label": "weed",
      "text": "",
      "points": [
        [
          335.0,
          58.0
        ],
        [
          333.0,
          58.0
        ],
        [
          332.0,
          59.0
        ],
        [
          326.0,
          59.0
        ],
        [
          325.0,
          60.0
        ],
        [
          324.0,
          60.0
        ],
        [
          323.0,
          61.0
        ],
        [
          322.0,
          61.0
        ],
        [
          322.0,
          62.0
        ],
        [
          321.0,
          63.0
        ],
        [
          321.0,
          67.0
        ],
        [
          322.0,
          68.0
        ],
        [
          322.0,
          69.0
        ],
        [
          325.0,
          72.0
        ],
        [
          331.0,
          72.0
        ],
        [
          334.0,
          69.0
        ],
        [
          334.0,
          68.0
        ],
        [
          335.0,
          67.0
        ],
        [
          335.0,
          66.0
        ],
        [
          336.0,
          65.0
        ],
        [
          336.0,
          60.0
        ],
        [
          335.0,
          59.0
        ]
      ],
      "group_id": null,
      "shape_type": "polygon",
      "flags": {}
    },
    {
      "label": "weed",
      "text": "",
      "points": [
        [
          498.0,
          79.0
        ],
        [
          496.0,
          81.0
        ],
        [
          496.0,
          82.0
        ],
        [
          495.0,
          83.0
        ],
        [
          495.0,
          89.0
        ],
        [
          496.0,
          90.0
        ],
        [
          496.0,
          93.0
        ],
        [
          497.0,
          94.0
        ],
        [
          497.0,
          95.0
        ],
        [
          499.0,
          97.0
        ],
        [
          500.0,
          97.0
        ],
        [
          501.0,
          98.0
        ],
        [
          502.0,
          98.0
        ],
        [
          503.0,
          99.0
        ],
        [
          504.0,
          99.0
        ],
        [
          505.0,
          100.0
        ],
        [
          507.0,
          100.0
        ],
        [
          509.0,
          98.0
        ],
        [
          510.0,
          98.0
        ],
        [
          513.0,
          95.0
        ],
        [
          514.0,
          95.0
        ],
        [
          514.0,
          94.0
        ],
        [
          515.0,
          93.0
        ],
        [
          515.0,
          87.0
        ],
        [
          514.0,
          86.0
        ],
        [
          514.0,
          84.0
        ],
        [
          513.0,
          83.0
        ],
        [
          513.0,
          82.0
        ],
        [
          512.0,
          81.0
        ],
        [
          511.0,
          81.0
        ],
        [
          510.0,
          80.0
        ],
        [
          508.0,
          80.0
        ],
        [
          507.0,
          79.0
        ]
      ],
      "group_id": null,
      "shape_type": "polygon",
      "flags": {}
    },
    {
      "label": "weed",
      "text": "",
      "points": [
        [
          623.0,
          91.0
        ],
        [
          621.0,
          91.0
        ],
        [
          620.0,
          90.0
        ],
        [
          618.0,
          90.0
        ],
        [
          617.0,
          91.0
        ],
        [
          615.0,
          91.0
        ],
        [
          614.0,
          92.0
        ],
        [
          607.0,
          92.0
        ],
        [
          606.0,
          93.0
        ],
        [
          606.0,
          97.0
        ],
        [
          607.0,
          98.0
        ],
        [
          607.0,
          99.0
        ],
        [
          608.0,
          100.0
        ],
        [
          608.0,
          107.0
        ],
        [
          609.0,
          108.0
        ],
        [
          609.0,
          109.0
        ],
        [
          611.0,
          111.0
        ],
        [
          615.0,
          111.0
        ],
        [
          617.0,
          109.0
        ],
        [
          618.0,
          109.0
        ],
        [
          619.0,
          108.0
        ],
        [
          619.0,
          107.0
        ],
        [
          620.0,
          106.0
        ],
        [
          620.0,
          105.0
        ],
        [
          621.0,
          104.0
        ],
        [
          621.0,
          103.0
        ],
        [
          624.0,
          100.0
        ],
        [
          624.0,
          99.0
        ],
        [
          625.0,
          98.0
        ],
        [
          625.0,
          94.0
        ],
        [
          624.0,
          93.0
        ],
        [
          624.0,
          92.0
        ]
      ],
      "group_id": null,
      "shape_type": "polygon",
      "flags": {}
    },
    {
      "label": "weed",
      "text": "",
      "points": [
        [
          618.0,
          205.0
        ],
        [
          618.0,
          206.0
        ],
        [
          616.0,
          208.0
        ],
        [
          616.0,
          211.0
        ],
        [
          615.0,
          212.0
        ],
        [
          615.0,
          216.0
        ],
        [
          616.0,
          217.0
        ],
        [
          616.0,
          219.0
        ],
        [
          618.0,
          221.0
        ],
        [
          619.0,
          221.0
        ],
        [
          621.0,
          223.0
        ],
        [
          621.0,
          224.0
        ],
        [
          623.0,
          226.0
        ],
        [
          623.0,
          228.0
        ],
        [
          624.0,
          229.0
        ],
        [
          624.0,
          231.0
        ],
        [
          626.0,
          233.0
        ],
        [
          626.0,
          234.0
        ],
        [
          627.0,
          234.0
        ],
        [
          628.0,
          235.0
        ],
        [
          630.0,
          235.0
        ],
        [
          631.0,
          236.0
        ],
        [
          632.0,
          236.0
        ],
        [
          634.0,
          238.0
        ],
        [
          635.0,
          238.0
        ],
        [
          636.0,
          239.0
        ],
        [
          638.0,
          239.0
        ],
        [
          639.0,
          238.0
        ],
        [
          639.0,
          221.0
        ],
        [
          637.0,
          219.0
        ],
        [
          635.0,
          219.0
        ],
        [
          634.0,
          218.0
        ],
        [
          633.0,
          218.0
        ],
        [
          630.0,
          215.0
        ],
        [
          629.0,
          215.0
        ],
        [
          624.0,
          210.0
        ],
        [
          624.0,
          209.0
        ],
        [
          622.0,
          207.0
        ],
        [
          621.0,
          207.0
        ],
        [
          619.0,
          205.0
        ]
      ],
      "group_id": null,
      "shape_type": "polygon",
      "flags": {}
    },
    {
      "label": "weed",
      "text": "",
      "points": [
        [
          64.0,
          240.0
        ],
        [
          64.0,
          242.0
        ],
        [
          66.0,
          244.0
        ],
        [
          70.0,
          244.0
        ],
        [
          71.0,
          245.0
        ],
        [
          74.0,
          245.0
        ],
        [
          75.0,
          246.0
        ],
        [
          77.0,
          246.0
        ],
        [
          78.0,
          247.0
        ],
        [
          84.0,
          247.0
        ],
        [
          85.0,
          248.0
        ],
        [
          87.0,
          248.0
        ],
        [
          88.0,
          249.0
        ],
        [
          88.0,
          252.0
        ],
        [
          89.0,
          253.0
        ],
        [
          89.0,
          254.0
        ],
        [
          90.0,
          255.0
        ],
        [
          90.0,
          256.0
        ],
        [
          91.0,
          257.0
        ],
        [
          91.0,
          259.0
        ],
        [
          92.0,
          260.0
        ],
        [
          92.0,
          261.0
        ],
        [
          95.0,
          261.0
        ],
        [
          95.0,
          259.0
        ],
        [
          96.0,
          258.0
        ],
        [
          96.0,
          256.0
        ],
        [
          97.0,
          255.0
        ],
        [
          97.0,
          252.0
        ],
        [
          98.0,
          251.0
        ],
        [
          98.0,
          250.0
        ],
        [
          99.0,
          249.0
        ],
        [
          99.0,
          247.0
        ],
        [
          98.0,
          246.0
        ],
        [
          98.0,
          245.0
        ],
        [
          97.0,
          244.0
        ],
        [
          96.0,
          244.0
        ],
        [
          95.0,
          243.0
        ],
        [
          94.0,
          243.0
        ],
        [
          93.0,
          242.0
        ],
        [
          92.0,
          242.0
        ],
        [
          91.0,
          241.0
        ],
        [
          82.0,
          241.0
        ],
        [
          81.0,
          240.0
        ],
        [
          78.0,
          240.0
        ],
        [
          77.0,
          239.0
        ],
        [
          71.0,
          239.0
        ],
        [
          70.0,
          238.0
        ],
        [
          66.0,
          238.0
        ]
      ],
      "group_id": null,
      "shape_type": "polygon",
      "flags": {}
    }
  ],
  "imagePath": "..\\after_crop\\tile_5_9.jpg",
  "imageData": null,
  "imageHeight": 640,
  "imageWidth": 640
}