{
  "version": "0.3.3",
  "flags": {},
  "shapes": [
    {
      "label": "potato",
      "text": "",
      "points": [
        [
          538.0,
          78.0
        ],
        [
          516.0,
          78.0
        ],
        [
          515.0,
          79.0
        ],
        [
          513.0,
          79.0
        ],
        [
          512.0,
          80.0
        ],
        [
          507.0,
          80.0
        ],
        [
          505.0,
          78.0
        ],
        [
          504.0,
          78.0
        ],
        [
          501.0,
          76.0
        ],
        [
          497.0,
          76.0
        ],
        [
          489.0,
          81.0
        ],
        [
          484.0,
          81.0
        ],
        [
          481.0,
          78.0
        ],
        [
          481.0,
          77.0
        ],
        [
          479.0,
          74.0
        ],
        [
          479.0,
          72.0
        ],
        [
          477.0,
          70.0
        ],
        [
          476.0,
          70.0
        ],
        [
          473.0,
          68.0
        ],
        [
          466.0,
          68.0
        ],
        [
          465.0,
          69.0
        ],
        [
          462.0,
          69.0
        ],
        [
          461.0,
          70.0
        ],
        [
          456.0,
          70.0
        ],
        [
          455.0,
          69.0
        ],
        [
          452.0,
          71.0
        ],
        [
          452.0,
          72.0
        ],
        [
          451.0,
          73.0
        ],
        [
          451.0,
          77.0
        ],
        [
          450.0,
          78.0
        ],
        [
          449.0,
          81.0
        ],
        [
          447.0,
          83.0
        ],
        [
          446.0,
          86.0
        ],
        [
          438.0,
          94.0
        ],
        [
          437.0,
          94.0
        ],
        [
          435.0,
          96.0
        ],
        [
          431.0,
          96.0
        ],
        [
          430.0,
          97.0
        ],
        [
          427.0,
          98.0
        ],
        [
          423.0,
          102.0
        ],
        [
          422.0,
          102.0
        ],
        [
          421.0,
          103.0
        ],
        [
          418.0,
          103.0
        ],
        [
          416.0,
          105.0
        ],
        [
          416.0,
          110.0
        ],
        [
          418.0,
          112.0
        ],
        [
          419.0,
          112.0
        ],
        [
          420.0,
          113.0
        ],
        [
          422.0,
          113.0
        ],
        [
          425.0,
          117.0
        ],
        [
          426.0,
          117.0
        ],
        [
          427.0,
          118.0
        ],
        [
          430.0,
          118.0
        ],
        [
          432.0,
          120.0
        ],
        [
          433.0,
          120.0
        ],
        [
          434.0,
          119.0
        ],
        [
          434.0,
          117.0
        ],
        [
          435.0,
          116.0
        ],
        [
          436.0,
          116.0
        ],
        [
          437.0,
          117.0
        ],
        [
          437.0,
          122.0
        ],
        [
          436.0,
          123.0
        ],
        [
          436.0,
          129.0
        ],
        [
          437.0,
          130.0
        ],
        [
          437.0,
          132.0
        ],
        [
          438.0,
          133.0
        ],
        [
          439.0,
          136.0
        ],
        [
          442.0,
          139.0
        ],
        [
          445.0,
          139.0
        ],
        [
          446.0,
          138.0
        ],
        [
          449.0,
          138.0
        ],
        [
          450.0,
          137.0
        ],
        [
          453.0,
          140.0
        ],
        [
          453.0,
          142.0
        ],
        [
          454.0,
          143.0
        ],
        [
          456.0,
          148.0
        ],
        [
          460.0,
          152.0
        ],
        [
          460.0,
          154.0
        ],
        [
          462.0,
          157.0
        ],
        [
          462.0,
          159.0
        ],
        [
          463.0,
          160.0
        ],
        [
          463.0,
          161.0
        ],
        [
          464.0,
          162.0
        ],
        [
          464.0,
          164.0
        ],
        [
          466.0,
          167.0
        ],
        [
          466.0,
          171.0
        ],
        [
          467.0,
          172.0
        ],
        [
          467.0,
          173.0
        ],
        [
          469.0,
          175.0
        ],
        [
          471.0,
          175.0
        ],
        [
          472.0,
          174.0
        ],
        [
          473.0,
          174.0
        ],
        [
          481.0,
          167.0
        ],
        [
          481.0,
          166.0
        ],
        [
          482.0,
          165.0
        ],
        [
          482.0,
          162.0
        ],
        [
          486.0,
          156.0
        ],
        [
          487.0,
          156.0
        ],
        [
          488.0,
          155.0
        ],
        [
          489.0,
          156.0
        ],
        [
          493.0,
          156.0
        ],
        [
          496.0,
          153.0
        ],
        [
          496.0,
          152.0
        ],
        [
          497.0,
          151.0
        ],
        [
          497.0,
          149.0
        ],
        [
          498.0,
          148.0
        ],
        [
          498.0,
          144.0
        ],
        [
          499.0,
          143.0
        ],
        [
          499.0,
          139.0
        ],
        [
          500.0,
          138.0
        ],
        [
          501.0,
          133.0
        ],
        [
          506.0,
          127.0
        ],
        [
          511.0,
          127.0
        ],
        [
          512.0,
          128.0
        ],
        [
          514.0,
          128.0
        ],
        [
          515.0,
          129.0
        ],
        [
          520.0,
          129.0
        ],
        [
          522.0,
          127.0
        ],
        [
          522.0,
          124.0
        ],
        [
          519.0,
          120.0
        ],
        [
          519.0,
          119.0
        ],
        [
          509.0,
          110.0
        ],
        [
          509.0,
          108.0
        ],
        [
          512.0,
          105.0
        ],
        [
          513.0,
          105.0
        ],
        [
          521.0,
          97.0
        ],
        [
          522.0,
          97.0
        ],
        [
          524.0,
          95.0
        ],
        [
          527.0,
          94.0
        ],
        [
          530.0,
          91.0
        ],
        [
          531.0,
          91.0
        ],
        [
          537.0,
          85.0
        ],
        [
          537.0,
          84.0
        ],
        [
          539.0,
          81.0
        ],
        [
          539.0,
          79.0
        ]
      ],
      "group_id": null,
      "shape_type": "polygon",
      "flags": {}
    },
    {
      "label": "potato",
      "text": "",
      "points": [
        [
          434.0,
          283.0
        ],
        [
          434.0,
          284.0
        ],
        [
          433.0,
          285.0
        ],
        [
          433.0,
          289.0
        ],
        [
          434.0,
          290.0
        ],
        [
          434.0,
          292.0
        ],
        [
          435.0,
          293.0
        ],
        [
          435.0,
          294.0
        ],
        [
          437.0,
          296.0
        ],
        [
          437.0,
          297.0
        ],
        [
          438.0,
          298.0
        ],
        [
          438.0,
          300.0
        ],
        [
          439.0,
          301.0
        ],
        [
          439.0,
          302.0
        ],
        [
          440.0,
          303.0
        ],
        [
          440.0,
          306.0
        ],
        [
          441.0,
          307.0
        ],
        [
          441.0,
          308.0
        ],
        [
          442.0,
          309.0
        ],
        [
          442.0,
          310.0
        ],
        [
          443.0,
          311.0
        ],
        [
          443.0,
          312.0
        ],
        [
          445.0,
          314.0
        ],
        [
          445.0,
          316.0
        ],
        [
          451.0,
          322.0
        ],
        [
          451.0,
          323.0
        ],
        [
          452.0,
          324.0
        ],
        [
          452.0,
          325.0
        ],
        [
          456.0,
          329.0
        ],
        [
          457.0,
          329.0
        ],
        [
          458.0,
          330.0
        ],
        [
          459.0,
          330.0
        ],
        [
          461.0,
          332.0
        ],
        [
          465.0,
          332.0
        ],
        [
          466.0,
          331.0
        ],
        [
          467.0,
          331.0
        ],
        [
          468.0,
          330.0
        ],
        [
          469.0,
          330.0
        ],
        [
          471.0,
          328.0
        ],
        [
          471.0,
          326.0
        ],
        [
          472.0,
          325.0
        ],
        [
          472.0,
          318.0
        ],
        [
          471.0,
          317.0
        ],
        [
          471.0,
          311.0
        ],
        [
          470.0,
          310.0
        ],
        [
          470.0,
          307.0
        ],
        [
          469.0,
          306.0
        ],
        [
          469.0,
          305.0
        ],
        [
          468.0,
          304.0
        ],
        [
          468.0,
          300.0
        ],
        [
          469.0,
          299.0
        ],
        [
          469.0,
          297.0
        ],
        [
          470.0,
          296.0
        ],
        [
          470.0,
          289.0
        ],
        [
          464.0,
          283.0
        ],
        [
          463.0,
          283.0
        ],
        [
          462.0,
          282.0
        ],
        [
          460.0,
          282.0
        ],
        [
          459.0,
          281.0
        ],
        [
          457.0,
          281.0
        ],
        [
          456.0,
          282.0
        ],
        [
          454.0,
          282.0
        ],
        [
          453.0,
          283.0
        ],
        [
          452.0,
          283.0
        ],
        [
          450.0,
          285.0
        ],
        [
          448.0,
          285.0
        ],
        [
          447.0,
          286.0
        ],
        [
          445.0,
          284.0
        ],
        [
          442.0,
          284.0
        ],
        [
          441.0,
          283.0
        ]
      ],
      "group_id": null,
      "shape_type": "polygon",
      "flags": {}
    },
    {
      "label": "potato",
      "text": "",
      "points": [
        [
          133.0,
          636.0
        ],
        [
          133.0,
          639.0
        ],
        [
          210.0,
          639.0
        ],
        [
          211.0,
          638.0
        ],
        [
          212.0,
          638.0
        ],
        [
          212.0,
          631.0
        ],
        [
          211.0,
          630.0
        ],
        [
          211.0,
          629.0
        ],
        [
          210.0,
          628.0
        ],
        [
          208.0,
          628.0
        ],
        [
          201.0,
          635.0
        ],
        [
          199.0,
          635.0
        ],
        [
          198.0,
          634.0
        ],
        [
          198.0,
          633.0
        ],
        [
          196.0,
          631.0
        ],
        [
          196.0,
          630.0
        ],
        [
          195.0,
          629.0
        ],
        [
          195.0,
          628.0
        ],
        [
          192.0,
          625.0
        ],
        [
          188.0,
          625.0
        ],
        [
          188.0,
          626.0
        ],
        [
          186.0,
          628.0
        ],
        [
          186.0,
          630.0
        ],
        [
          184.0,
          632.0
        ],
        [
          183.0,
          632.0
        ],
        [
          181.0,
          634.0
        ],
        [
          180.0,
          633.0
        ],
        [
          179.0,
          633.0
        ],
        [
          177.0,
          631.0
        ],
        [
          177.0,
          628.0
        ],
        [
          176.0,
          627.0
        ],
        [
          176.0,
          626.0
        ],
        [
          175.0,
          625.0
        ],
        [
          174.0,
          625.0
        ],
        [
          173.0,
          624.0
        ],
        [
          170.0,
          624.0
        ],
        [
          169.0,
          623.0
        ],
        [
          167.0,
          623.0
        ],
        [
          166.0,
          622.0
        ],
        [
          165.0,
          622.0
        ],
        [
          164.0,
          621.0
        ],
        [
          161.0,
          621.0
        ],
        [
          160.0,
          620.0
        ],
        [
          154.0,
          620.0
        ],
        [
          153.0,
          621.0
        ],
        [
          149.0,
          621.0
        ],
        [
          148.0,
          622.0
        ],
        [
          145.0,
          622.0
        ],
        [
          143.0,
          624.0
        ],
        [
          143.0,
          625.0
        ],
        [
          141.0,
          627.0
        ],
        [
          141.0,
          628.0
        ]
      ],
      "group_id": null,
      "shape_type": "polygon",
      "flags": {}
    },
    {
      "label": "weed",
      "text": "",
      "points": [
        [
          585.0,
          355.0
        ],
        [
          585.0,
          359.0
        ],
        [
          586.0,
          360.0
        ],
        [
          586.0,
          362.0
        ],
        [
          588.0,
          364.0
        ],
        [
          588.0,
          369.0
        ],
        [
          592.0,
          373.0
        ],
        [
          593.0,
          373.0
        ],
        [
          594.0,
          374.0
        ],
        [
          595.0,
          374.0
        ],
        [
          596.0,
          375.0
        ],
        [
          597.0,
          375.0
        ],
        [
          598.0,
          376.0
        ],
        [
          601.0,
          376.0
        ],
        [
          602.0,
          377.0
        ],
        [
          613.0,
          377.0
        ],
        [
          614.0,
          376.0
        ],
        [
          615.0,
          376.0
        ],
        [
          617.0,
          374.0
        ],
        [
          617.0,
          366.0
        ],
        [
          616.0,
          365.0
        ],
        [
          616.0,
          363.0
        ],
        [
          617.0,
          362.0
        ],
        [
          616.0,
          361.0
        ],
        [
          616.0,
          360.0
        ],
        [
          615.0,
          359.0
        ],
        [
          604.0,
          359.0
        ],
        [
          603.0,
          358.0
        ],
        [
          601.0,
          358.0
        ],
        [
          600.0,
          357.0
        ],
        [
          599.0,
          357.0
        ],
        [
          598.0,
          356.0
        ],
        [
          596.0,
          356.0
        ],
        [
          595.0,
          355.0
        ]
      ],
      "group_id": null,
      "shape_type": "polygon",
      "flags": {}
    },
    {
      "label": "weed",
      "text": "",
      "points": [
        [
          338.0,
          481.0
        ],
        [
          336.0,
          481.0
        ],
        [
          335.0,
          480.0
        ],
        [
          328.0,
          480.0
        ],
        [
          327.0,
          481.0
        ],
        [
          327.0,
          482.0
        ],
        [
          326.0,
          483.0
        ],
        [
          326.0,
          487.0
        ],
        [
          325.0,
          488.0
        ],
        [
          325.0,
          497.0
        ],
        [
          326.0,
          498.0
        ],
        [
          326.0,
          507.0
        ],
        [
          325.0,
          508.0
        ],
        [
          325.0,
          510.0
        ],
        [
          324.0,
          511.0
        ],
        [
          324.0,
          514.0
        ],
        [
          325.0,
          515.0
        ],
        [
          328.0,
          515.0
        ],
        [
          329.0,
          514.0
        ],
        [
          331.0,
          514.0
        ],
        [
          332.0,
          513.0
        ],
        [
          334.0,
          513.0
        ],
        [
          335.0,
          512.0
        ],
        [
          337.0,
          512.0
        ],
        [
          338.0,
          511.0
        ],
        [
          339.0,
          511.0
        ],
        [
          340.0,
          510.0
        ],
        [
          340.0,
          509.0
        ],
        [
          342.0,
          507.0
        ],
        [
          342.0,
          506.0
        ],
        [
          345.0,
          503.0
        ],
        [
          345.0,
          502.0
        ],
        [
          348.0,
          499.0
        ],
        [
          348.0,
          498.0
        ],
        [
          349.0,
          497.0
        ],
        [
          349.0,
          489.0
        ],
        [
          344.0,
          484.0
        ],
        [
          342.0,
          484.0
        ],
        [
          341.0,
          483.0
        ],
        [
          340.0,
          483.0
        ]
      ],
      "group_id": null,
      "shape_type": "polygon",
      "flags": {}
    },
    {
      "label": "weed",
      "text": "",
      "points": [
        [
          442.0,
          576.0
        ],
        [
          440.0,
          574.0
        ],
        [
          439.0,
          574.0
        ],
        [
          438.0,
          573.0
        ],
        [
          432.0,
          573.0
        ],
        [
          431.0,
          574.0
        ],
        [
          429.0,
          574.0
        ],
        [
          428.0,
          575.0
        ],
        [
          423.0,
          575.0
        ],
        [
          422.0,
          576.0
        ],
        [
          420.0,
          576.0
        ],
        [
          416.0,
          580.0
        ],
        [
          416.0,
          587.0
        ],
        [
          417.0,
          588.0
        ],
        [
          418.0,
          588.0
        ],
        [
          419.0,
          589.0
        ],
        [
          421.0,
          589.0
        ],
        [
          422.0,
          590.0
        ],
        [
          428.0,
          590.0
        ],
        [
          429.0,
          591.0
        ],
        [
          435.0,
          591.0
        ],
        [
          436.0,
          590.0
        ],
        [
          440.0,
          590.0
        ],
        [
          441.0,
          589.0
        ],
        [
          441.0,
          588.0
        ],
        [
          442.0,
          587.0
        ],
        [
          442.0,
          580.0
        ],
        [
          443.0,
          579.0
        ],
        [
          442.0,
          578.0
        ]
      ],
      "group_id": null,
      "shape_type": "polygon",
      "flags": {}
    },
    {
      "label": "weed",
      "text": "",
      "points": [
        [
          609.0,
          595.0
        ],
        [
          608.0,
          595.0
        ],
        [
          607.0,
          594.0
        ],
        [
          606.0,
          595.0
        ],
        [
          604.0,
          595.0
        ],
        [
          603.0,
          596.0
        ],
        [
          602.0,
          596.0
        ],
        [
          601.0,
          597.0
        ],
        [
          600.0,
          597.0
        ],
        [
          596.0,
          601.0
        ],
        [
          596.0,
          603.0
        ],
        [
          595.0,
          604.0
        ],
        [
          595.0,
          606.0
        ],
        [
          594.0,
          607.0
        ],
        [
          594.0,
          608.0
        ],
        [
          592.0,
          610.0
        ],
        [
          592.0,
          611.0
        ],
        [
          591.0,
          612.0
        ],
        [
          591.0,
          615.0
        ],
        [
          592.0,
          616.0
        ],
        [
          594.0,
          616.0
        ],
        [
          595.0,
          617.0
        ],
        [
          598.0,
          617.0
        ],
        [
          599.0,
          616.0
        ],
        [
          601.0,
          616.0
        ],
        [
          602.0,
          615.0
        ],
        [
          603.0,
          615.0
        ],
        [
          605.0,
          613.0
        ],
        [
          606.0,
          613.0
        ],
        [
          607.0,
          612.0
        ],
        [
          608.0,
          612.0
        ],
        [
          609.0,
          611.0
        ],
        [
          609.0,
          610.0
        ],
        [
          611.0,
          608.0
        ],
        [
          612.0,
          608.0
        ],
        [
          614.0,
          606.0
        ],
        [
          614.0,
          603.0
        ],
        [
          611.0,
          600.0
        ],
        [
          611.0,
          599.0
        ],
        [
          610.0,
          598.0
        ],
        [
          610.0,
          596.0
        ]
      ],
      "group_id": null,
      "shape_type": "polygon",
      "flags": {}
    },
    {
      "label": "weed",
      "text": "",
      "points": [
        [
          575.0,
          510.0
        ],
        [
          573.0,
          508.0
        ],
        [
          572.0,
          508.0
        ],
        [
          571.0,
          507.0
        ],
        [
          570.0,
          507.0
        ],
        [
          569.0,
          506.0
        ],
        [
          567.0,
          506.0
        ],
        [
          566.0,
          505.0
        ],
        [
          565.0,
          505.0
        ],
        [
          564.0,
          504.0
        ],
        [
          562.0,
          504.0
        ],
        [
          561.0,
          505.0
        ],
        [
          557.0,
          505.0
        ],
        [
          556.0,
          506.0
        ],
        [
          554.0,
          506.0
        ],
        [
          552.0,
          508.0
        ],
        [
          552.0,
          517.0
        ],
        [
          554.0,
          519.0
        ],
        [
          555.0,
          519.0
        ],
        [
          556.0,
          520.0
        ],
        [
          557.0,
          520.0
        ],
        [
          558.0,
          521.0
        ],
        [
          559.0,
          521.0
        ],
        [
          560.0,
          522.0
        ],
        [
          563.0,
          522.0
        ],
        [
          564.0,
          521.0
        ],
        [
          565.0,
          521.0
        ],
        [
          569.0,
          517.0
        ],
        [
          569.0,
          516.0
        ],
        [
          571.0,
          514.0
        ],
        [
          572.0,
          514.0
        ],
        [
          573.0,
          513.0
        ],
        [
          574.0,
          513.0
        ],
        [
          575.0,
          512.0
        ]
      ],
      "group_id": null,
      "shape_type": "polygon",
      "flags": {}
    },
    {
      "label": "weed",
      "text": "",
      "points": [
        [
          354.0,
          305.0
        ],
        [
          352.0,
          305.0
        ],
        [
          350.0,
          307.0
        ],
        [
          349.0,
          307.0
        ],
        [
          347.0,
          309.0
        ],
        [
          340.0,
          309.0
        ],
        [
          338.0,
          311.0
        ],
        [
          338.0,
          317.0
        ],
        [
          339.0,
          318.0
        ],
        [
          339.0,
          319.0
        ],
        [
          340.0,
          320.0
        ],
        [
          340.0,
          323.0
        ],
        [
          339.0,
          324.0
        ],
        [
          339.0,
          327.0
        ],
        [
          340.0,
          328.0
        ],
        [
          340.0,
          329.0
        ],
        [
          346.0,
          335.0
        ],
        [
          347.0,
          335.0
        ],
        [
          348.0,
          336.0
        ],
        [
          350.0,
          336.0
        ],
        [
          351.0,
          335.0
        ],
        [
          352.0,
          335.0
        ],
        [
          352.0,
          334.0
        ],
        [
          353.0,
          333.0
        ],
        [
          353.0,
          326.0
        ],
        [
          354.0,
          325.0
        ],
        [
          354.0,
          323.0
        ],
        [
          355.0,
          322.0
        ],
        [
          355.0,
          321.0
        ],
        [
          357.0,
          319.0
        ],
        [
          358.0,
          319.0
        ],
        [
          360.0,
          317.0
        ],
        [
          360.0,
          316.0
        ],
        [
          361.0,
          315.0
        ],
        [
          361.0,
          314.0
        ],
        [
          362.0,
          313.0
        ],
        [
          362.0,
          310.0
        ],
        [
          360.0,
          308.0
        ],
        [
          359.0,
          308.0
        ],
        [
          358.0,
          307.0
        ],
        [
          357.0,
          307.0
        ],
        [
          356.0,
          306.0
        ],
        [
          355.0,
          306.0
        ]
      ],
      "group_id": null,
      "shape_type": "polygon",
      "flags": {}
    },
    {
      "label": "weed",
      "text": "",
      "points": [
        [
          378.0,
          25.0
        ],
        [
          376.0,
          27.0
        ],
        [
          376.0,
          28.0
        ],
        [
          377.0,
          29.0
        ],
        [
          377.0,
          31.0
        ],
        [
          382.0,
          36.0
        ],
        [
          382.0,
          37.0
        ],
        [
          383.0,
          38.0
        ],
        [
          383.0,
          39.0
        ],
        [
          389.0,
          45.0
        ],
        [
          390.0,
          45.0
        ],
        [
          391.0,
          46.0
        ],
        [
          394.0,
          46.0
        ],
        [
          395.0,
          45.0
        ],
        [
          396.0,
          45.0
        ],
        [
          398.0,
          43.0
        ],
        [
          398.0,
          42.0
        ],
        [
          399.0,
          41.0
        ],
        [
          399.0,
          27.0
        ],
        [
          398.0,
          26.0
        ],
        [
          398.0,
          25.0
        ],
        [
          395.0,
          22.0
        ],
        [
          391.0,
          22.0
        ],
        [
          390.0,
          23.0
        ],
        [
          383.0,
          23.0
        ],
        [
          382.0,
          24.0
        ],
        [
          380.0,
          24.0
        ],
        [
          379.0,
          25.0
        ]
      ],
      "group_id": null,
      "shape_type": "polygon",
      "flags": {}
    },
    {
      "label": "weed",
      "text": "",
      "points": [
        [
          309.0,
          277.0
        ],
        [
          309.0,
          278.0
        ],
        [
          308.0,
          279.0
        ],
        [
          308.0,
          284.0
        ],
        [
          307.0,
          285.0
        ],
        [
          307.0,
          289.0
        ],
        [
          308.0,
          290.0
        ],
        [
          308.0,
          291.0
        ],
        [
          313.0,
          296.0
        ],
        [
          313.0,
          297.0
        ],
        [
          315.0,
          299.0
        ],
        [
          315.0,
          300.0
        ],
        [
          316.0,
          301.0
        ],
        [
          316.0,
          302.0
        ],
        [
          317.0,
          303.0
        ],
        [
          318.0,
          303.0
        ],
        [
          319.0,
          304.0
        ],
        [
          320.0,
          304.0
        ],
        [
          321.0,
          305.0
        ],
        [
          327.0,
          305.0
        ],
        [
          327.0,
          292.0
        ],
        [
          324.0,
          289.0
        ],
        [
          323.0,
          289.0
        ],
        [
          320.0,
          286.0
        ],
        [
          320.0,
          285.0
        ],
        [
          319.0,
          284.0
        ],
        [
          319.0,
          278.0
        ],
        [
          318.0,
          277.0
        ],
        [
          318.0,
          276.0
        ],
        [
          317.0,
          275.0
        ],
        [
          313.0,
          275.0
        ],
        [
          312.0,
          276.0
        ],
        [
          311.0,
          276.0
        ],
        [
          310.0,
          277.0
        ]
      ],
      "group_id": null,
      "shape_type": "polygon",
      "flags": {}
    },
    {
      "label": "weed",
      "text": "",
      "points": [
        [
          168.0,
          504.0
        ],
        [
          167.0,
          505.0
        ],
        [
          166.0,
          505.0
        ],
        [
          164.0,
          507.0
        ],
        [
          164.0,
          508.0
        ],
        [
          165.0,
          509.0
        ],
        [
          165.0,
          510.0
        ],
        [
          166.0,
          511.0
        ],
        [
          166.0,
          512.0
        ],
        [
          167.0,
          513.0
        ],
        [
          167.0,
          518.0
        ],
        [
          169.0,
          520.0
        ],
        [
          169.0,
          521.0
        ],
        [
          170.0,
          522.0
        ],
        [
          172.0,
          522.0
        ],
        [
          173.0,
          523.0
        ],
        [
          174.0,
          523.0
        ],
        [
          176.0,
          521.0
        ],
        [
          176.0,
          520.0
        ],
        [
          180.0,
          516.0
        ],
        [
          181.0,
          516.0
        ],
        [
          182.0,
          515.0
        ],
        [
          182.0,
          511.0
        ],
        [
          181.0,
          510.0
        ],
        [
          179.0,
          510.0
        ],
        [
          176.0,
          507.0
        ],
        [
          176.0,
          506.0
        ],
        [
          175.0,
          506.0
        ],
        [
          174.0,
          505.0
        ],
        [
          172.0,
          505.0
        ],
        [
          171.0,
          504.0
        ]
      ],
      "group_id": null,
      "shape_type": "polygon",
      "flags": {}
    },
    {
      "label": "weed",
      "text": "",
      "points": [
        [
          137.0,
          500.0
        ],
        [
          136.0,
          499.0
        ],
        [
          134.0,
          499.0
        ],
        [
          132.0,
          497.0
        ],
        [
          128.0,
          497.0
        ],
        [
          127.0,
          498.0
        ],
        [
          123.0,
          498.0
        ],
        [
          122.0,
          499.0
        ],
        [
          121.0,
          499.0
        ],
        [
          120.0,
          500.0
        ],
        [
          119.0,
          500.0
        ],
        [
          119.0,
          501.0
        ],
        [
          118.0,
          502.0
        ],
        [
          118.0,
          505.0
        ],
        [
          117.0,
          506.0
        ],
        [
          117.0,
          508.0
        ],
        [
          118.0,
          509.0
        ],
        [
          118.0,
          510.0
        ],
        [
          119.0,
          510.0
        ],
        [
          120.0,
          511.0
        ],
        [
          123.0,
          511.0
        ],
        [
          124.0,
          510.0
        ],
        [
          130.0,
          510.0
        ],
        [
          131.0,
          509.0
        ],
        [
          132.0,
          509.0
        ],
        [
          137.0,
          504.0
        ]
      ],
      "group_id": null,
      "shape_type": "polygon",
      "flags": {}
    },
    {
      "label": "weed",
      "text": "",
      "points": [
        [
          623.0,
          382.0
        ],
        [
          620.0,
          379.0
        ],
        [
          619.0,
          379.0
        ],
        [
          618.0,
          378.0
        ],
        [
          617.0,
          379.0
        ],
        [
          615.0,
          379.0
        ],
        [
          614.0,
          380.0
        ],
        [
          612.0,
          380.0
        ],
        [
          610.0,
          382.0
        ],
        [
          610.0,
          383.0
        ],
        [
          609.0,
          384.0
        ],
        [
          609.0,
          388.0
        ],
        [
          610.0,
          389.0
        ],
        [
          610.0,
          390.0
        ],
        [
          611.0,
          391.0
        ],
        [
          613.0,
          391.0
        ],
        [
          614.0,
          392.0
        ],
        [
          620.0,
          392.0
        ],
        [
          621.0,
          391.0
        ],
        [
          622.0,
          391.0
        ],
        [
          623.0,
          390.0
        ],
        [
          623.0,
          389.0
        ],
        [
          624.0,
          388.0
        ],
        [
          624.0,
          385.0
        ],
        [
          623.0,
          384.0
        ]
      ],
      "group_id": null,
      "shape_type": "polygon",
      "flags": {}
    },
    {
      "label": "weed",
      "text": "",
      "points": [
        [
          528.0,
          184.0
        ],
        [
          528.0,
          185.0
        ],
        [
          527.0,
          186.0
        ],
        [
          527.0,
          189.0
        ],
        [
          529.0,
          191.0
        ],
        [
          529.0,
          192.0
        ],
        [
          531.0,
          194.0
        ],
        [
          531.0,
          195.0
        ],
        [
          532.0,
          196.0
        ],
        [
          532.0,
          197.0
        ],
        [
          533.0,
          198.0
        ],
        [
          533.0,
          199.0
        ],
        [
          534.0,
          200.0
        ],
        [
          534.0,
          201.0
        ],
        [
          535.0,
          202.0
        ],
        [
          535.0,
          204.0
        ],
        [
          537.0,
          206.0
        ],
        [
          539.0,
          206.0
        ],
        [
          540.0,
          207.0
        ],
        [
          543.0,
          207.0
        ],
        [
          544.0,
          206.0
        ],
        [
          545.0,
          206.0
        ],
        [
          548.0,
          203.0
        ],
        [
          552.0,
          203.0
        ],
        [
          553.0,
          204.0
        ],
        [
          556.0,
          204.0
        ],
        [
          558.0,
          206.0
        ],
        [
          559.0,
          206.0
        ],
        [
          560.0,
          205.0
        ],
        [
          561.0,
          205.0
        ],
        [
          562.0,
          204.0
        ],
        [
          562.0,
          198.0
        ],
        [
          561.0,
          197.0
        ],
        [
          561.0,
          196.0
        ],
        [
          564.0,
          193.0
        ],
        [
          564.0,
          192.0
        ],
        [
          566.0,
          190.0
        ],
        [
          566.0,
          186.0
        ],
        [
          564.0,
          184.0
        ],
        [
          563.0,
          184.0
        ],
        [
          562.0,
          183.0
        ],
        [
          560.0,
          183.0
        ],
        [
          559.0,
          182.0
        ],
        [
          554.0,
          182.0
        ],
        [
          553.0,
          181.0
        ],
        [
          549.0,
          181.0
        ],
        [
          548.0,
          180.0
        ],
        [
          546.0,
          180.0
        ],
        [
          545.0,
          179.0
        ],
        [
          543.0,
          179.0
        ],
        [
          542.0,
          178.0
        ],
        [
          536.0,
          178.0
        ],
        [
          535.0,
          179.0
        ],
        [
          534.0,
          179.0
        ],
        [
          532.0,
          181.0
        ],
        [
          531.0,
          181.0
        ]
      ],
      "group_id": null,
      "shape_type": "polygon",
      "flags": {}
    }
  ],
  "imagePath": "..\\after_crop\\tile_8_0.jpg",
  "imageData": null,
  "imageHeight": 640,
  "imageWidth": 640
}