{
  "version": "0.3.3",
  "flags": {},
  "shapes": [
    {
      "label": "potato",
      "text": "",
      "points": [
        [
          145.0,
          491.0
        ],
        [
          139.0,
          491.0
        ],
        [
          138.0,
          492.0
        ],
        [
          136.0,
          492.0
        ],
        [
          135.0,
          493.0
        ],
        [
          132.0,
          494.0
        ],
        [
          130.0,
          496.0
        ],
        [
          130.0,
          497.0
        ],
        [
          126.0,
          501.0
        ],
        [
          124.0,
          501.0
        ],
        [
          123.0,
          500.0
        ],
        [
          123.0,
          499.0
        ],
        [
          119.0,
          496.0
        ],
        [
          114.0,
          496.0
        ],
        [
          112.0,
          498.0
        ],
        [
          112.0,
          499.0
        ],
        [
          110.0,
          501.0
        ],
        [
          110.0,
          502.0
        ],
        [
          103.0,
          509.0
        ],
        [
          102.0,
          509.0
        ],
        [
          99.0,
          506.0
        ],
        [
          92.0,
          506.0
        ],
        [
          91.0,
          507.0
        ],
        [
          87.0,
          507.0
        ],
        [
          86.0,
          508.0
        ],
        [
          84.0,
          508.0
        ],
        [
          81.0,
          511.0
        ],
        [
          81.0,
          512.0
        ],
        [
          80.0,
          513.0
        ],
        [
          80.0,
          518.0
        ],
        [
          81.0,
          519.0
        ],
        [
          81.0,
          521.0
        ],
        [
          82.0,
          522.0
        ],
        [
          84.0,
          527.0
        ],
        [
          81.0,
          530.0
        ],
        [
          80.0,
          530.0
        ],
        [
          79.0,
          531.0
        ],
        [
          76.0,
          532.0
        ],
        [
          74.0,
          534.0
        ],
        [
          73.0,
          534.0
        ],
        [
          73.0,
          536.0
        ],
        [
          75.0,
          538.0
        ],
        [
          75.0,
          539.0
        ],
        [
          76.0,
          540.0
        ],
        [
          76.0,
          542.0
        ],
        [
          78.0,
          544.0
        ],
        [
          78.0,
          550.0
        ],
        [
          77.0,
          551.0
        ],
        [
          77.0,
          553.0
        ],
        [
          76.0,
          554.0
        ],
        [
          76.0,
          557.0
        ],
        [
          80.0,
          560.0
        ],
        [
          82.0,
          560.0
        ],
        [
          83.0,
          561.0
        ],
        [
          88.0,
          561.0
        ],
        [
          89.0,
          560.0
        ],
        [
          95.0,
          560.0
        ],
        [
          96.0,
          561.0
        ],
        [
          101.0,
          563.0
        ],
        [
          104.0,
          566.0
        ],
        [
          105.0,
          566.0
        ],
        [
          107.0,
          568.0
        ],
        [
          108.0,
          568.0
        ],
        [
          110.0,
          570.0
        ],
        [
          111.0,
          570.0
        ],
        [
          117.0,
          575.0
        ],
        [
          124.0,
          578.0
        ],
        [
          130.0,
          584.0
        ],
        [
          130.0,
          585.0
        ],
        [
          132.0,
          588.0
        ],
        [
          132.0,
          591.0
        ],
        [
          133.0,
          592.0
        ],
        [
          133.0,
          595.0
        ],
        [
          135.0,
          597.0
        ],
        [
          137.0,
          597.0
        ],
        [
          138.0,
          596.0
        ],
        [
          140.0,
          596.0
        ],
        [
          141.0,
          595.0
        ],
        [
          141.0,
          594.0
        ],
        [
          142.0,
          593.0
        ],
        [
          142.0,
          591.0
        ],
        [
          143.0,
          590.0
        ],
        [
          144.0,
          587.0
        ],
        [
          148.0,
          583.0
        ],
        [
          149.0,
          580.0
        ],
        [
          153.0,
          576.0
        ],
        [
          154.0,
          576.0
        ],
        [
          155.0,
          575.0
        ],
        [
          157.0,
          575.0
        ],
        [
          158.0,
          574.0
        ],
        [
          161.0,
          573.0
        ],
        [
          162.0,
          572.0
        ],
        [
          166.0,
          563.0
        ],
        [
          169.0,
          560.0
        ],
        [
          170.0,
          560.0
        ],
        [
          171.0,
          559.0
        ],
        [
          171.0,
          558.0
        ],
        [
          172.0,
          557.0
        ],
        [
          172.0,
          552.0
        ],
        [
          171.0,
          551.0
        ],
        [
          171.0,
          550.0
        ],
        [
          169.0,
          548.0
        ],
        [
          166.0,
          547.0
        ],
        [
          165.0,
          546.0
        ],
        [
          165.0,
          545.0
        ],
        [
          166.0,
          544.0
        ],
        [
          172.0,
          544.0
        ],
        [
          173.0,
          543.0
        ],
        [
          176.0,
          542.0
        ],
        [
          180.0,
          538.0
        ],
        [
          180.0,
          537.0
        ],
        [
          183.0,
          533.0
        ],
        [
          183.0,
          529.0
        ],
        [
          182.0,
          528.0
        ],
        [
          182.0,
          527.0
        ],
        [
          181.0,
          526.0
        ],
        [
          179.0,
          526.0
        ],
        [
          176.0,
          524.0
        ],
        [
          173.0,
          524.0
        ],
        [
          166.0,
          531.0
        ],
        [
          165.0,
          531.0
        ],
        [
          162.0,
          534.0
        ],
        [
          161.0,
          533.0
        ],
        [
          161.0,
          530.0
        ],
        [
          160.0,
          529.0
        ],
        [
          159.0,
          526.0
        ],
        [
          157.0,
          524.0
        ],
        [
          154.0,
          517.0
        ],
        [
          150.0,
          513.0
        ],
        [
          149.0,
          513.0
        ],
        [
          148.0,
          512.0
        ],
        [
          148.0,
          511.0
        ],
        [
          144.0,
          507.0
        ],
        [
          144.0,
          498.0
        ],
        [
          147.0,
          495.0
        ],
        [
          147.0,
          494.0
        ],
        [
          148.0,
          493.0
        ]
      ],
      "group_id": null,
      "shape_type": "polygon",
      "flags": {}
    },
    {
      "label": "potato",
      "text": "",
      "points": [
        [
          606.0,
          392.0
        ],
        [
          605.0,
          393.0
        ],
        [
          603.0,
          393.0
        ],
        [
          601.0,
          395.0
        ],
        [
          601.0,
          396.0
        ],
        [
          599.0,
          398.0
        ],
        [
          599.0,
          399.0
        ],
        [
          597.0,
          402.0
        ],
        [
          597.0,
          404.0
        ],
        [
          596.0,
          405.0
        ],
        [
          596.0,
          407.0
        ],
        [
          594.0,
          410.0
        ],
        [
          594.0,
          412.0
        ],
        [
          593.0,
          413.0
        ],
        [
          593.0,
          414.0
        ],
        [
          587.0,
          420.0
        ],
        [
          587.0,
          426.0
        ],
        [
          590.0,
          429.0
        ],
        [
          590.0,
          430.0
        ],
        [
          591.0,
          431.0
        ],
        [
          591.0,
          442.0
        ],
        [
          590.0,
          443.0
        ],
        [
          590.0,
          452.0
        ],
        [
          591.0,
          453.0
        ],
        [
          591.0,
          456.0
        ],
        [
          592.0,
          457.0
        ],
        [
          593.0,
          457.0
        ],
        [
          594.0,
          458.0
        ],
        [
          596.0,
          458.0
        ],
        [
          597.0,
          459.0
        ],
        [
          601.0,
          459.0
        ],
        [
          602.0,
          460.0
        ],
        [
          603.0,
          460.0
        ],
        [
          604.0,
          461.0
        ],
        [
          605.0,
          461.0
        ],
        [
          606.0,
          462.0
        ],
        [
          607.0,
          462.0
        ],
        [
          611.0,
          466.0
        ],
        [
          611.0,
          468.0
        ],
        [
          612.0,
          469.0
        ],
        [
          612.0,
          471.0
        ],
        [
          611.0,
          472.0
        ],
        [
          611.0,
          475.0
        ],
        [
          612.0,
          476.0
        ],
        [
          612.0,
          478.0
        ],
        [
          618.0,
          484.0
        ],
        [
          619.0,
          484.0
        ],
        [
          620.0,
          485.0
        ],
        [
          621.0,
          485.0
        ],
        [
          625.0,
          489.0
        ],
        [
          625.0,
          490.0
        ],
        [
          626.0,
          491.0
        ],
        [
          626.0,
          494.0
        ],
        [
          625.0,
          495.0
        ],
        [
          625.0,
          500.0
        ],
        [
          626.0,
          501.0
        ],
        [
          626.0,
          502.0
        ],
        [
          629.0,
          504.0
        ],
        [
          632.0,
          504.0
        ],
        [
          633.0,
          505.0
        ],
        [
          638.0,
          505.0
        ],
        [
          638.0,
          490.0
        ],
        [
          639.0,
          489.0
        ],
        [
          639.0,
          398.0
        ],
        [
          638.0,
          397.0
        ],
        [
          638.0,
          395.0
        ],
        [
          632.0,
          395.0
        ],
        [
          631.0,
          396.0
        ],
        [
          626.0,
          396.0
        ],
        [
          625.0,
          395.0
        ],
        [
          624.0,
          395.0
        ],
        [
          623.0,
          394.0
        ],
        [
          622.0,
          394.0
        ],
        [
          619.0,
          392.0
        ]
      ],
      "group_id": null,
      "shape_type": "polygon",
      "flags": {}
    },
    {
      "label": "weed",
      "text": "",
      "points": [
        [
          235.0,
          267.0
        ],
        [
          234.0,
          267.0
        ],
        [
          233.0,
          266.0
        ],
        [
          221.0,
          266.0
        ],
        [
          220.0,
          265.0
        ],
        [
          213.0,
          265.0
        ],
        [
          212.0,
          266.0
        ],
        [
          207.0,
          266.0
        ],
        [
          206.0,
          267.0
        ],
        [
          200.0,
          267.0
        ],
        [
          199.0,
          268.0
        ],
        [
          197.0,
          268.0
        ],
        [
          196.0,
          269.0
        ],
        [
          195.0,
          269.0
        ],
        [
          194.0,
          270.0
        ],
        [
          193.0,
          270.0
        ],
        [
          192.0,
          271.0
        ],
        [
          192.0,
          273.0
        ],
        [
          191.0,
          274.0
        ],
        [
          191.0,
          275.0
        ],
        [
          192.0,
          276.0
        ],
        [
          192.0,
          277.0
        ],
        [
          193.0,
          277.0
        ],
        [
          194.0,
          278.0
        ],
        [
          195.0,
          278.0
        ],
        [
          196.0,
          279.0
        ],
        [
          201.0,
          279.0
        ],
        [
          202.0,
          278.0
        ],
        [
          206.0,
          278.0
        ],
        [
          207.0,
          279.0
        ],
        [
          209.0,
          279.0
        ],
        [
          210.0,
          280.0
        ],
        [
          222.0,
          280.0
        ],
        [
          223.0,
          279.0
        ],
        [
          223.0,
          277.0
        ],
        [
          227.0,
          273.0
        ],
        [
          229.0,
          273.0
        ],
        [
          230.0,
          272.0
        ],
        [
          231.0,
          272.0
        ],
        [
          232.0,
          271.0
        ],
        [
          233.0,
          271.0
        ],
        [
          235.0,
          269.0
        ]
      ],
      "group_id": null,
      "shape_type": "polygon",
      "flags": {}
    },
    {
      "label": "weed",
      "text": "",
      "points": [
        [
          430.0,
          265.0
        ],
        [
          431.0,
          266.0
        ],
        [
          431.0,
          268.0
        ],
        [
          432.0,
          269.0
        ],
        [
          432.0,
          270.0
        ],
        [
          433.0,
          271.0
        ],
        [
          433.0,
          272.0
        ],
        [
          436.0,
          275.0
        ],
        [
          440.0,
          275.0
        ],
        [
          440.0,
          274.0
        ],
        [
          441.0,
          273.0
        ],
        [
          441.0,
          272.0
        ],
        [
          444.0,
          269.0
        ],
        [
          445.0,
          269.0
        ],
        [
          448.0,
          266.0
        ],
        [
          448.0,
          262.0
        ],
        [
          447.0,
          261.0
        ],
        [
          433.0,
          261.0
        ],
        [
          431.0,
          263.0
        ],
        [
          431.0,
          264.0
        ]
      ],
      "group_id": null,
      "shape_type": "polygon",
      "flags": {}
    },
    {
      "label": "weed",
      "text": "",
      "points": [
        [
          534.0,
          267.0
        ],
        [
          533.0,
          266.0
        ],
        [
          532.0,
          266.0
        ],
        [
          531.0,
          265.0
        ],
        [
          527.0,
          265.0
        ],
        [
          526.0,
          264.0
        ],
        [
          525.0,
          264.0
        ],
        [
          524.0,
          265.0
        ],
        [
          514.0,
          265.0
        ],
        [
          512.0,
          267.0
        ],
        [
          511.0,
          267.0
        ],
        [
          510.0,
          268.0
        ],
        [
          509.0,
          268.0
        ],
        [
          508.0,
          269.0
        ],
        [
          507.0,
          269.0
        ],
        [
          506.0,
          270.0
        ],
        [
          506.0,
          271.0
        ],
        [
          505.0,
          272.0
        ],
        [
          505.0,
          276.0
        ],
        [
          504.0,
          277.0
        ],
        [
          504.0,
          278.0
        ],
        [
          503.0,
          279.0
        ],
        [
          503.0,
          280.0
        ],
        [
          502.0,
          281.0
        ],
        [
          502.0,
          285.0
        ],
        [
          503.0,
          286.0
        ],
        [
          505.0,
          286.0
        ],
        [
          506.0,
          287.0
        ],
        [
          512.0,
          287.0
        ],
        [
          513.0,
          288.0
        ],
        [
          514.0,
          288.0
        ],
        [
          515.0,
          289.0
        ],
        [
          520.0,
          289.0
        ],
        [
          522.0,
          287.0
        ],
        [
          525.0,
          287.0
        ],
        [
          526.0,
          286.0
        ],
        [
          527.0,
          286.0
        ],
        [
          528.0,
          285.0
        ],
        [
          529.0,
          285.0
        ],
        [
          531.0,
          283.0
        ],
        [
          531.0,
          281.0
        ],
        [
          533.0,
          279.0
        ],
        [
          533.0,
          276.0
        ],
        [
          534.0,
          275.0
        ],
        [
          534.0,
          273.0
        ],
        [
          535.0,
          272.0
        ],
        [
          535.0,
          270.0
        ],
        [
          534.0,
          269.0
        ]
      ],
      "group_id": null,
      "shape_type": "polygon",
      "flags": {}
    },
    {
      "label": "weed",
      "text": "",
      "points": [
        [
          526.0,
          343.0
        ],
        [
          524.0,
          343.0
        ],
        [
          523.0,
          344.0
        ],
        [
          522.0,
          344.0
        ],
        [
          521.0,
          345.0
        ],
        [
          521.0,
          346.0
        ],
        [
          518.0,
          349.0
        ],
        [
          518.0,
          350.0
        ],
        [
          514.0,
          354.0
        ],
        [
          505.0,
          354.0
        ],
        [
          504.0,
          355.0
        ],
        [
          502.0,
          355.0
        ],
        [
          499.0,
          358.0
        ],
        [
          499.0,
          361.0
        ],
        [
          500.0,
          362.0
        ],
        [
          500.0,
          363.0
        ],
        [
          501.0,
          364.0
        ],
        [
          501.0,
          365.0
        ],
        [
          502.0,
          366.0
        ],
        [
          502.0,
          367.0
        ],
        [
          503.0,
          368.0
        ],
        [
          503.0,
          370.0
        ],
        [
          504.0,
          371.0
        ],
        [
          504.0,
          380.0
        ],
        [
          506.0,
          382.0
        ],
        [
          516.0,
          382.0
        ],
        [
          521.0,
          377.0
        ],
        [
          524.0,
          377.0
        ],
        [
          525.0,
          378.0
        ],
        [
          528.0,
          378.0
        ],
        [
          529.0,
          377.0
        ],
        [
          529.0,
          376.0
        ],
        [
          528.0,
          375.0
        ],
        [
          528.0,
          374.0
        ],
        [
          527.0,
          373.0
        ],
        [
          527.0,
          370.0
        ],
        [
          526.0,
          369.0
        ],
        [
          526.0,
          355.0
        ],
        [
          525.0,
          354.0
        ],
        [
          525.0,
          349.0
        ],
        [
          526.0,
          348.0
        ]
      ],
      "group_id": null,
      "shape_type": "polygon",
      "flags": {}
    },
    {
      "label": "weed",
      "text": "",
      "points": [
        [
          247.0,
          312.0
        ],
        [
          248.0,
          313.0
        ],
        [
          248.0,
          314.0
        ],
        [
          249.0,
          315.0
        ],
        [
          250.0,
          315.0
        ],
        [
          251.0,
          316.0
        ],
        [
          270.0,
          316.0
        ],
        [
          271.0,
          315.0
        ],
        [
          272.0,
          315.0
        ],
        [
          273.0,
          314.0
        ],
        [
          273.0,
          309.0
        ],
        [
          271.0,
          307.0
        ],
        [
          257.0,
          307.0
        ],
        [
          256.0,
          308.0
        ],
        [
          253.0,
          308.0
        ],
        [
          252.0,
          309.0
        ],
        [
          250.0,
          309.0
        ],
        [
          249.0,
          310.0
        ],
        [
          248.0,
          310.0
        ],
        [
          248.0,
          311.0
        ]
      ],
      "group_id": null,
      "shape_type": "polygon",
      "flags": {}
    },
    {
      "label": "weed",
      "text": "",
      "points": [
        [
          235.0,
          331.0
        ],
        [
          233.0,
          333.0
        ],
        [
          233.0,
          343.0
        ],
        [
          232.0,
          344.0
        ],
        [
          232.0,
          346.0
        ],
        [
          230.0,
          348.0
        ],
        [
          230.0,
          349.0
        ],
        [
          227.0,
          352.0
        ],
        [
          226.0,
          352.0
        ],
        [
          224.0,
          354.0
        ],
        [
          223.0,
          354.0
        ],
        [
          223.0,
          355.0
        ],
        [
          222.0,
          356.0
        ],
        [
          222.0,
          365.0
        ],
        [
          228.0,
          371.0
        ],
        [
          228.0,
          372.0
        ],
        [
          229.0,
          373.0
        ],
        [
          229.0,
          374.0
        ],
        [
          230.0,
          375.0
        ],
        [
          230.0,
          376.0
        ],
        [
          232.0,
          378.0
        ],
        [
          233.0,
          378.0
        ],
        [
          234.0,
          379.0
        ],
        [
          235.0,
          379.0
        ],
        [
          236.0,
          380.0
        ],
        [
          237.0,
          380.0
        ],
        [
          245.0,
          372.0
        ],
        [
          247.0,
          372.0
        ],
        [
          248.0,
          371.0
        ],
        [
          250.0,
          371.0
        ],
        [
          251.0,
          370.0
        ],
        [
          252.0,
          370.0
        ],
        [
          256.0,
          366.0
        ],
        [
          256.0,
          365.0
        ],
        [
          257.0,
          364.0
        ],
        [
          257.0,
          360.0
        ],
        [
          256.0,
          359.0
        ],
        [
          256.0,
          358.0
        ],
        [
          255.0,
          357.0
        ],
        [
          255.0,
          356.0
        ],
        [
          254.0,
          355.0
        ],
        [
          254.0,
          354.0
        ],
        [
          253.0,
          353.0
        ],
        [
          253.0,
          351.0
        ],
        [
          252.0,
          350.0
        ],
        [
          252.0,
          349.0
        ],
        [
          251.0,
          348.0
        ],
        [
          251.0,
          347.0
        ],
        [
          250.0,
          346.0
        ],
        [
          250.0,
          345.0
        ],
        [
          249.0,
          344.0
        ],
        [
          249.0,
          343.0
        ],
        [
          248.0,
          342.0
        ],
        [
          248.0,
          341.0
        ],
        [
          243.0,
          336.0
        ],
        [
          242.0,
          336.0
        ],
        [
          240.0,
          334.0
        ],
        [
          240.0,
          333.0
        ],
        [
          238.0,
          331.0
        ]
      ],
      "group_id": null,
      "shape_type": "polygon",
      "flags": {}
    },
    {
      "label": "weed",
      "text": "",
      "points": [
        [
          237.0,
          330.0
        ],
        [
          236.0,
          331.0
        ],
        [
          234.0,
          331.0
        ],
        [
          233.0,
          332.0
        ],
        [
          233.0,
          333.0
        ],
        [
          232.0,
          334.0
        ],
        [
          232.0,
          335.0
        ],
        [
          231.0,
          336.0
        ],
        [
          231.0,
          338.0
        ],
        [
          230.0,
          339.0
        ],
        [
          230.0,
          340.0
        ],
        [
          229.0,
          341.0
        ],
        [
          229.0,
          346.0
        ],
        [
          228.0,
          347.0
        ],
        [
          228.0,
          348.0
        ],
        [
          227.0,
          349.0
        ],
        [
          227.0,
          350.0
        ],
        [
          226.0,
          351.0
        ],
        [
          225.0,
          351.0
        ],
        [
          220.0,
          356.0
        ],
        [
          220.0,
          357.0
        ],
        [
          219.0,
          358.0
        ],
        [
          219.0,
          360.0
        ],
        [
          218.0,
          361.0
        ],
        [
          218.0,
          364.0
        ],
        [
          215.0,
          367.0
        ],
        [
          213.0,
          367.0
        ],
        [
          212.0,
          368.0
        ],
        [
          209.0,
          368.0
        ],
        [
          208.0,
          369.0
        ],
        [
          207.0,
          369.0
        ],
        [
          207.0,
          370.0
        ],
        [
          206.0,
          371.0
        ],
        [
          206.0,
          372.0
        ],
        [
          205.0,
          373.0
        ],
        [
          205.0,
          374.0
        ],
        [
          204.0,
          375.0
        ],
        [
          204.0,
          376.0
        ],
        [
          203.0,
          377.0
        ],
        [
          203.0,
          379.0
        ],
        [
          202.0,
          380.0
        ],
        [
          202.0,
          381.0
        ],
        [
          201.0,
          382.0
        ],
        [
          201.0,
          395.0
        ],
        [
          202.0,
          396.0
        ],
        [
          202.0,
          398.0
        ],
        [
          203.0,
          399.0
        ],
        [
          203.0,
          400.0
        ],
        [
          205.0,
          402.0
        ],
        [
          208.0,
          402.0
        ],
        [
          209.0,
          401.0
        ],
        [
          210.0,
          401.0
        ],
        [
          211.0,
          400.0
        ],
        [
          219.0,
          400.0
        ],
        [
          220.0,
          401.0
        ],
        [
          221.0,
          401.0
        ],
        [
          222.0,
          402.0
        ],
        [
          223.0,
          402.0
        ],
        [
          224.0,
          403.0
        ],
        [
          226.0,
          403.0
        ],
        [
          227.0,
          404.0
        ],
        [
          228.0,
          404.0
        ],
        [
          229.0,
          405.0
        ],
        [
          230.0,
          405.0
        ],
        [
          231.0,
          404.0
        ],
        [
          232.0,
          404.0
        ],
        [
          233.0,
          403.0
        ],
        [
          233.0,
          402.0
        ],
        [
          234.0,
          401.0
        ],
        [
          234.0,
          395.0
        ],
        [
          235.0,
          394.0
        ],
        [
          235.0,
          386.0
        ],
        [
          236.0,
          385.0
        ],
        [
          236.0,
          384.0
        ],
        [
          237.0,
          383.0
        ],
        [
          240.0,
          383.0
        ],
        [
          242.0,
          381.0
        ],
        [
          243.0,
          381.0
        ],
        [
          245.0,
          379.0
        ],
        [
          245.0,
          378.0
        ],
        [
          246.0,
          377.0
        ],
        [
          246.0,
          376.0
        ],
        [
          250.0,
          372.0
        ],
        [
          251.0,
          372.0
        ],
        [
          257.0,
          366.0
        ],
        [
          257.0,
          364.0
        ],
        [
          258.0,
          363.0
        ],
        [
          258.0,
          362.0
        ],
        [
          257.0,
          361.0
        ],
        [
          257.0,
          359.0
        ],
        [
          256.0,
          358.0
        ],
        [
          256.0,
          357.0
        ],
        [
          255.0,
          356.0
        ],
        [
          255.0,
          355.0
        ],
        [
          254.0,
          354.0
        ],
        [
          254.0,
          353.0
        ],
        [
          253.0,
          352.0
        ],
        [
          253.0,
          351.0
        ],
        [
          252.0,
          350.0
        ],
        [
          252.0,
          348.0
        ],
        [
          251.0,
          347.0
        ],
        [
          251.0,
          346.0
        ],
        [
          250.0,
          345.0
        ],
        [
          250.0,
          344.0
        ],
        [
          249.0,
          343.0
        ],
        [
          249.0,
          341.0
        ],
        [
          248.0,
          340.0
        ],
        [
          248.0,
          339.0
        ],
        [
          245.0,
          336.0
        ],
        [
          245.0,
          335.0
        ],
        [
          244.0,
          335.0
        ],
        [
          243.0,
          334.0
        ],
        [
          242.0,
          334.0
        ],
        [
          239.0,
          331.0
        ],
        [
          238.0,
          331.0
        ]
      ],
      "group_id": null,
      "shape_type": "polygon",
      "flags": {}
    },
    {
      "label": "weed",
      "text": "",
      "points": [
        [
          450.0,
          451.0
        ],
        [
          453.0,
          454.0
        ],
        [
          453.0,
          455.0
        ],
        [
          455.0,
          457.0
        ],
        [
          455.0,
          458.0
        ],
        [
          457.0,
          460.0
        ],
        [
          457.0,
          461.0
        ],
        [
          459.0,
          463.0
        ],
        [
          459.0,
          464.0
        ],
        [
          460.0,
          465.0
        ],
        [
          460.0,
          466.0
        ],
        [
          462.0,
          468.0
        ],
        [
          462.0,
          469.0
        ],
        [
          465.0,
          472.0
        ],
        [
          465.0,
          479.0
        ],
        [
          466.0,
          479.0
        ],
        [
          466.0,
          478.0
        ],
        [
          467.0,
          477.0
        ],
        [
          467.0,
          475.0
        ],
        [
          468.0,
          474.0
        ],
        [
          468.0,
          473.0
        ],
        [
          472.0,
          469.0
        ],
        [
          474.0,
          469.0
        ],
        [
          475.0,
          468.0
        ],
        [
          477.0,
          468.0
        ],
        [
          479.0,
          466.0
        ],
        [
          479.0,
          462.0
        ],
        [
          480.0,
          461.0
        ],
        [
          480.0,
          459.0
        ],
        [
          482.0,
          457.0
        ],
        [
          482.0,
          456.0
        ],
        [
          483.0,
          455.0
        ],
        [
          483.0,
          454.0
        ],
        [
          485.0,
          452.0
        ],
        [
          486.0,
          452.0
        ],
        [
          487.0,
          451.0
        ],
        [
          489.0,
          451.0
        ],
        [
          490.0,
          450.0
        ],
        [
          496.0,
          450.0
        ],
        [
          497.0,
          449.0
        ],
        [
          508.0,
          449.0
        ],
        [
          510.0,
          447.0
        ],
        [
          510.0,
          444.0
        ],
        [
          508.0,
          442.0
        ],
        [
          504.0,
          442.0
        ],
        [
          503.0,
          441.0
        ],
        [
          490.0,
          441.0
        ],
        [
          489.0,
          440.0
        ],
        [
          486.0,
          440.0
        ],
        [
          485.0,
          439.0
        ],
        [
          480.0,
          439.0
        ],
        [
          479.0,
          440.0
        ],
        [
          478.0,
          440.0
        ],
        [
          477.0,
          441.0
        ],
        [
          476.0,
          441.0
        ],
        [
          475.0,
          440.0
        ],
        [
          474.0,
          440.0
        ],
        [
          473.0,
          439.0
        ],
        [
          472.0,
          439.0
        ],
        [
          471.0,
          438.0
        ],
        [
          470.0,
          438.0
        ],
        [
          469.0,
          437.0
        ],
        [
          468.0,
          437.0
        ],
        [
          467.0,
          438.0
        ],
        [
          464.0,
          438.0
        ],
        [
          463.0,
          439.0
        ],
        [
          462.0,
          439.0
        ],
        [
          459.0,
          442.0
        ],
        [
          458.0,
          442.0
        ],
        [
          458.0,
          443.0
        ],
        [
          457.0,
          444.0
        ],
        [
          457.0,
          445.0
        ],
        [
          452.0,
          450.0
        ],
        [
          451.0,
          450.0
        ]
      ],
      "group_id": null,
      "shape_type": "polygon",
      "flags": {}
    },
    {
      "label": "weed",
      "text": "",
      "points": [
        [
          256.0,
          384.0
        ],
        [
          256.0,
          385.0
        ],
        [
          255.0,
          386.0
        ],
        [
          255.0,
          388.0
        ],
        [
          256.0,
          389.0
        ],
        [
          257.0,
          389.0
        ],
        [
          258.0,
          388.0
        ],
        [
          258.0,
          387.0
        ],
        [
          260.0,
          385.0
        ],
        [
          263.0,
          385.0
        ],
        [
          265.0,
          387.0
        ],
        [
          265.0,
          394.0
        ],
        [
          264.0,
          395.0
        ],
        [
          264.0,
          396.0
        ],
        [
          263.0,
          397.0
        ],
        [
          262.0,
          397.0
        ],
        [
          261.0,
          398.0
        ],
        [
          261.0,
          399.0
        ],
        [
          260.0,
          400.0
        ],
        [
          260.0,
          403.0
        ],
        [
          261.0,
          404.0
        ],
        [
          261.0,
          406.0
        ],
        [
          262.0,
          407.0
        ],
        [
          262.0,
          409.0
        ],
        [
          263.0,
          410.0
        ],
        [
          263.0,
          417.0
        ],
        [
          260.0,
          420.0
        ],
        [
          260.0,
          421.0
        ],
        [
          261.0,
          422.0
        ],
        [
          263.0,
          422.0
        ],
        [
          264.0,
          423.0
        ],
        [
          266.0,
          423.0
        ],
        [
          269.0,
          426.0
        ],
        [
          269.0,
          429.0
        ],
        [
          270.0,
          430.0
        ],
        [
          270.0,
          431.0
        ],
        [
          272.0,
          433.0
        ],
        [
          272.0,
          434.0
        ],
        [
          273.0,
          435.0
        ],
        [
          274.0,
          435.0
        ],
        [
          275.0,
          436.0
        ],
        [
          276.0,
          436.0
        ],
        [
          277.0,
          437.0
        ],
        [
          278.0,
          437.0
        ],
        [
          279.0,
          438.0
        ],
        [
          284.0,
          438.0
        ],
        [
          285.0,
          437.0
        ],
        [
          286.0,
          437.0
        ],
        [
          287.0,
          436.0
        ],
        [
          288.0,
          436.0
        ],
        [
          289.0,
          435.0
        ],
        [
          295.0,
          435.0
        ],
        [
          296.0,
          436.0
        ],
        [
          298.0,
          436.0
        ],
        [
          299.0,
          437.0
        ],
        [
          301.0,
          437.0
        ],
        [
          302.0,
          436.0
        ],
        [
          302.0,
          431.0
        ],
        [
          303.0,
          430.0
        ],
        [
          303.0,
          428.0
        ],
        [
          305.0,
          426.0
        ],
        [
          307.0,
          426.0
        ],
        [
          309.0,
          424.0
        ],
        [
          309.0,
          423.0
        ],
        [
          310.0,
          422.0
        ],
        [
          310.0,
          421.0
        ],
        [
          313.0,
          418.0
        ],
        [
          314.0,
          418.0
        ],
        [
          315.0,
          419.0
        ],
        [
          316.0,
          418.0
        ],
        [
          317.0,
          418.0
        ],
        [
          318.0,
          417.0
        ],
        [
          319.0,
          417.0
        ],
        [
          320.0,
          416.0
        ],
        [
          321.0,
          416.0
        ],
        [
          322.0,
          415.0
        ],
        [
          323.0,
          415.0
        ],
        [
          324.0,
          414.0
        ],
        [
          324.0,
          412.0
        ],
        [
          322.0,
          410.0
        ],
        [
          322.0,
          409.0
        ],
        [
          320.0,
          407.0
        ],
        [
          320.0,
          402.0
        ],
        [
          322.0,
          400.0
        ],
        [
          323.0,
          400.0
        ],
        [
          324.0,
          399.0
        ],
        [
          325.0,
          399.0
        ],
        [
          325.0,
          398.0
        ],
        [
          324.0,
          398.0
        ],
        [
          322.0,
          396.0
        ],
        [
          322.0,
          395.0
        ],
        [
          321.0,
          394.0
        ],
        [
          321.0,
          393.0
        ],
        [
          318.0,
          390.0
        ],
        [
          318.0,
          389.0
        ],
        [
          316.0,
          387.0
        ],
        [
          315.0,
          387.0
        ],
        [
          314.0,
          388.0
        ],
        [
          314.0,
          392.0
        ],
        [
          313.0,
          393.0
        ],
        [
          313.0,
          398.0
        ],
        [
          311.0,
          400.0
        ],
        [
          311.0,
          401.0
        ],
        [
          309.0,
          403.0
        ],
        [
          307.0,
          403.0
        ],
        [
          305.0,
          401.0
        ],
        [
          305.0,
          399.0
        ],
        [
          302.0,
          396.0
        ],
        [
          302.0,
          394.0
        ],
        [
          299.0,
          391.0
        ],
        [
          299.0,
          388.0
        ],
        [
          297.0,
          386.0
        ],
        [
          293.0,
          386.0
        ],
        [
          292.0,
          385.0
        ],
        [
          291.0,
          385.0
        ],
        [
          290.0,
          384.0
        ],
        [
          288.0,
          384.0
        ],
        [
          287.0,
          383.0
        ],
        [
          284.0,
          383.0
        ],
        [
          283.0,
          382.0
        ],
        [
          278.0,
          382.0
        ],
        [
          277.0,
          381.0
        ],
        [
          275.0,
          381.0
        ],
        [
          274.0,
          380.0
        ],
        [
          273.0,
          380.0
        ],
        [
          272.0,
          379.0
        ],
        [
          269.0,
          379.0
        ],
        [
          268.0,
          378.0
        ],
        [
          266.0,
          378.0
        ],
        [
          265.0,
          379.0
        ],
        [
          263.0,
          379.0
        ],
        [
          259.0,
          383.0
        ],
        [
          258.0,
          383.0
        ],
        [
          257.0,
          384.0
        ]
      ],
      "group_id": null,
      "shape_type": "polygon",
      "flags": {}
    },
    {
      "label": "weed",
      "text": "",
      "points": [
        [
          252.0,
          448.0
        ],
        [
          251.0,
          449.0
        ],
        [
          249.0,
          449.0
        ],
        [
          248.0,
          450.0
        ],
        [
          248.0,
          451.0
        ],
        [
          249.0,
          452.0
        ],
        [
          249.0,
          453.0
        ],
        [
          250.0,
          454.0
        ],
        [
          250.0,
          455.0
        ],
        [
          251.0,
          456.0
        ],
        [
          251.0,
          458.0
        ],
        [
          252.0,
          459.0
        ],
        [
          252.0,
          468.0
        ],
        [
          250.0,
          470.0
        ],
        [
          249.0,
          470.0
        ],
        [
          248.0,
          471.0
        ],
        [
          247.0,
          471.0
        ],
        [
          245.0,
          473.0
        ],
        [
          243.0,
          473.0
        ],
        [
          242.0,
          474.0
        ],
        [
          241.0,
          474.0
        ],
        [
          241.0,
          476.0
        ],
        [
          240.0,
          477.0
        ],
        [
          241.0,
          478.0
        ],
        [
          241.0,
          479.0
        ],
        [
          242.0,
          479.0
        ],
        [
          244.0,
          481.0
        ],
        [
          245.0,
          481.0
        ],
        [
          246.0,
          482.0
        ],
        [
          246.0,
          483.0
        ],
        [
          248.0,
          485.0
        ],
        [
          248.0,
          487.0
        ],
        [
          249.0,
          488.0
        ],
        [
          249.0,
          489.0
        ],
        [
          250.0,
          490.0
        ],
        [
          250.0,
          491.0
        ],
        [
          251.0,
          492.0
        ],
        [
          251.0,
          493.0
        ],
        [
          252.0,
          494.0
        ],
        [
          253.0,
          494.0
        ],
        [
          255.0,
          496.0
        ],
        [
          257.0,
          496.0
        ],
        [
          258.0,
          495.0
        ],
        [
          260.0,
          495.0
        ],
        [
          262.0,
          493.0
        ],
        [
          262.0,
          492.0
        ],
        [
          264.0,
          490.0
        ],
        [
          265.0,
          490.0
        ],
        [
          266.0,
          489.0
        ],
        [
          271.0,
          489.0
        ],
        [
          272.0,
          488.0
        ],
        [
          273.0,
          488.0
        ],
        [
          278.0,
          483.0
        ],
        [
          278.0,
          480.0
        ],
        [
          277.0,
          479.0
        ],
        [
          277.0,
          478.0
        ],
        [
          276.0,
          477.0
        ],
        [
          276.0,
          476.0
        ],
        [
          272.0,
          472.0
        ],
        [
          272.0,
          471.0
        ],
        [
          271.0,
          470.0
        ],
        [
          271.0,
          469.0
        ],
        [
          267.0,
          465.0
        ],
        [
          267.0,
          462.0
        ],
        [
          266.0,
          461.0
        ],
        [
          266.0,
          456.0
        ],
        [
          267.0,
          455.0
        ],
        [
          267.0,
          454.0
        ],
        [
          266.0,
          453.0
        ],
        [
          266.0,
          452.0
        ],
        [
          264.0,
          452.0
        ],
        [
          263.0,
          451.0
        ],
        [
          260.0,
          451.0
        ],
        [
          259.0,
          450.0
        ],
        [
          256.0,
          450.0
        ],
        [
          255.0,
          449.0
        ],
        [
          253.0,
          449.0
        ]
      ],
      "group_id": null,
      "shape_type": "polygon",
      "flags": {}
    },
    {
      "label": "weed",
      "text": "",
      "points": [
        [
          230.0,
          491.0
        ],
        [
          229.0,
          490.0
        ],
        [
          222.0,
          490.0
        ],
        [
          219.0,
          487.0
        ],
        [
          218.0,
          487.0
        ],
        [
          217.0,
          486.0
        ],
        [
          214.0,
          486.0
        ],
        [
          213.0,
          487.0
        ],
        [
          212.0,
          487.0
        ],
        [
          210.0,
          489.0
        ],
        [
          210.0,
          490.0
        ],
        [
          208.0,
          492.0
        ],
        [
          208.0,
          493.0
        ],
        [
          205.0,
          496.0
        ],
        [
          204.0,
          496.0
        ],
        [
          203.0,
          497.0
        ],
        [
          202.0,
          497.0
        ],
        [
          200.0,
          499.0
        ],
        [
          200.0,
          502.0
        ],
        [
          201.0,
          503.0
        ],
        [
          202.0,
          503.0
        ],
        [
          203.0,
          504.0
        ],
        [
          206.0,
          504.0
        ],
        [
          207.0,
          505.0
        ],
        [
          208.0,
          505.0
        ],
        [
          209.0,
          504.0
        ],
        [
          216.0,
          504.0
        ],
        [
          217.0,
          503.0
        ],
        [
          219.0,
          503.0
        ],
        [
          220.0,
          502.0
        ],
        [
          221.0,
          502.0
        ],
        [
          224.0,
          499.0
        ],
        [
          225.0,
          499.0
        ],
        [
          228.0,
          496.0
        ],
        [
          229.0,
          496.0
        ],
        [
          229.0,
          495.0
        ],
        [
          230.0,
          494.0
        ]
      ],
      "group_id": null,
      "shape_type": "polygon",
      "flags": {}
    },
    {
      "label": "weed",
      "text": "",
      "points": [
        [
          235.0,
          527.0
        ],
        [
          232.0,
          527.0
        ],
        [
          230.0,
          529.0
        ],
        [
          230.0,
          535.0
        ],
        [
          228.0,
          537.0
        ],
        [
          228.0,
          539.0
        ],
        [
          227.0,
          540.0
        ],
        [
          227.0,
          543.0
        ],
        [
          226.0,
          544.0
        ],
        [
          226.0,
          545.0
        ],
        [
          222.0,
          549.0
        ],
        [
          222.0,
          550.0
        ],
        [
          220.0,
          552.0
        ],
        [
          219.0,
          552.0
        ],
        [
          216.0,
          555.0
        ],
        [
          216.0,
          556.0
        ],
        [
          215.0,
          557.0
        ],
        [
          216.0,
          558.0
        ],
        [
          216.0,
          561.0
        ],
        [
          215.0,
          562.0
        ],
        [
          215.0,
          565.0
        ],
        [
          212.0,
          568.0
        ],
        [
          212.0,
          569.0
        ],
        [
          211.0,
          570.0
        ],
        [
          211.0,
          572.0
        ],
        [
          210.0,
          573.0
        ],
        [
          210.0,
          574.0
        ],
        [
          209.0,
          575.0
        ],
        [
          209.0,
          579.0
        ],
        [
          210.0,
          579.0
        ],
        [
          211.0,
          580.0
        ],
        [
          214.0,
          577.0
        ],
        [
          216.0,
          577.0
        ],
        [
          217.0,
          578.0
        ],
        [
          218.0,
          578.0
        ],
        [
          222.0,
          582.0
        ],
        [
          224.0,
          582.0
        ],
        [
          229.0,
          577.0
        ],
        [
          231.0,
          577.0
        ],
        [
          232.0,
          576.0
        ],
        [
          238.0,
          576.0
        ],
        [
          239.0,
          575.0
        ],
        [
          241.0,
          575.0
        ],
        [
          241.0,
          571.0
        ],
        [
          242.0,
          570.0
        ],
        [
          242.0,
          569.0
        ],
        [
          243.0,
          568.0
        ],
        [
          243.0,
          564.0
        ],
        [
          245.0,
          562.0
        ],
        [
          245.0,
          561.0
        ],
        [
          247.0,
          559.0
        ],
        [
          247.0,
          558.0
        ],
        [
          248.0,
          557.0
        ],
        [
          248.0,
          553.0
        ],
        [
          249.0,
          552.0
        ],
        [
          249.0,
          547.0
        ],
        [
          250.0,
          546.0
        ],
        [
          250.0,
          545.0
        ],
        [
          249.0,
          544.0
        ],
        [
          249.0,
          543.0
        ],
        [
          248.0,
          542.0
        ],
        [
          248.0,
          541.0
        ],
        [
          246.0,
          539.0
        ],
        [
          245.0,
          539.0
        ],
        [
          242.0,
          536.0
        ],
        [
          242.0,
          535.0
        ],
        [
          241.0,
          534.0
        ],
        [
          241.0,
          533.0
        ],
        [
          240.0,
          532.0
        ],
        [
          240.0,
          531.0
        ],
        [
          237.0,
          528.0
        ],
        [
          236.0,
          528.0
        ]
      ],
      "group_id": null,
      "shape_type": "polygon",
      "flags": {}
    },
    {
      "label": "weed",
      "text": "",
      "points": [
        [
          212.0,
          584.0
        ],
        [
          212.0,
          586.0
        ],
        [
          213.0,
          587.0
        ],
        [
          213.0,
          590.0
        ],
        [
          214.0,
          591.0
        ],
        [
          214.0,
          597.0
        ],
        [
          215.0,
          598.0
        ],
        [
          215.0,
          600.0
        ],
        [
          216.0,
          600.0
        ],
        [
          217.0,
          601.0
        ],
        [
          222.0,
          601.0
        ],
        [
          224.0,
          599.0
        ],
        [
          224.0,
          597.0
        ],
        [
          223.0,
          596.0
        ],
        [
          223.0,
          592.0
        ],
        [
          224.0,
          591.0
        ],
        [
          224.0,
          589.0
        ],
        [
          223.0,
          588.0
        ],
        [
          219.0,
          588.0
        ],
        [
          216.0,
          585.0
        ],
        [
          215.0,
          585.0
        ],
        [
          214.0,
          584.0
        ]
      ],
      "group_id": null,
      "shape_type": "polygon",
      "flags": {}
    },
    {
      "label": "weed",
      "text": "",
      "points": [
        [
          233.0,
          589.0
        ],
        [
          233.0,
          595.0
        ],
        [
          232.0,
          596.0
        ],
        [
          232.0,
          597.0
        ],
        [
          234.0,
          599.0
        ],
        [
          234.0,
          600.0
        ],
        [
          235.0,
          601.0
        ],
        [
          235.0,
          602.0
        ],
        [
          236.0,
          603.0
        ],
        [
          236.0,
          606.0
        ],
        [
          238.0,
          608.0
        ],
        [
          239.0,
          608.0
        ],
        [
          240.0,
          607.0
        ],
        [
          242.0,
          607.0
        ],
        [
          243.0,
          606.0
        ],
        [
          245.0,
          606.0
        ],
        [
          246.0,
          605.0
        ],
        [
          248.0,
          605.0
        ],
        [
          249.0,
          604.0
        ],
        [
          255.0,
          604.0
        ],
        [
          256.0,
          605.0
        ],
        [
          259.0,
          605.0
        ],
        [
          263.0,
          601.0
        ],
        [
          263.0,
          599.0
        ],
        [
          264.0,
          598.0
        ],
        [
          264.0,
          593.0
        ],
        [
          262.0,
          591.0
        ],
        [
          254.0,
          591.0
        ],
        [
          252.0,
          589.0
        ],
        [
          252.0,
          588.0
        ],
        [
          250.0,
          586.0
        ],
        [
          249.0,
          586.0
        ],
        [
          248.0,
          585.0
        ],
        [
          247.0,
          585.0
        ],
        [
          245.0,
          583.0
        ],
        [
          245.0,
          582.0
        ],
        [
          244.0,
          581.0
        ],
        [
          243.0,
          581.0
        ],
        [
          242.0,
          582.0
        ],
        [
          241.0,
          582.0
        ],
        [
          237.0,
          586.0
        ],
        [
          236.0,
          586.0
        ]
      ],
      "group_id": null,
      "shape_type": "polygon",
      "flags": {}
    },
    {
      "label": "weed",
      "text": "",
      "points": [
        [
          447.0,
          559.0
        ],
        [
          443.0,
          559.0
        ],
        [
          442.0,
          560.0
        ],
        [
          441.0,
          560.0
        ],
        [
          439.0,
          562.0
        ],
        [
          438.0,
          562.0
        ],
        [
          437.0,
          563.0
        ],
        [
          436.0,
          563.0
        ],
        [
          433.0,
          566.0
        ],
        [
          432.0,
          566.0
        ],
        [
          431.0,
          567.0
        ],
        [
          428.0,
          567.0
        ],
        [
          427.0,
          566.0
        ],
        [
          426.0,
          566.0
        ],
        [
          425.0,
          565.0
        ],
        [
          424.0,
          566.0
        ],
        [
          424.0,
          576.0
        ],
        [
          425.0,
          577.0
        ],
        [
          425.0,
          578.0
        ],
        [
          426.0,
          579.0
        ],
        [
          427.0,
          579.0
        ],
        [
          432.0,
          584.0
        ],
        [
          432.0,
          585.0
        ],
        [
          433.0,
          586.0
        ],
        [
          433.0,
          588.0
        ],
        [
          434.0,
          589.0
        ],
        [
          434.0,
          594.0
        ],
        [
          435.0,
          595.0
        ],
        [
          435.0,
          603.0
        ],
        [
          434.0,
          604.0
        ],
        [
          434.0,
          606.0
        ],
        [
          435.0,
          607.0
        ],
        [
          435.0,
          610.0
        ],
        [
          437.0,
          612.0
        ],
        [
          437.0,
          613.0
        ],
        [
          438.0,
          614.0
        ],
        [
          438.0,
          615.0
        ],
        [
          441.0,
          615.0
        ],
        [
          442.0,
          614.0
        ],
        [
          442.0,
          613.0
        ],
        [
          443.0,
          612.0
        ],
        [
          443.0,
          611.0
        ],
        [
          444.0,
          610.0
        ],
        [
          444.0,
          609.0
        ],
        [
          445.0,
          608.0
        ],
        [
          445.0,
          607.0
        ],
        [
          447.0,
          605.0
        ],
        [
          447.0,
          604.0
        ],
        [
          449.0,
          602.0
        ],
        [
          449.0,
          601.0
        ],
        [
          450.0,
          600.0
        ],
        [
          450.0,
          599.0
        ],
        [
          451.0,
          598.0
        ],
        [
          452.0,
          598.0
        ],
        [
          453.0,
          597.0
        ],
        [
          453.0,
          594.0
        ],
        [
          451.0,
          592.0
        ],
        [
          451.0,
          590.0
        ],
        [
          450.0,
          589.0
        ],
        [
          450.0,
          588.0
        ],
        [
          449.0,
          587.0
        ],
        [
          449.0,
          586.0
        ],
        [
          448.0,
          585.0
        ],
        [
          448.0,
          582.0
        ],
        [
          447.0,
          581.0
        ],
        [
          447.0,
          578.0
        ],
        [
          448.0,
          577.0
        ],
        [
          448.0,
          576.0
        ],
        [
          449.0,
          575.0
        ],
        [
          449.0,
          574.0
        ],
        [
          450.0,
          573.0
        ],
        [
          450.0,
          572.0
        ],
        [
          451.0,
          571.0
        ],
        [
          451.0,
          570.0
        ],
        [
          453.0,
          568.0
        ],
        [
          453.0,
          567.0
        ],
        [
          454.0,
          566.0
        ],
        [
          454.0,
          565.0
        ],
        [
          455.0,
          564.0
        ],
        [
          455.0,
          563.0
        ],
        [
          454.0,
          563.0
        ],
        [
          453.0,
          562.0
        ],
        [
          452.0,
          562.0
        ],
        [
          451.0,
          561.0
        ],
        [
          450.0,
          561.0
        ],
        [
          449.0,
          560.0
        ],
        [
          448.0,
          560.0
        ]
      ],
      "group_id": null,
      "shape_type": "polygon",
      "flags": {}
    },
    {
      "label": "weed",
      "text": "",
      "points": [
        [
          504.0,
          589.0
        ],
        [
          504.0,
          593.0
        ],
        [
          503.0,
          594.0
        ],
        [
          503.0,
          597.0
        ],
        [
          502.0,
          598.0
        ],
        [
          502.0,
          604.0
        ],
        [
          505.0,
          607.0
        ],
        [
          506.0,
          607.0
        ],
        [
          507.0,
          608.0
        ],
        [
          508.0,
          608.0
        ],
        [
          509.0,
          609.0
        ],
        [
          510.0,
          609.0
        ],
        [
          511.0,
          610.0
        ],
        [
          512.0,
          610.0
        ],
        [
          514.0,
          612.0
        ],
        [
          522.0,
          612.0
        ],
        [
          523.0,
          611.0
        ],
        [
          525.0,
          611.0
        ],
        [
          526.0,
          610.0
        ],
        [
          527.0,
          610.0
        ],
        [
          530.0,
          607.0
        ],
        [
          531.0,
          607.0
        ],
        [
          532.0,
          606.0
        ],
        [
          533.0,
          606.0
        ],
        [
          533.0,
          605.0
        ],
        [
          535.0,
          603.0
        ],
        [
          535.0,
          597.0
        ],
        [
          532.0,
          594.0
        ],
        [
          532.0,
          593.0
        ],
        [
          530.0,
          591.0
        ],
        [
          530.0,
          590.0
        ],
        [
          529.0,
          589.0
        ],
        [
          526.0,
          589.0
        ],
        [
          525.0,
          590.0
        ],
        [
          518.0,
          590.0
        ],
        [
          517.0,
          589.0
        ],
        [
          515.0,
          589.0
        ],
        [
          514.0,
          588.0
        ],
        [
          509.0,
          588.0
        ],
        [
          508.0,
          587.0
        ],
        [
          506.0,
          587.0
        ]
      ],
      "group_id": null,
      "shape_type": "polygon",
      "flags": {}
    },
    {
      "label": "weed",
      "text": "",
      "points": [
        [
          522.0,
          523.0
        ],
        [
          521.0,
          524.0
        ],
        [
          520.0,
          524.0
        ],
        [
          516.0,
          528.0
        ],
        [
          515.0,
          528.0
        ],
        [
          512.0,
          531.0
        ],
        [
          512.0,
          533.0
        ],
        [
          508.0,
          537.0
        ],
        [
          508.0,
          538.0
        ],
        [
          507.0,
          539.0
        ],
        [
          507.0,
          541.0
        ],
        [
          506.0,
          542.0
        ],
        [
          506.0,
          546.0
        ],
        [
          505.0,
          547.0
        ],
        [
          505.0,
          549.0
        ],
        [
          504.0,
          550.0
        ],
        [
          504.0,
          551.0
        ],
        [
          503.0,
          552.0
        ],
        [
          503.0,
          556.0
        ],
        [
          504.0,
          557.0
        ],
        [
          504.0,
          558.0
        ],
        [
          505.0,
          559.0
        ],
        [
          506.0,
          559.0
        ],
        [
          507.0,
          560.0
        ],
        [
          510.0,
          560.0
        ],
        [
          511.0,
          559.0
        ],
        [
          512.0,
          559.0
        ],
        [
          513.0,
          558.0
        ],
        [
          514.0,
          558.0
        ],
        [
          515.0,
          557.0
        ],
        [
          516.0,
          557.0
        ],
        [
          519.0,
          554.0
        ],
        [
          520.0,
          554.0
        ],
        [
          521.0,
          553.0
        ],
        [
          522.0,
          554.0
        ],
        [
          523.0,
          554.0
        ],
        [
          525.0,
          556.0
        ],
        [
          525.0,
          558.0
        ],
        [
          522.0,
          561.0
        ],
        [
          521.0,
          561.0
        ],
        [
          520.0,
          562.0
        ],
        [
          520.0,
          568.0
        ],
        [
          518.0,
          570.0
        ],
        [
          518.0,
          571.0
        ],
        [
          517.0,
          572.0
        ],
        [
          517.0,
          575.0
        ],
        [
          518.0,
          576.0
        ],
        [
          523.0,
          576.0
        ],
        [
          525.0,
          578.0
        ],
        [
          525.0,
          583.0
        ],
        [
          526.0,
          584.0
        ],
        [
          532.0,
          584.0
        ],
        [
          534.0,
          582.0
        ],
        [
          534.0,
          579.0
        ],
        [
          537.0,
          576.0
        ],
        [
          537.0,
          571.0
        ],
        [
          538.0,
          570.0
        ],
        [
          538.0,
          557.0
        ],
        [
          539.0,
          556.0
        ],
        [
          538.0,
          555.0
        ],
        [
          538.0,
          554.0
        ],
        [
          537.0,
          553.0
        ],
        [
          537.0,
          552.0
        ],
        [
          540.0,
          549.0
        ],
        [
          541.0,
          549.0
        ],
        [
          542.0,
          550.0
        ],
        [
          543.0,
          550.0
        ],
        [
          544.0,
          551.0
        ],
        [
          544.0,
          552.0
        ],
        [
          545.0,
          553.0
        ],
        [
          559.0,
          553.0
        ],
        [
          560.0,
          552.0
        ],
        [
          560.0,
          551.0
        ],
        [
          561.0,
          550.0
        ],
        [
          561.0,
          549.0
        ],
        [
          559.0,
          547.0
        ],
        [
          559.0,
          546.0
        ],
        [
          555.0,
          542.0
        ],
        [
          555.0,
          541.0
        ],
        [
          554.0,
          540.0
        ],
        [
          553.0,
          541.0
        ],
        [
          552.0,
          541.0
        ],
        [
          549.0,
          544.0
        ],
        [
          548.0,
          544.0
        ],
        [
          547.0,
          545.0
        ],
        [
          547.0,
          546.0
        ],
        [
          545.0,
          548.0
        ],
        [
          538.0,
          548.0
        ],
        [
          535.0,
          545.0
        ],
        [
          535.0,
          539.0
        ],
        [
          533.0,
          537.0
        ],
        [
          533.0,
          536.0
        ],
        [
          532.0,
          535.0
        ],
        [
          532.0,
          534.0
        ],
        [
          531.0,
          533.0
        ],
        [
          531.0,
          531.0
        ],
        [
          530.0,
          530.0
        ],
        [
          530.0,
          529.0
        ],
        [
          529.0,
          528.0
        ],
        [
          529.0,
          526.0
        ],
        [
          526.0,
          523.0
        ]
      ],
      "group_id": null,
      "shape_type": "polygon",
      "flags": {}
    },
    {
      "label": "weed",
      "text": "",
      "points": [
        [
          562.0,
          264.0
        ],
        [
          561.0,
          265.0
        ],
        [
          558.0,
          265.0
        ],
        [
          557.0,
          266.0
        ],
        [
          551.0,
          266.0
        ],
        [
          550.0,
          267.0
        ],
        [
          550.0,
          276.0
        ],
        [
          551.0,
          277.0
        ],
        [
          551.0,
          280.0
        ],
        [
          552.0,
          281.0
        ],
        [
          552.0,
          283.0
        ],
        [
          554.0,
          285.0
        ],
        [
          554.0,
          286.0
        ],
        [
          556.0,
          288.0
        ],
        [
          559.0,
          288.0
        ],
        [
          561.0,
          286.0
        ],
        [
          562.0,
          286.0
        ],
        [
          565.0,
          283.0
        ],
        [
          566.0,
          283.0
        ],
        [
          568.0,
          281.0
        ],
        [
          568.0,
          278.0
        ],
        [
          569.0,
          277.0
        ],
        [
          569.0,
          275.0
        ],
        [
          568.0,
          274.0
        ],
        [
          568.0,
          272.0
        ],
        [
          567.0,
          271.0
        ],
        [
          567.0,
          267.0
        ],
        [
          566.0,
          267.0
        ],
        [
          564.0,
          265.0
        ],
        [
          563.0,
          265.0
        ]
      ],
      "group_id": null,
      "shape_type": "polygon",
      "flags": {}
    },
    {
      "label": "weed",
      "text": "",
      "points": [
        [
          595.0,
          382.0
        ],
        [
          594.0,
          381.0
        ],
        [
          592.0,
          381.0
        ],
        [
          590.0,
          383.0
        ],
        [
          582.0,
          383.0
        ],
        [
          581.0,
          384.0
        ],
        [
          580.0,
          384.0
        ],
        [
          578.0,
          386.0
        ],
        [
          578.0,
          387.0
        ],
        [
          577.0,
          388.0
        ],
        [
          577.0,
          390.0
        ],
        [
          576.0,
          391.0
        ],
        [
          576.0,
          394.0
        ],
        [
          575.0,
          395.0
        ],
        [
          575.0,
          396.0
        ],
        [
          571.0,
          400.0
        ],
        [
          570.0,
          400.0
        ],
        [
          568.0,
          402.0
        ],
        [
          567.0,
          402.0
        ],
        [
          566.0,
          403.0
        ],
        [
          565.0,
          403.0
        ],
        [
          564.0,
          404.0
        ],
        [
          563.0,
          404.0
        ],
        [
          561.0,
          406.0
        ],
        [
          561.0,
          410.0
        ],
        [
          562.0,
          411.0
        ],
        [
          562.0,
          412.0
        ],
        [
          563.0,
          413.0
        ],
        [
          564.0,
          413.0
        ],
        [
          565.0,
          414.0
        ],
        [
          566.0,
          414.0
        ],
        [
          568.0,
          416.0
        ],
        [
          570.0,
          416.0
        ],
        [
          571.0,
          417.0
        ],
        [
          572.0,
          416.0
        ],
        [
          575.0,
          416.0
        ],
        [
          576.0,
          417.0
        ],
        [
          577.0,
          417.0
        ],
        [
          578.0,
          418.0
        ],
        [
          584.0,
          418.0
        ],
        [
          585.0,
          417.0
        ],
        [
          585.0,
          416.0
        ],
        [
          586.0,
          415.0
        ],
        [
          586.0,
          414.0
        ],
        [
          588.0,
          412.0
        ],
        [
          589.0,
          412.0
        ],
        [
          590.0,
          411.0
        ],
        [
          590.0,
          410.0
        ],
        [
          592.0,
          408.0
        ],
        [
          592.0,
          407.0
        ],
        [
          594.0,
          405.0
        ],
        [
          594.0,
          403.0
        ],
        [
          595.0,
          402.0
        ],
        [
          595.0,
          401.0
        ],
        [
          596.0,
          400.0
        ],
        [
          596.0,
          399.0
        ],
        [
          597.0,
          398.0
        ],
        [
          597.0,
          397.0
        ],
        [
          598.0,
          396.0
        ],
        [
          598.0,
          387.0
        ],
        [
          595.0,
          384.0
        ]
      ],
      "group_id": null,
      "shape_type": "polygon",
      "flags": {}
    },
    {
      "label": "weed",
      "text": "",
      "points": [
        [
          599.0,
          379.0
        ],
        [
          599.0,
          382.0
        ],
        [
          600.0,
          383.0
        ],
        [
          600.0,
          392.0
        ],
        [
          601.0,
          393.0
        ],
        [
          602.0,
          392.0
        ],
        [
          606.0,
          392.0
        ],
        [
          607.0,
          391.0
        ],
        [
          609.0,
          391.0
        ],
        [
          610.0,
          392.0
        ],
        [
          620.0,
          392.0
        ],
        [
          621.0,
          393.0
        ],
        [
          623.0,
          393.0
        ],
        [
          624.0,
          394.0
        ],
        [
          634.0,
          394.0
        ],
        [
          635.0,
          393.0
        ],
        [
          636.0,
          393.0
        ],
        [
          637.0,
          392.0
        ],
        [
          638.0,
          392.0
        ],
        [
          638.0,
          376.0
        ],
        [
          637.0,
          375.0
        ],
        [
          636.0,
          375.0
        ],
        [
          635.0,
          374.0
        ],
        [
          634.0,
          374.0
        ],
        [
          633.0,
          375.0
        ],
        [
          623.0,
          375.0
        ],
        [
          622.0,
          374.0
        ],
        [
          621.0,
          374.0
        ],
        [
          620.0,
          373.0
        ],
        [
          618.0,
          373.0
        ],
        [
          617.0,
          372.0
        ],
        [
          613.0,
          372.0
        ],
        [
          612.0,
          371.0
        ],
        [
          611.0,
          372.0
        ],
        [
          607.0,
          372.0
        ],
        [
          606.0,
          373.0
        ],
        [
          604.0,
          373.0
        ],
        [
          603.0,
          374.0
        ],
        [
          602.0,
          374.0
        ],
        [
          601.0,
          375.0
        ],
        [
          601.0,
          376.0
        ],
        [
          600.0,
          377.0
        ],
        [
          600.0,
          378.0
        ]
      ],
      "group_id": null,
      "shape_type": "polygon",
      "flags": {}
    },
    {
      "label": "weed",
      "text": "",
      "points": [
        [
          481.0,
          505.0
        ],
        [
          475.0,
          499.0
        ],
        [
          470.0,
          499.0
        ],
        [
          469.0,
          500.0
        ],
        [
          468.0,
          500.0
        ],
        [
          467.0,
          499.0
        ],
        [
          464.0,
          499.0
        ],
        [
          463.0,
          498.0
        ],
        [
          462.0,
          498.0
        ],
        [
          462.0,
          499.0
        ],
        [
          459.0,
          502.0
        ],
        [
          450.0,
          502.0
        ],
        [
          449.0,
          501.0
        ],
        [
          444.0,
          501.0
        ],
        [
          443.0,
          500.0
        ],
        [
          437.0,
          500.0
        ],
        [
          436.0,
          501.0
        ],
        [
          433.0,
          501.0
        ],
        [
          429.0,
          505.0
        ],
        [
          429.0,
          506.0
        ],
        [
          428.0,
          507.0
        ],
        [
          428.0,
          508.0
        ],
        [
          427.0,
          509.0
        ],
        [
          427.0,
          510.0
        ],
        [
          426.0,
          511.0
        ],
        [
          426.0,
          519.0
        ],
        [
          428.0,
          521.0
        ],
        [
          428.0,
          522.0
        ],
        [
          429.0,
          523.0
        ],
        [
          429.0,
          524.0
        ],
        [
          431.0,
          526.0
        ],
        [
          435.0,
          526.0
        ],
        [
          438.0,
          523.0
        ],
        [
          438.0,
          521.0
        ],
        [
          442.0,
          517.0
        ],
        [
          448.0,
          517.0
        ],
        [
          450.0,
          519.0
        ],
        [
          450.0,
          520.0
        ],
        [
          452.0,
          520.0
        ],
        [
          455.0,
          523.0
        ],
        [
          455.0,
          524.0
        ],
        [
          456.0,
          525.0
        ],
        [
          458.0,
          525.0
        ],
        [
          459.0,
          524.0
        ],
        [
          459.0,
          523.0
        ],
        [
          460.0,
          522.0
        ],
        [
          460.0,
          520.0
        ],
        [
          461.0,
          519.0
        ],
        [
          464.0,
          519.0
        ],
        [
          465.0,
          520.0
        ],
        [
          467.0,
          520.0
        ],
        [
          468.0,
          521.0
        ],
        [
          471.0,
          521.0
        ],
        [
          472.0,
          522.0
        ],
        [
          474.0,
          522.0
        ],
        [
          475.0,
          521.0
        ],
        [
          477.0,
          521.0
        ],
        [
          478.0,
          520.0
        ],
        [
          479.0,
          520.0
        ],
        [
          481.0,
          518.0
        ],
        [
          481.0,
          513.0
        ],
        [
          482.0,
          512.0
        ],
        [
          482.0,
          510.0
        ],
        [
          481.0,
          509.0
        ]
      ],
      "group_id": null,
      "shape_type": "polygon",
      "flags": {}
    },
    {
      "label": "potato",
      "text": "",
      "points": [
        [
          159.0,
          233.0
        ],
        [
          158.0,
          233.0
        ],
        [
          157.0,
          232.0
        ],
        [
          151.0,
          232.0
        ],
        [
          150.0,
          231.0
        ],
        [
          145.0,
          231.0
        ],
        [
          144.0,
          230.0
        ],
        [
          141.0,
          229.0
        ],
        [
          135.0,
          223.0
        ],
        [
          133.0,
          223.0
        ],
        [
          132.0,
          222.0
        ],
        [
          127.0,
          222.0
        ],
        [
          126.0,
          223.0
        ],
        [
          125.0,
          223.0
        ],
        [
          124.0,
          224.0
        ],
        [
          124.0,
          225.0
        ],
        [
          120.0,
          229.0
        ],
        [
          119.0,
          229.0
        ],
        [
          116.0,
          231.0
        ],
        [
          111.0,
          231.0
        ],
        [
          110.0,
          230.0
        ],
        [
          105.0,
          230.0
        ],
        [
          104.0,
          229.0
        ],
        [
          99.0,
          229.0
        ],
        [
          98.0,
          228.0
        ],
        [
          97.0,
          228.0
        ],
        [
          96.0,
          227.0
        ],
        [
          94.0,
          227.0
        ],
        [
          93.0,
          226.0
        ],
        [
          86.0,
          226.0
        ],
        [
          85.0,
          225.0
        ],
        [
          63.0,
          225.0
        ],
        [
          62.0,
          226.0
        ],
        [
          59.0,
          226.0
        ],
        [
          58.0,
          227.0
        ],
        [
          57.0,
          227.0
        ],
        [
          57.0,
          228.0
        ],
        [
          56.0,
          229.0
        ],
        [
          56.0,
          231.0
        ],
        [
          55.0,
          232.0
        ],
        [
          55.0,
          234.0
        ],
        [
          56.0,
          235.0
        ],
        [
          57.0,
          240.0
        ],
        [
          59.0,
          242.0
        ],
        [
          60.0,
          242.0
        ],
        [
          61.0,
          243.0
        ],
        [
          74.0,
          243.0
        ],
        [
          75.0,
          244.0
        ],
        [
          77.0,
          244.0
        ],
        [
          78.0,
          245.0
        ],
        [
          78.0,
          249.0
        ],
        [
          77.0,
          250.0
        ],
        [
          75.0,
          250.0
        ],
        [
          74.0,
          251.0
        ],
        [
          72.0,
          251.0
        ],
        [
          71.0,
          252.0
        ],
        [
          70.0,
          252.0
        ],
        [
          65.0,
          257.0
        ],
        [
          65.0,
          258.0
        ],
        [
          64.0,
          259.0
        ],
        [
          64.0,
          263.0
        ],
        [
          63.0,
          264.0
        ],
        [
          63.0,
          270.0
        ],
        [
          64.0,
          271.0
        ],
        [
          64.0,
          273.0
        ],
        [
          66.0,
          276.0
        ],
        [
          66.0,
          279.0
        ],
        [
          64.0,
          281.0
        ],
        [
          62.0,
          286.0
        ],
        [
          59.0,
          288.0
        ],
        [
          58.0,
          291.0
        ],
        [
          61.0,
          294.0
        ],
        [
          62.0,
          294.0
        ],
        [
          63.0,
          295.0
        ],
        [
          70.0,
          295.0
        ],
        [
          71.0,
          294.0
        ],
        [
          73.0,
          294.0
        ],
        [
          74.0,
          293.0
        ],
        [
          79.0,
          293.0
        ],
        [
          82.0,
          296.0
        ],
        [
          83.0,
          299.0
        ],
        [
          85.0,
          301.0
        ],
        [
          85.0,
          311.0
        ],
        [
          86.0,
          312.0
        ],
        [
          86.0,
          314.0
        ],
        [
          87.0,
          315.0
        ],
        [
          87.0,
          316.0
        ],
        [
          90.0,
          319.0
        ],
        [
          92.0,
          319.0
        ],
        [
          93.0,
          320.0
        ],
        [
          99.0,
          320.0
        ],
        [
          104.0,
          315.0
        ],
        [
          105.0,
          315.0
        ],
        [
          108.0,
          312.0
        ],
        [
          108.0,
          311.0
        ],
        [
          110.0,
          308.0
        ],
        [
          110.0,
          306.0
        ],
        [
          113.0,
          302.0
        ],
        [
          114.0,
          302.0
        ],
        [
          115.0,
          301.0
        ],
        [
          129.0,
          301.0
        ],
        [
          135.0,
          295.0
        ],
        [
          136.0,
          295.0
        ],
        [
          139.0,
          292.0
        ],
        [
          140.0,
          292.0
        ],
        [
          142.0,
          290.0
        ],
        [
          143.0,
          290.0
        ],
        [
          150.0,
          283.0
        ],
        [
          150.0,
          280.0
        ],
        [
          147.0,
          276.0
        ],
        [
          147.0,
          264.0
        ],
        [
          150.0,
          260.0
        ],
        [
          150.0,
          259.0
        ],
        [
          153.0,
          256.0
        ],
        [
          153.0,
          255.0
        ],
        [
          155.0,
          253.0
        ],
        [
          155.0,
          252.0
        ],
        [
          157.0,
          250.0
        ],
        [
          157.0,
          249.0
        ],
        [
          159.0,
          246.0
        ],
        [
          159.0,
          244.0
        ],
        [
          160.0,
          243.0
        ],
        [
          160.0,
          240.0
        ],
        [
          161.0,
          239.0
        ],
        [
          161.0,
          236.0
        ]
      ],
      "group_id": null,
      "shape_type": "polygon",
      "flags": {}
    }
  ],
  "imagePath": "tile_0_0.jpg",
  "imageData": null,
  "imageHeight": 640,
  "imageWidth": 640,
  "text": ""
}
