{
  "version": "0.3.3",
  "flags": {},
  "shapes": [
    {
      "label": "potato",
      "text": "",
      "points": [
        [
          85.0,
          0.0
        ],
        [
          85.0,
          1.0
        ],
        [
          82.0,
          4.0
        ],
        [
          82.0,
          5.0
        ],
        [
          81.0,
          6.0
        ],
        [
          81.0,
          8.0
        ],
        [
          80.0,
          9.0
        ],
        [
          80.0,
          13.0
        ],
        [
          81.0,
          14.0
        ],
        [
          81.0,
          15.0
        ],
        [
          82.0,
          16.0
        ],
        [
          82.0,
          20.0
        ],
        [
          83.0,
          21.0
        ],
        [
          83.0,
          26.0
        ],
        [
          84.0,
          27.0
        ],
        [
          84.0,
          32.0
        ],
        [
          82.0,
          34.0
        ],
        [
          82.0,
          35.0
        ],
        [
          81.0,
          36.0
        ],
        [
          81.0,
          41.0
        ],
        [
          82.0,
          42.0
        ],
        [
          82.0,
          43.0
        ],
        [
          83.0,
          43.0
        ],
        [
          85.0,
          45.0
        ],
        [
          86.0,
          45.0
        ],
        [
          87.0,
          46.0
        ],
        [
          89.0,
          46.0
        ],
        [
          90.0,
          47.0
        ],
        [
          92.0,
          47.0
        ],
        [
          93.0,
          48.0
        ],
        [
          94.0,
          48.0
        ],
        [
          99.0,
          53.0
        ],
        [
          108.0,
          53.0
        ],
        [
          109.0,
          54.0
        ],
        [
          114.0,
          54.0
        ],
        [
          115.0,
          53.0
        ],
        [
          116.0,
          53.0
        ],
        [
          117.0,
          52.0
        ],
        [
          118.0,
          52.0
        ],
        [
          120.0,
          50.0
        ],
        [
          120.0,
          48.0
        ],
        [
          121.0,
          47.0
        ],
        [
          121.0,
          45.0
        ],
        [
          122.0,
          44.0
        ],
        [
          122.0,
          35.0
        ],
        [
          121.0,
          34.0
        ],
        [
          121.0,
          32.0
        ],
        [
          120.0,
          31.0
        ],
        [
          120.0,
          29.0
        ],
        [
          119.0,
          28.0
        ],
        [
          119.0,
          23.0
        ],
        [
          120.0,
          22.0
        ],
        [
          120.0,
          17.0
        ],
        [
          119.0,
          16.0
        ],
        [
          119.0,
          14.0
        ],
        [
          118.0,
          13.0
        ],
        [
          118.0,
          12.0
        ],
        [
          117.0,
          11.0
        ],
        [
          117.0,
          10.0
        ],
        [
          116.0,
          9.0
        ],
        [
          116.0,
          8.0
        ],
        [
          109.0,
          1.0
        ],
        [
          109.0,
          0.0
        ]
      ],
      "group_id": null,
      "shape_type": "polygon",
      "flags": {}
    },
    {
      "label": "potato",
      "text": "",
      "points": [
        [
          175.0,
          491.0
        ],
        [
          172.0,
          491.0
        ],
        [
          171.0,
          492.0
        ],
        [
          170.0,
          492.0
        ],
        [
          166.0,
          496.0
        ],
        [
          164.0,
          496.0
        ],
        [
          163.0,
          497.0
        ],
        [
          159.0,
          497.0
        ],
        [
          155.0,
          494.0
        ],
        [
          155.0,
          493.0
        ],
        [
          153.0,
          491.0
        ],
        [
          153.0,
          490.0
        ],
        [
          151.0,
          488.0
        ],
        [
          151.0,
          487.0
        ],
        [
          147.0,
          483.0
        ],
        [
          147.0,
          482.0
        ],
        [
          145.0,
          480.0
        ],
        [
          139.0,
          480.0
        ],
        [
          130.0,
          485.0
        ],
        [
          127.0,
          485.0
        ],
        [
          126.0,
          486.0
        ],
        [
          124.0,
          486.0
        ],
        [
          123.0,
          487.0
        ],
        [
          122.0,
          487.0
        ],
        [
          112.0,
          497.0
        ],
        [
          111.0,
          497.0
        ],
        [
          110.0,
          498.0
        ],
        [
          108.0,
          498.0
        ],
        [
          105.0,
          500.0
        ],
        [
          103.0,
          500.0
        ],
        [
          100.0,
          503.0
        ],
        [
          98.0,
          503.0
        ],
        [
          97.0,
          502.0
        ],
        [
          96.0,
          499.0
        ],
        [
          92.0,
          495.0
        ],
        [
          88.0,
          495.0
        ],
        [
          84.0,
          501.0
        ],
        [
          84.0,
          503.0
        ],
        [
          83.0,
          504.0
        ],
        [
          83.0,
          509.0
        ],
        [
          84.0,
          510.0
        ],
        [
          84.0,
          514.0
        ],
        [
          85.0,
          515.0
        ],
        [
          85.0,
          517.0
        ],
        [
          88.0,
          521.0
        ],
        [
          90.0,
          526.0
        ],
        [
          89.0,
          527.0
        ],
        [
          89.0,
          528.0
        ],
        [
          88.0,
          529.0
        ],
        [
          88.0,
          531.0
        ],
        [
          86.0,
          533.0
        ],
        [
          86.0,
          534.0
        ],
        [
          84.0,
          536.0
        ],
        [
          79.0,
          538.0
        ],
        [
          79.0,
          539.0
        ],
        [
          77.0,
          541.0
        ],
        [
          77.0,
          543.0
        ],
        [
          78.0,
          544.0
        ],
        [
          78.0,
          545.0
        ],
        [
          79.0,
          546.0
        ],
        [
          86.0,
          549.0
        ],
        [
          88.0,
          552.0
        ],
        [
          88.0,
          561.0
        ],
        [
          87.0,
          562.0
        ],
        [
          87.0,
          564.0
        ],
        [
          83.0,
          568.0
        ],
        [
          83.0,
          569.0
        ],
        [
          82.0,
          570.0
        ],
        [
          82.0,
          576.0
        ],
        [
          83.0,
          577.0
        ],
        [
          83.0,
          578.0
        ],
        [
          87.0,
          581.0
        ],
        [
          90.0,
          580.0
        ],
        [
          94.0,
          577.0
        ],
        [
          96.0,
          577.0
        ],
        [
          97.0,
          578.0
        ],
        [
          99.0,
          578.0
        ],
        [
          100.0,
          579.0
        ],
        [
          112.0,
          579.0
        ],
        [
          113.0,
          578.0
        ],
        [
          115.0,
          578.0
        ],
        [
          116.0,
          577.0
        ],
        [
          119.0,
          576.0
        ],
        [
          121.0,
          574.0
        ],
        [
          126.0,
          574.0
        ],
        [
          129.0,
          576.0
        ],
        [
          129.0,
          580.0
        ],
        [
          128.0,
          581.0
        ],
        [
          129.0,
          586.0
        ],
        [
          131.0,
          586.0
        ],
        [
          132.0,
          587.0
        ],
        [
          135.0,
          586.0
        ],
        [
          140.0,
          581.0
        ],
        [
          141.0,
          581.0
        ],
        [
          144.0,
          577.0
        ],
        [
          144.0,
          566.0
        ],
        [
          147.0,
          563.0
        ],
        [
          149.0,
          563.0
        ],
        [
          152.0,
          561.0
        ],
        [
          152.0,
          555.0
        ],
        [
          155.0,
          552.0
        ],
        [
          156.0,
          552.0
        ],
        [
          157.0,
          551.0
        ],
        [
          159.0,
          551.0
        ],
        [
          160.0,
          550.0
        ],
        [
          162.0,
          550.0
        ],
        [
          164.0,
          548.0
        ],
        [
          166.0,
          548.0
        ],
        [
          168.0,
          546.0
        ],
        [
          168.0,
          545.0
        ],
        [
          171.0,
          541.0
        ],
        [
          171.0,
          539.0
        ],
        [
          172.0,
          538.0
        ],
        [
          172.0,
          534.0
        ],
        [
          170.0,
          531.0
        ],
        [
          170.0,
          529.0
        ],
        [
          169.0,
          528.0
        ],
        [
          169.0,
          525.0
        ],
        [
          168.0,
          524.0
        ],
        [
          168.0,
          511.0
        ],
        [
          170.0,
          509.0
        ],
        [
          173.0,
          508.0
        ],
        [
          173.0,
          507.0
        ],
        [
          174.0,
          506.0
        ],
        [
          174.0,
          504.0
        ],
        [
          176.0,
          501.0
        ],
        [
          176.0,
          498.0
        ],
        [
          177.0,
          497.0
        ],
        [
          177.0,
          495.0
        ],
        [
          176.0,
          494.0
        ],
        [
          176.0,
          492.0
        ]
      ],
      "group_id": null,
      "shape_type": "polygon",
      "flags": {}
    },
    {
      "label": "potato",
      "text": "",
      "points": [
        [
          96.0,
          277.0
        ],
        [
          92.0,
          281.0
        ],
        [
          92.0,
          288.0
        ],
        [
          93.0,
          289.0
        ],
        [
          93.0,
          290.0
        ],
        [
          94.0,
          291.0
        ],
        [
          95.0,
          291.0
        ],
        [
          96.0,
          292.0
        ],
        [
          97.0,
          292.0
        ],
        [
          98.0,
          293.0
        ],
        [
          99.0,
          293.0
        ],
        [
          100.0,
          294.0
        ],
        [
          101.0,
          294.0
        ],
        [
          104.0,
          297.0
        ],
        [
          105.0,
          297.0
        ],
        [
          108.0,
          300.0
        ],
        [
          109.0,
          300.0
        ],
        [
          110.0,
          301.0
        ],
        [
          111.0,
          301.0
        ],
        [
          113.0,
          303.0
        ],
        [
          116.0,
          303.0
        ],
        [
          117.0,
          302.0
        ],
        [
          118.0,
          302.0
        ],
        [
          119.0,
          301.0
        ],
        [
          120.0,
          301.0
        ],
        [
          121.0,
          300.0
        ],
        [
          122.0,
          300.0
        ],
        [
          124.0,
          298.0
        ],
        [
          124.0,
          297.0
        ],
        [
          126.0,
          295.0
        ],
        [
          126.0,
          293.0
        ],
        [
          127.0,
          292.0
        ],
        [
          127.0,
          291.0
        ],
        [
          130.0,
          288.0
        ],
        [
          130.0,
          287.0
        ],
        [
          131.0,
          286.0
        ],
        [
          131.0,
          285.0
        ],
        [
          132.0,
          284.0
        ],
        [
          132.0,
          281.0
        ],
        [
          131.0,
          281.0
        ],
        [
          130.0,
          280.0
        ],
        [
          124.0,
          280.0
        ],
        [
          122.0,
          278.0
        ],
        [
          122.0,
          277.0
        ],
        [
          121.0,
          276.0
        ],
        [
          121.0,
          275.0
        ],
        [
          119.0,
          273.0
        ],
        [
          111.0,
          273.0
        ],
        [
          110.0,
          272.0
        ],
        [
          107.0,
          272.0
        ],
        [
          106.0,
          273.0
        ],
        [
          105.0,
          273.0
        ],
        [
          104.0,
          274.0
        ],
        [
          103.0,
          274.0
        ],
        [
          102.0,
          275.0
        ],
        [
          101.0,
          275.0
        ],
        [
          100.0,
          276.0
        ],
        [
          99.0,
          276.0
        ],
        [
          98.0,
          277.0
        ]
      ],
      "group_id": null,
      "shape_type": "polygon",
      "flags": {}
    },
    {
      "label": "potato",
      "text": "",
      "points": [
        [
          414.0,
          298.0
        ],
        [
          405.0,
          298.0
        ],
        [
          404.0,
          299.0
        ],
        [
          402.0,
          299.0
        ],
        [
          400.0,
          301.0
        ],
        [
          400.0,
          302.0
        ],
        [
          397.0,
          305.0
        ],
        [
          394.0,
          305.0
        ],
        [
          393.0,
          306.0
        ],
        [
          388.0,
          306.0
        ],
        [
          387.0,
          307.0
        ],
        [
          385.0,
          307.0
        ],
        [
          384.0,
          308.0
        ],
        [
          383.0,
          308.0
        ],
        [
          383.0,
          309.0
        ],
        [
          382.0,
          310.0
        ],
        [
          382.0,
          312.0
        ],
        [
          381.0,
          313.0
        ],
        [
          381.0,
          315.0
        ],
        [
          380.0,
          316.0
        ],
        [
          380.0,
          318.0
        ],
        [
          381.0,
          319.0
        ],
        [
          381.0,
          320.0
        ],
        [
          383.0,
          322.0
        ],
        [
          383.0,
          323.0
        ],
        [
          384.0,
          324.0
        ],
        [
          385.0,
          324.0
        ],
        [
          390.0,
          329.0
        ],
        [
          390.0,
          339.0
        ],
        [
          391.0,
          340.0
        ],
        [
          392.0,
          340.0
        ],
        [
          393.0,
          339.0
        ],
        [
          395.0,
          339.0
        ],
        [
          397.0,
          337.0
        ],
        [
          398.0,
          337.0
        ],
        [
          399.0,
          336.0
        ],
        [
          400.0,
          336.0
        ],
        [
          406.0,
          330.0
        ],
        [
          406.0,
          329.0
        ],
        [
          407.0,
          328.0
        ],
        [
          408.0,
          328.0
        ],
        [
          411.0,
          325.0
        ],
        [
          412.0,
          325.0
        ],
        [
          412.0,
          324.0
        ],
        [
          413.0,
          323.0
        ],
        [
          413.0,
          318.0
        ],
        [
          414.0,
          317.0
        ],
        [
          414.0,
          315.0
        ],
        [
          415.0,
          314.0
        ],
        [
          415.0,
          312.0
        ],
        [
          416.0,
          311.0
        ],
        [
          416.0,
          310.0
        ],
        [
          417.0,
          309.0
        ],
        [
          417.0,
          301.0
        ]
      ],
      "group_id": null,
      "shape_type": "polygon",
      "flags": {}
    },
    {
      "label": "potato",
      "text": "",
      "points": [
        [
          394.0,
          46.0
        ],
        [
          393.0,
          47.0
        ],
        [
          392.0,
          47.0
        ],
        [
          388.0,
          51.0
        ],
        [
          388.0,
          52.0
        ],
        [
          387.0,
          53.0
        ],
        [
          387.0,
          55.0
        ],
        [
          386.0,
          56.0
        ],
        [
          386.0,
          57.0
        ],
        [
          385.0,
          58.0
        ],
        [
          385.0,
          65.0
        ],
        [
          387.0,
          67.0
        ],
        [
          388.0,
          67.0
        ],
        [
          391.0,
          70.0
        ],
        [
          392.0,
          70.0
        ],
        [
          393.0,
          71.0
        ],
        [
          395.0,
          71.0
        ],
        [
          396.0,
          72.0
        ],
        [
          398.0,
          72.0
        ],
        [
          401.0,
          75.0
        ],
        [
          402.0,
          75.0
        ],
        [
          403.0,
          76.0
        ],
        [
          406.0,
          76.0
        ],
        [
          409.0,
          73.0
        ],
        [
          409.0,
          72.0
        ],
        [
          416.0,
          65.0
        ],
        [
          416.0,
          63.0
        ],
        [
          417.0,
          62.0
        ],
        [
          417.0,
          57.0
        ],
        [
          416.0,
          56.0
        ],
        [
          416.0,
          55.0
        ],
        [
          415.0,
          55.0
        ],
        [
          413.0,
          53.0
        ],
        [
          410.0,
          53.0
        ],
        [
          404.0,
          47.0
        ],
        [
          403.0,
          47.0
        ],
        [
          402.0,
          46.0
        ]
      ],
      "group_id": null,
      "shape_type": "polygon",
      "flags": {}
    },
    {
      "label": "weed",
      "text": "",
      "points": [
        [
          181.0,
          72.0
        ],
        [
          178.0,
          75.0
        ],
        [
          178.0,
          81.0
        ],
        [
          179.0,
          82.0
        ],
        [
          179.0,
          84.0
        ],
        [
          180.0,
          85.0
        ],
        [
          180.0,
          86.0
        ],
        [
          181.0,
          87.0
        ],
        [
          181.0,
          89.0
        ],
        [
          182.0,
          90.0
        ],
        [
          182.0,
          97.0
        ],
        [
          183.0,
          98.0
        ],
        [
          183.0,
          100.0
        ],
        [
          185.0,
          102.0
        ],
        [
          185.0,
          103.0
        ],
        [
          186.0,
          103.0
        ],
        [
          191.0,
          108.0
        ],
        [
          192.0,
          108.0
        ],
        [
          193.0,
          109.0
        ],
        [
          195.0,
          109.0
        ],
        [
          196.0,
          110.0
        ],
        [
          197.0,
          109.0
        ],
        [
          202.0,
          109.0
        ],
        [
          204.0,
          107.0
        ],
        [
          205.0,
          107.0
        ],
        [
          206.0,
          106.0
        ],
        [
          207.0,
          106.0
        ],
        [
          208.0,
          105.0
        ],
        [
          211.0,
          105.0
        ],
        [
          214.0,
          102.0
        ],
        [
          214.0,
          97.0
        ],
        [
          215.0,
          96.0
        ],
        [
          215.0,
          91.0
        ],
        [
          212.0,
          88.0
        ],
        [
          211.0,
          88.0
        ],
        [
          210.0,
          87.0
        ],
        [
          209.0,
          87.0
        ],
        [
          208.0,
          86.0
        ],
        [
          207.0,
          86.0
        ],
        [
          206.0,
          85.0
        ],
        [
          205.0,
          85.0
        ],
        [
          204.0,
          84.0
        ],
        [
          203.0,
          84.0
        ],
        [
          202.0,
          83.0
        ],
        [
          201.0,
          83.0
        ],
        [
          200.0,
          82.0
        ],
        [
          197.0,
          82.0
        ],
        [
          196.0,
          81.0
        ],
        [
          195.0,
          81.0
        ],
        [
          194.0,
          80.0
        ],
        [
          193.0,
          80.0
        ],
        [
          189.0,
          76.0
        ],
        [
          189.0,
          74.0
        ],
        [
          186.0,
          71.0
        ],
        [
          184.0,
          71.0
        ],
        [
          183.0,
          72.0
        ]
      ],
      "group_id": null,
      "shape_type": "polygon",
      "flags": {}
    },
    {
      "label": "weed",
      "text": "",
      "points": [
        [
          296.0,
          372.0
        ],
        [
          295.0,
          372.0
        ],
        [
          294.0,
          371.0
        ],
        [
          289.0,
          371.0
        ],
        [
          287.0,
          373.0
        ],
        [
          286.0,
          373.0
        ],
        [
          285.0,
          374.0
        ],
        [
          284.0,
          374.0
        ],
        [
          279.0,
          379.0
        ],
        [
          279.0,
          380.0
        ],
        [
          278.0,
          381.0
        ],
        [
          278.0,
          384.0
        ],
        [
          277.0,
          385.0
        ],
        [
          277.0,
          388.0
        ],
        [
          276.0,
          389.0
        ],
        [
          276.0,
          392.0
        ],
        [
          277.0,
          393.0
        ],
        [
          277.0,
          394.0
        ],
        [
          278.0,
          395.0
        ],
        [
          278.0,
          396.0
        ],
        [
          279.0,
          397.0
        ],
        [
          280.0,
          397.0
        ],
        [
          281.0,
          398.0
        ],
        [
          291.0,
          398.0
        ],
        [
          292.0,
          397.0
        ],
        [
          294.0,
          397.0
        ],
        [
          295.0,
          396.0
        ],
        [
          296.0,
          396.0
        ],
        [
          298.0,
          394.0
        ],
        [
          299.0,
          394.0
        ],
        [
          299.0,
          393.0
        ],
        [
          301.0,
          391.0
        ],
        [
          301.0,
          390.0
        ],
        [
          300.0,
          389.0
        ],
        [
          300.0,
          387.0
        ],
        [
          299.0,
          386.0
        ],
        [
          299.0,
          385.0
        ],
        [
          298.0,
          384.0
        ],
        [
          298.0,
          383.0
        ],
        [
          297.0,
          382.0
        ],
        [
          297.0,
          373.0
        ]
      ],
      "group_id": null,
      "shape_type": "polygon",
      "flags": {}
    },
    {
      "label": "weed",
      "text": "",
      "points": [
        [
          535.0,
          531.0
        ],
        [
          535.0,
          534.0
        ],
        [
          536.0,
          535.0
        ],
        [
          536.0,
          536.0
        ],
        [
          538.0,
          538.0
        ],
        [
          539.0,
          538.0
        ],
        [
          542.0,
          541.0
        ],
        [
          543.0,
          541.0
        ],
        [
          544.0,
          542.0
        ],
        [
          548.0,
          542.0
        ],
        [
          549.0,
          541.0
        ],
        [
          551.0,
          541.0
        ],
        [
          552.0,
          540.0
        ],
        [
          553.0,
          540.0
        ],
        [
          554.0,
          539.0
        ],
        [
          554.0,
          538.0
        ],
        [
          555.0,
          537.0
        ],
        [
          555.0,
          533.0
        ],
        [
          554.0,
          532.0
        ],
        [
          554.0,
          531.0
        ],
        [
          552.0,
          529.0
        ],
        [
          551.0,
          529.0
        ],
        [
          550.0,
          528.0
        ],
        [
          538.0,
          528.0
        ],
        [
          537.0,
          529.0
        ],
        [
          536.0,
          529.0
        ],
        [
          536.0,
          530.0
        ]
      ],
      "group_id": null,
      "shape_type": "polygon",
      "flags": {}
    },
    {
      "label": "weed",
      "text": "",
      "points": [
        [
          211.0,
          294.0
        ],
        [
          210.0,
          294.0
        ],
        [
          209.0,
          295.0
        ],
        [
          207.0,
          295.0
        ],
        [
          206.0,
          296.0
        ],
        [
          205.0,
          296.0
        ],
        [
          204.0,
          297.0
        ],
        [
          203.0,
          297.0
        ],
        [
          202.0,
          298.0
        ],
        [
          202.0,
          299.0
        ],
        [
          201.0,
          300.0
        ],
        [
          201.0,
          310.0
        ],
        [
          202.0,
          311.0
        ],
        [
          202.0,
          312.0
        ],
        [
          203.0,
          312.0
        ],
        [
          204.0,
          313.0
        ],
        [
          208.0,
          313.0
        ],
        [
          214.0,
          307.0
        ],
        [
          214.0,
          306.0
        ],
        [
          215.0,
          305.0
        ],
        [
          215.0,
          300.0
        ],
        [
          214.0,
          299.0
        ],
        [
          214.0,
          296.0
        ],
        [
          213.0,
          295.0
        ],
        [
          212.0,
          295.0
        ]
      ],
      "group_id": null,
      "shape_type": "polygon",
      "flags": {}
    },
    {
      "label": "weed",
      "text": "",
      "points": [
        [
          230.0,
          295.0
        ],
        [
          227.0,
          298.0
        ],
        [
          227.0,
          300.0
        ],
        [
          226.0,
          301.0
        ],
        [
          226.0,
          307.0
        ],
        [
          227.0,
          308.0
        ],
        [
          227.0,
          309.0
        ],
        [
          229.0,
          311.0
        ],
        [
          229.0,
          312.0
        ],
        [
          230.0,
          313.0
        ],
        [
          231.0,
          313.0
        ],
        [
          232.0,
          314.0
        ],
        [
          234.0,
          314.0
        ],
        [
          234.0,
          313.0
        ],
        [
          235.0,
          312.0
        ],
        [
          235.0,
          310.0
        ],
        [
          236.0,
          309.0
        ],
        [
          236.0,
          308.0
        ],
        [
          237.0,
          307.0
        ],
        [
          237.0,
          306.0
        ],
        [
          238.0,
          305.0
        ],
        [
          238.0,
          304.0
        ],
        [
          239.0,
          303.0
        ],
        [
          239.0,
          302.0
        ],
        [
          241.0,
          300.0
        ],
        [
          241.0,
          297.0
        ],
        [
          238.0,
          297.0
        ],
        [
          237.0,
          296.0
        ],
        [
          236.0,
          296.0
        ],
        [
          235.0,
          295.0
        ]
      ],
      "group_id": null,
      "shape_type": "polygon",
      "flags": {}
    },
    {
      "label": "weed",
      "text": "",
      "points": [
        [
          245.0,
          533.0
        ],
        [
          244.0,
          533.0
        ],
        [
          243.0,
          534.0
        ],
        [
          242.0,
          534.0
        ],
        [
          241.0,
          535.0
        ],
        [
          241.0,
          536.0
        ],
        [
          240.0,
          537.0
        ],
        [
          240.0,
          538.0
        ],
        [
          239.0,
          539.0
        ],
        [
          239.0,
          541.0
        ],
        [
          238.0,
          542.0
        ],
        [
          237.0,
          542.0
        ],
        [
          235.0,
          544.0
        ],
        [
          235.0,
          547.0
        ],
        [
          234.0,
          548.0
        ],
        [
          234.0,
          551.0
        ],
        [
          233.0,
          552.0
        ],
        [
          235.0,
          554.0
        ],
        [
          236.0,
          554.0
        ],
        [
          237.0,
          555.0
        ],
        [
          244.0,
          555.0
        ],
        [
          249.0,
          550.0
        ],
        [
          249.0,
          542.0
        ],
        [
          248.0,
          541.0
        ],
        [
          248.0,
          538.0
        ],
        [
          247.0,
          537.0
        ],
        [
          247.0,
          535.0
        ]
      ],
      "group_id": null,
      "shape_type": "polygon",
      "flags": {}
    },
    {
      "label": "weed",
      "text": "",
      "points": [
        [
          168.0,
          628.0
        ],
        [
          166.0,
          626.0
        ],
        [
          165.0,
          626.0
        ],
        [
          164.0,
          625.0
        ],
        [
          157.0,
          625.0
        ],
        [
          156.0,
          626.0
        ],
        [
          153.0,
          626.0
        ],
        [
          152.0,
          627.0
        ],
        [
          151.0,
          627.0
        ],
        [
          151.0,
          628.0
        ],
        [
          149.0,
          630.0
        ],
        [
          149.0,
          631.0
        ],
        [
          146.0,
          634.0
        ],
        [
          146.0,
          636.0
        ],
        [
          145.0,
          637.0
        ],
        [
          145.0,
          639.0
        ],
        [
          166.0,
          639.0
        ],
        [
          167.0,
          638.0
        ],
        [
          167.0,
          636.0
        ],
        [
          168.0,
          635.0
        ],
        [
          168.0,
          633.0
        ],
        [
          169.0,
          632.0
        ],
        [
          169.0,
          631.0
        ],
        [
          168.0,
          630.0
        ]
      ],
      "group_id": null,
      "shape_type": "polygon",
      "flags": {}
    }
  ],
  "imagePath": "..\\after_crop\\tile_9_7.jpg",
  "imageData": null,
  "imageHeight": 640,
  "imageWidth": 640
}