{
  "version": "0.3.3",
  "flags": {},
  "shapes": [
    {
      "label": "weed",
      "text": "",
      "points": [
        [
          472.0,
          151.0
        ],
        [
          470.0,
          151.0
        ],
        [
          469.0,
          152.0
        ],
        [
          469.0,
          154.0
        ],
        [
          468.0,
          155.0
        ],
        [
          468.0,
          164.0
        ],
        [
          469.0,
          165.0
        ],
        [
          469.0,
          168.0
        ],
        [
          468.0,
          169.0
        ],
        [
          468.0,
          171.0
        ],
        [
          467.0,
          172.0
        ],
        [
          467.0,
          173.0
        ],
        [
          466.0,
          174.0
        ],
        [
          466.0,
          175.0
        ],
        [
          465.0,
          176.0
        ],
        [
          465.0,
          182.0
        ],
        [
          466.0,
          182.0
        ],
        [
          467.0,
          181.0
        ],
        [
          467.0,
          180.0
        ],
        [
          472.0,
          175.0
        ],
        [
          473.0,
          175.0
        ],
        [
          475.0,
          173.0
        ],
        [
          475.0,
          167.0
        ],
        [
          476.0,
          166.0
        ],
        [
          476.0,
          157.0
        ],
        [
          475.0,
          156.0
        ],
        [
          475.0,
          155.0
        ],
        [
          474.0,
          154.0
        ],
        [
          474.0,
          153.0
        ]
      ],
      "group_id": null,
      "shape_type": "polygon",
      "flags": {}
    },
    {
      "label": "weed",
      "text": "",
      "points": [
        [
          484.0,
          197.0
        ],
        [
          482.0,
          199.0
        ],
        [
          482.0,
          205.0
        ],
        [
          490.0,
          213.0
        ],
        [
          490.0,
          214.0
        ],
        [
          491.0,
          214.0
        ],
        [
          492.0,
          215.0
        ],
        [
          494.0,
          215.0
        ],
        [
          495.0,
          214.0
        ],
        [
          495.0,
          212.0
        ],
        [
          496.0,
          211.0
        ],
        [
          496.0,
          205.0
        ],
        [
          495.0,
          204.0
        ],
        [
          495.0,
          202.0
        ],
        [
          494.0,
          202.0
        ],
        [
          493.0,
          201.0
        ],
        [
          491.0,
          201.0
        ],
        [
          489.0,
          199.0
        ],
        [
          488.0,
          199.0
        ],
        [
          487.0,
          198.0
        ],
        [
          486.0,
          198.0
        ],
        [
          485.0,
          197.0
        ]
      ],
      "group_id": null,
      "shape_type": "polygon",
      "flags": {}
    },
    {
      "label": "weed",
      "text": "",
      "points": [
        [
          453.0,
          241.0
        ],
        [
          452.0,
          242.0
        ],
        [
          451.0,
          242.0
        ],
        [
          450.0,
          243.0
        ],
        [
          450.0,
          244.0
        ],
        [
          449.0,
          245.0
        ],
        [
          449.0,
          249.0
        ],
        [
          450.0,
          250.0
        ],
        [
          450.0,
          252.0
        ],
        [
          451.0,
          253.0
        ],
        [
          451.0,
          254.0
        ],
        [
          452.0,
          255.0
        ],
        [
          453.0,
          255.0
        ],
        [
          454.0,
          256.0
        ],
        [
          457.0,
          256.0
        ],
        [
          458.0,
          257.0
        ],
        [
          459.0,
          256.0
        ],
        [
          460.0,
          256.0
        ],
        [
          461.0,
          255.0
        ],
        [
          461.0,
          254.0
        ],
        [
          463.0,
          252.0
        ],
        [
          463.0,
          251.0
        ],
        [
          464.0,
          250.0
        ],
        [
          464.0,
          246.0
        ],
        [
          463.0,
          245.0
        ],
        [
          463.0,
          243.0
        ],
        [
          462.0,
          243.0
        ],
        [
          460.0,
          241.0
        ]
      ],
      "group_id": null,
      "shape_type": "polygon",
      "flags": {}
    },
    {
      "label": "weed",
      "text": "",
      "points": [
        [
          339.0,
          336.0
        ],
        [
          337.0,
          338.0
        ],
        [
          337.0,
          341.0
        ],
        [
          338.0,
          342.0
        ],
        [
          338.0,
          346.0
        ],
        [
          339.0,
          347.0
        ],
        [
          339.0,
          348.0
        ],
        [
          340.0,
          349.0
        ],
        [
          340.0,
          357.0
        ],
        [
          341.0,
          357.0
        ],
        [
          342.0,
          358.0
        ],
        [
          343.0,
          358.0
        ],
        [
          344.0,
          359.0
        ],
        [
          347.0,
          359.0
        ],
        [
          348.0,
          358.0
        ],
        [
          349.0,
          358.0
        ],
        [
          349.0,
          356.0
        ],
        [
          346.0,
          353.0
        ],
        [
          347.0,
          352.0
        ],
        [
          347.0,
          351.0
        ],
        [
          349.0,
          349.0
        ],
        [
          352.0,
          349.0
        ],
        [
          353.0,
          350.0
        ],
        [
          356.0,
          347.0
        ],
        [
          357.0,
          347.0
        ],
        [
          359.0,
          345.0
        ],
        [
          359.0,
          340.0
        ],
        [
          358.0,
          340.0
        ],
        [
          356.0,
          338.0
        ],
        [
          355.0,
          338.0
        ],
        [
          354.0,
          337.0
        ],
        [
          353.0,
          337.0
        ],
        [
          352.0,
          336.0
        ],
        [
          348.0,
          336.0
        ],
        [
          347.0,
          335.0
        ],
        [
          343.0,
          335.0
        ],
        [
          342.0,
          336.0
        ]
      ],
      "group_id": null,
      "shape_type": "polygon",
      "flags": {}
    },
    {
      "label": "weed",
      "text": "",
      "points": [
        [
          54.0,
          397.0
        ],
        [
          54.0,
          400.0
        ],
        [
          55.0,
          401.0
        ],
        [
          55.0,
          402.0
        ],
        [
          56.0,
          403.0
        ],
        [
          57.0,
          403.0
        ],
        [
          59.0,
          405.0
        ],
        [
          60.0,
          405.0
        ],
        [
          62.0,
          407.0
        ],
        [
          63.0,
          407.0
        ],
        [
          64.0,
          408.0
        ],
        [
          65.0,
          408.0
        ],
        [
          66.0,
          409.0
        ],
        [
          68.0,
          409.0
        ],
        [
          69.0,
          410.0
        ],
        [
          70.0,
          409.0
        ],
        [
          77.0,
          409.0
        ],
        [
          78.0,
          408.0
        ],
        [
          79.0,
          408.0
        ],
        [
          82.0,
          405.0
        ],
        [
          82.0,
          404.0
        ],
        [
          83.0,
          403.0
        ],
        [
          84.0,
          403.0
        ],
        [
          85.0,
          402.0
        ],
        [
          86.0,
          402.0
        ],
        [
          86.0,
          397.0
        ],
        [
          85.0,
          396.0
        ],
        [
          85.0,
          395.0
        ],
        [
          84.0,
          394.0
        ],
        [
          84.0,
          393.0
        ],
        [
          83.0,
          393.0
        ],
        [
          81.0,
          391.0
        ],
        [
          80.0,
          391.0
        ],
        [
          78.0,
          389.0
        ],
        [
          75.0,
          389.0
        ],
        [
          74.0,
          388.0
        ],
        [
          73.0,
          388.0
        ],
        [
          71.0,
          386.0
        ],
        [
          70.0,
          386.0
        ],
        [
          69.0,
          385.0
        ],
        [
          68.0,
          385.0
        ],
        [
          67.0,
          384.0
        ],
        [
          62.0,
          384.0
        ],
        [
          61.0,
          385.0
        ],
        [
          60.0,
          385.0
        ],
        [
          59.0,
          386.0
        ],
        [
          59.0,
          387.0
        ],
        [
          58.0,
          388.0
        ],
        [
          58.0,
          389.0
        ],
        [
          57.0,
          390.0
        ],
        [
          57.0,
          391.0
        ],
        [
          56.0,
          392.0
        ],
        [
          56.0,
          393.0
        ],
        [
          55.0,
          394.0
        ],
        [
          55.0,
          396.0
        ]
      ],
      "group_id": null,
      "shape_type": "polygon",
      "flags": {}
    },
    {
      "label": "weed",
      "text": "",
      "points": [
        [
          49.0,
          139.0
        ],
        [
          48.0,
          140.0
        ],
        [
          47.0,
          140.0
        ],
        [
          43.0,
          144.0
        ],
        [
          43.0,
          145.0
        ],
        [
          41.0,
          147.0
        ],
        [
          41.0,
          153.0
        ],
        [
          40.0,
          154.0
        ],
        [
          40.0,
          156.0
        ],
        [
          41.0,
          157.0
        ],
        [
          41.0,
          158.0
        ],
        [
          42.0,
          159.0
        ],
        [
          43.0,
          159.0
        ],
        [
          47.0,
          163.0
        ],
        [
          47.0,
          166.0
        ],
        [
          48.0,
          167.0
        ],
        [
          48.0,
          168.0
        ],
        [
          49.0,
          169.0
        ],
        [
          50.0,
          169.0
        ],
        [
          51.0,
          170.0
        ],
        [
          54.0,
          170.0
        ],
        [
          55.0,
          171.0
        ],
        [
          58.0,
          171.0
        ],
        [
          59.0,
          170.0
        ],
        [
          60.0,
          170.0
        ],
        [
          61.0,
          169.0
        ],
        [
          62.0,
          169.0
        ],
        [
          62.0,
          164.0
        ],
        [
          58.0,
          160.0
        ],
        [
          58.0,
          159.0
        ],
        [
          57.0,
          158.0
        ],
        [
          57.0,
          156.0
        ],
        [
          56.0,
          155.0
        ],
        [
          56.0,
          154.0
        ],
        [
          57.0,
          153.0
        ],
        [
          57.0,
          145.0
        ],
        [
          56.0,
          144.0
        ],
        [
          56.0,
          143.0
        ],
        [
          53.0,
          140.0
        ],
        [
          52.0,
          140.0
        ],
        [
          51.0,
          139.0
        ]
      ],
      "group_id": null,
      "shape_type": "polygon",
      "flags": {}
    },
    {
      "label": "weed",
      "text": "",
      "points": [
        [
          610.0,
          282.0
        ],
        [
          610.0,
          285.0
        ],
        [
          609.0,
          286.0
        ],
        [
          610.0,
          287.0
        ],
        [
          610.0,
          289.0
        ],
        [
          611.0,
          289.0
        ],
        [
          612.0,
          290.0
        ],
        [
          618.0,
          290.0
        ],
        [
          619.0,
          289.0
        ],
        [
          621.0,
          289.0
        ],
        [
          622.0,
          288.0
        ],
        [
          622.0,
          283.0
        ],
        [
          621.0,
          282.0
        ],
        [
          621.0,
          281.0
        ],
        [
          619.0,
          279.0
        ],
        [
          618.0,
          279.0
        ],
        [
          617.0,
          278.0
        ],
        [
          615.0,
          278.0
        ],
        [
          613.0,
          280.0
        ],
        [
          612.0,
          280.0
        ]
      ],
      "group_id": null,
      "shape_type": "polygon",
      "flags": {}
    }
  ],
  "imagePath": "..\\after_crop\\tile_15_4.jpg",
  "imageData": null,
  "imageHeight": 640,
  "imageWidth": 640
}