{
  "version": "0.3.3",
  "flags": {},
  "shapes": [
    {
      "label": "weed",
      "text": "",
      "points": [
        [
          103.0,
          418.0
        ],
        [
          102.0,
          418.0
        ],
        [
          95.0,
          411.0
        ],
        [
          91.0,
          411.0
        ],
        [
          88.0,
          414.0
        ],
        [
          88.0,
          415.0
        ],
        [
          85.0,
          418.0
        ],
        [
          84.0,
          418.0
        ],
        [
          84.0,
          419.0
        ],
        [
          80.0,
          423.0
        ],
        [
          79.0,
          423.0
        ],
        [
          78.0,
          424.0
        ],
        [
          74.0,
          424.0
        ],
        [
          72.0,
          426.0
        ],
        [
          72.0,
          432.0
        ],
        [
          73.0,
          433.0
        ],
        [
          73.0,
          434.0
        ],
        [
          75.0,
          436.0
        ],
        [
          76.0,
          436.0
        ],
        [
          77.0,
          437.0
        ],
        [
          79.0,
          437.0
        ],
        [
          80.0,
          438.0
        ],
        [
          81.0,
          437.0
        ],
        [
          83.0,
          437.0
        ],
        [
          84.0,
          436.0
        ],
        [
          86.0,
          436.0
        ],
        [
          87.0,
          435.0
        ],
        [
          89.0,
          435.0
        ],
        [
          90.0,
          434.0
        ],
        [
          91.0,
          434.0
        ],
        [
          92.0,
          433.0
        ],
        [
          93.0,
          433.0
        ],
        [
          94.0,
          432.0
        ],
        [
          95.0,
          432.0
        ],
        [
          96.0,
          431.0
        ],
        [
          98.0,
          431.0
        ],
        [
          99.0,
          430.0
        ],
        [
          100.0,
          430.0
        ],
        [
          103.0,
          427.0
        ],
        [
          104.0,
          427.0
        ],
        [
          104.0,
          426.0
        ],
        [
          105.0,
          425.0
        ],
        [
          105.0,
          423.0
        ],
        [
          104.0,
          422.0
        ],
        [
          104.0,
          421.0
        ],
        [
          103.0,
          420.0
        ]
      ],
      "group_id": null,
      "shape_type": "polygon",
      "flags": {}
    },
    {
      "label": "weed",
      "text": "",
      "points": [
        [
          101.0,
          449.0
        ],
        [
          100.0,
          448.0
        ],
        [
          100.0,
          447.0
        ],
        [
          99.0,
          446.0
        ],
        [
          99.0,
          445.0
        ],
        [
          97.0,
          443.0
        ],
        [
          93.0,
          443.0
        ],
        [
          92.0,
          444.0
        ],
        [
          91.0,
          444.0
        ],
        [
          90.0,
          445.0
        ],
        [
          88.0,
          445.0
        ],
        [
          87.0,
          446.0
        ],
        [
          86.0,
          445.0
        ],
        [
          82.0,
          445.0
        ],
        [
          81.0,
          444.0
        ],
        [
          80.0,
          444.0
        ],
        [
          78.0,
          446.0
        ],
        [
          77.0,
          446.0
        ],
        [
          76.0,
          447.0
        ],
        [
          71.0,
          447.0
        ],
        [
          70.0,
          448.0
        ],
        [
          67.0,
          448.0
        ],
        [
          66.0,
          449.0
        ],
        [
          65.0,
          449.0
        ],
        [
          65.0,
          450.0
        ],
        [
          64.0,
          451.0
        ],
        [
          64.0,
          455.0
        ],
        [
          65.0,
          456.0
        ],
        [
          65.0,
          457.0
        ],
        [
          67.0,
          459.0
        ],
        [
          68.0,
          459.0
        ],
        [
          71.0,
          462.0
        ],
        [
          71.0,
          463.0
        ],
        [
          72.0,
          463.0
        ],
        [
          73.0,
          464.0
        ],
        [
          74.0,
          464.0
        ],
        [
          75.0,
          465.0
        ],
        [
          78.0,
          465.0
        ],
        [
          79.0,
          464.0
        ],
        [
          81.0,
          464.0
        ],
        [
          82.0,
          463.0
        ],
        [
          85.0,
          463.0
        ],
        [
          86.0,
          464.0
        ],
        [
          87.0,
          464.0
        ],
        [
          88.0,
          465.0
        ],
        [
          96.0,
          465.0
        ],
        [
          99.0,
          462.0
        ],
        [
          99.0,
          461.0
        ],
        [
          100.0,
          460.0
        ],
        [
          100.0,
          458.0
        ],
        [
          101.0,
          457.0
        ]
      ],
      "group_id": null,
      "shape_type": "polygon",
      "flags": {}
    },
    {
      "label": "potato",
      "text": "",
      "points": [
        [
          520.0,
          338.0
        ],
        [
          519.0,
          338.0
        ],
        [
          518.0,
          337.0
        ],
        [
          517.0,
          337.0
        ],
        [
          516.0,
          336.0
        ],
        [
          513.0,
          336.0
        ],
        [
          512.0,
          335.0
        ],
        [
          510.0,
          335.0
        ],
        [
          508.0,
          337.0
        ],
        [
          508.0,
          338.0
        ],
        [
          507.0,
          339.0
        ],
        [
          503.0,
          339.0
        ],
        [
          502.0,
          338.0
        ],
        [
          502.0,
          337.0
        ],
        [
          495.0,
          330.0
        ],
        [
          488.0,
          330.0
        ],
        [
          487.0,
          329.0
        ],
        [
          486.0,
          330.0
        ],
        [
          471.0,
          330.0
        ],
        [
          470.0,
          331.0
        ],
        [
          469.0,
          331.0
        ],
        [
          466.0,
          334.0
        ],
        [
          466.0,
          335.0
        ],
        [
          465.0,
          336.0
        ],
        [
          465.0,
          339.0
        ],
        [
          464.0,
          340.0
        ],
        [
          464.0,
          344.0
        ],
        [
          465.0,
          345.0
        ],
        [
          465.0,
          348.0
        ],
        [
          466.0,
          349.0
        ],
        [
          466.0,
          352.0
        ],
        [
          465.0,
          353.0
        ],
        [
          465.0,
          355.0
        ],
        [
          464.0,
          356.0
        ],
        [
          464.0,
          367.0
        ],
        [
          465.0,
          368.0
        ],
        [
          465.0,
          369.0
        ],
        [
          466.0,
          370.0
        ],
        [
          466.0,
          371.0
        ],
        [
          467.0,
          372.0
        ],
        [
          467.0,
          374.0
        ],
        [
          468.0,
          375.0
        ],
        [
          468.0,
          376.0
        ],
        [
          469.0,
          377.0
        ],
        [
          469.0,
          378.0
        ],
        [
          470.0,
          379.0
        ],
        [
          472.0,
          379.0
        ],
        [
          473.0,
          380.0
        ],
        [
          475.0,
          380.0
        ],
        [
          476.0,
          379.0
        ],
        [
          479.0,
          379.0
        ],
        [
          480.0,
          378.0
        ],
        [
          480.0,
          376.0
        ],
        [
          481.0,
          375.0
        ],
        [
          481.0,
          374.0
        ],
        [
          484.0,
          371.0
        ],
        [
          493.0,
          371.0
        ],
        [
          494.0,
          372.0
        ],
        [
          497.0,
          372.0
        ],
        [
          498.0,
          373.0
        ],
        [
          503.0,
          373.0
        ],
        [
          504.0,
          372.0
        ],
        [
          505.0,
          372.0
        ],
        [
          505.0,
          371.0
        ],
        [
          506.0,
          370.0
        ],
        [
          506.0,
          368.0
        ],
        [
          507.0,
          367.0
        ],
        [
          507.0,
          366.0
        ],
        [
          509.0,
          364.0
        ],
        [
          510.0,
          364.0
        ],
        [
          510.0,
          363.0
        ],
        [
          511.0,
          362.0
        ],
        [
          511.0,
          360.0
        ],
        [
          512.0,
          359.0
        ],
        [
          512.0,
          350.0
        ],
        [
          518.0,
          344.0
        ],
        [
          518.0,
          343.0
        ],
        [
          519.0,
          342.0
        ],
        [
          519.0,
          341.0
        ],
        [
          520.0,
          340.0
        ]
      ],
      "group_id": null,
      "shape_type": "polygon",
      "flags": {}
    },
    {
      "label": "potato",
      "text": "",
      "points": [
        [
          510.0,
          469.0
        ],
        [
          510.0,
          474.0
        ],
        [
          511.0,
          475.0
        ],
        [
          511.0,
          478.0
        ],
        [
          512.0,
          479.0
        ],
        [
          512.0,
          481.0
        ],
        [
          513.0,
          482.0
        ],
        [
          513.0,
          483.0
        ],
        [
          514.0,
          484.0
        ],
        [
          514.0,
          485.0
        ],
        [
          515.0,
          486.0
        ],
        [
          517.0,
          486.0
        ],
        [
          518.0,
          487.0
        ],
        [
          520.0,
          487.0
        ],
        [
          521.0,
          488.0
        ],
        [
          522.0,
          488.0
        ],
        [
          523.0,
          489.0
        ],
        [
          525.0,
          489.0
        ],
        [
          526.0,
          490.0
        ],
        [
          529.0,
          490.0
        ],
        [
          530.0,
          489.0
        ],
        [
          531.0,
          489.0
        ],
        [
          532.0,
          488.0
        ],
        [
          533.0,
          488.0
        ],
        [
          536.0,
          485.0
        ],
        [
          536.0,
          484.0
        ],
        [
          537.0,
          483.0
        ],
        [
          537.0,
          482.0
        ],
        [
          538.0,
          481.0
        ],
        [
          538.0,
          479.0
        ],
        [
          539.0,
          478.0
        ],
        [
          538.0,
          477.0
        ],
        [
          538.0,
          476.0
        ],
        [
          537.0,
          475.0
        ],
        [
          537.0,
          474.0
        ],
        [
          536.0,
          473.0
        ],
        [
          536.0,
          472.0
        ],
        [
          535.0,
          471.0
        ],
        [
          525.0,
          471.0
        ],
        [
          524.0,
          470.0
        ],
        [
          520.0,
          470.0
        ],
        [
          519.0,
          469.0
        ],
        [
          516.0,
          469.0
        ],
        [
          515.0,
          468.0
        ],
        [
          511.0,
          468.0
        ]
      ],
      "group_id": null,
      "shape_type": "polygon",
      "flags": {}
    },
    {
      "label": "potato",
      "text": "",
      "points": [
        [
          450.0,
          422.0
        ],
        [
          449.0,
          423.0
        ],
        [
          447.0,
          423.0
        ],
        [
          446.0,
          424.0
        ],
        [
          446.0,
          425.0
        ],
        [
          444.0,
          428.0
        ],
        [
          444.0,
          434.0
        ],
        [
          443.0,
          435.0
        ],
        [
          443.0,
          436.0
        ],
        [
          444.0,
          437.0
        ],
        [
          444.0,
          440.0
        ],
        [
          445.0,
          441.0
        ],
        [
          445.0,
          444.0
        ],
        [
          446.0,
          445.0
        ],
        [
          446.0,
          448.0
        ],
        [
          445.0,
          449.0
        ],
        [
          445.0,
          450.0
        ],
        [
          437.0,
          458.0
        ],
        [
          437.0,
          460.0
        ],
        [
          436.0,
          461.0
        ],
        [
          436.0,
          462.0
        ],
        [
          437.0,
          463.0
        ],
        [
          437.0,
          464.0
        ],
        [
          440.0,
          467.0
        ],
        [
          440.0,
          469.0
        ],
        [
          441.0,
          470.0
        ],
        [
          441.0,
          473.0
        ],
        [
          442.0,
          474.0
        ],
        [
          442.0,
          476.0
        ],
        [
          443.0,
          477.0
        ],
        [
          443.0,
          478.0
        ],
        [
          447.0,
          482.0
        ],
        [
          448.0,
          482.0
        ],
        [
          451.0,
          484.0
        ],
        [
          453.0,
          484.0
        ],
        [
          454.0,
          485.0
        ],
        [
          455.0,
          485.0
        ],
        [
          458.0,
          488.0
        ],
        [
          458.0,
          490.0
        ],
        [
          459.0,
          491.0
        ],
        [
          459.0,
          492.0
        ],
        [
          460.0,
          493.0
        ],
        [
          460.0,
          494.0
        ],
        [
          462.0,
          496.0
        ],
        [
          462.0,
          499.0
        ],
        [
          463.0,
          500.0
        ],
        [
          463.0,
          510.0
        ],
        [
          464.0,
          511.0
        ],
        [
          464.0,
          512.0
        ],
        [
          465.0,
          513.0
        ],
        [
          471.0,
          513.0
        ],
        [
          472.0,
          512.0
        ],
        [
          476.0,
          512.0
        ],
        [
          480.0,
          508.0
        ],
        [
          480.0,
          507.0
        ],
        [
          481.0,
          506.0
        ],
        [
          481.0,
          505.0
        ],
        [
          485.0,
          501.0
        ],
        [
          487.0,
          501.0
        ],
        [
          488.0,
          500.0
        ],
        [
          490.0,
          500.0
        ],
        [
          491.0,
          499.0
        ],
        [
          492.0,
          499.0
        ],
        [
          492.0,
          498.0
        ],
        [
          493.0,
          497.0
        ],
        [
          493.0,
          496.0
        ],
        [
          494.0,
          495.0
        ],
        [
          494.0,
          494.0
        ],
        [
          495.0,
          493.0
        ],
        [
          495.0,
          492.0
        ],
        [
          496.0,
          491.0
        ],
        [
          496.0,
          490.0
        ],
        [
          497.0,
          489.0
        ],
        [
          497.0,
          488.0
        ],
        [
          498.0,
          487.0
        ],
        [
          498.0,
          486.0
        ],
        [
          500.0,
          484.0
        ],
        [
          500.0,
          483.0
        ],
        [
          501.0,
          482.0
        ],
        [
          501.0,
          480.0
        ],
        [
          502.0,
          479.0
        ],
        [
          502.0,
          477.0
        ],
        [
          504.0,
          474.0
        ],
        [
          504.0,
          471.0
        ],
        [
          503.0,
          470.0
        ],
        [
          503.0,
          469.0
        ],
        [
          501.0,
          466.0
        ],
        [
          501.0,
          465.0
        ],
        [
          502.0,
          464.0
        ],
        [
          502.0,
          461.0
        ],
        [
          503.0,
          460.0
        ],
        [
          503.0,
          459.0
        ],
        [
          505.0,
          457.0
        ],
        [
          505.0,
          456.0
        ],
        [
          510.0,
          451.0
        ],
        [
          510.0,
          450.0
        ],
        [
          512.0,
          448.0
        ],
        [
          512.0,
          440.0
        ],
        [
          510.0,
          440.0
        ],
        [
          509.0,
          439.0
        ],
        [
          497.0,
          439.0
        ],
        [
          496.0,
          438.0
        ],
        [
          493.0,
          438.0
        ],
        [
          492.0,
          437.0
        ],
        [
          489.0,
          437.0
        ],
        [
          488.0,
          436.0
        ],
        [
          484.0,
          436.0
        ],
        [
          483.0,
          435.0
        ],
        [
          478.0,
          435.0
        ],
        [
          477.0,
          434.0
        ],
        [
          476.0,
          434.0
        ],
        [
          474.0,
          432.0
        ],
        [
          473.0,
          432.0
        ],
        [
          471.0,
          430.0
        ],
        [
          469.0,
          430.0
        ],
        [
          467.0,
          428.0
        ],
        [
          466.0,
          428.0
        ],
        [
          465.0,
          427.0
        ],
        [
          463.0,
          427.0
        ],
        [
          462.0,
          426.0
        ],
        [
          461.0,
          426.0
        ],
        [
          458.0,
          424.0
        ],
        [
          456.0,
          424.0
        ],
        [
          455.0,
          423.0
        ],
        [
          452.0,
          423.0
        ],
        [
          451.0,
          422.0
        ]
      ],
      "group_id": null,
      "shape_type": "polygon",
      "flags": {}
    },
    {
      "label": "potato",
      "text": "",
      "points": [
        [
          515.0,
          511.0
        ],
        [
          514.0,
          511.0
        ],
        [
          513.0,
          512.0
        ],
        [
          513.0,
          513.0
        ],
        [
          510.0,
          516.0
        ],
        [
          510.0,
          517.0
        ],
        [
          506.0,
          521.0
        ],
        [
          506.0,
          522.0
        ],
        [
          499.0,
          529.0
        ],
        [
          498.0,
          529.0
        ],
        [
          497.0,
          530.0
        ],
        [
          497.0,
          531.0
        ],
        [
          495.0,
          533.0
        ],
        [
          494.0,
          533.0
        ],
        [
          493.0,
          534.0
        ],
        [
          492.0,
          534.0
        ],
        [
          491.0,
          533.0
        ],
        [
          491.0,
          532.0
        ],
        [
          490.0,
          531.0
        ],
        [
          490.0,
          529.0
        ],
        [
          486.0,
          524.0
        ],
        [
          485.0,
          524.0
        ],
        [
          484.0,
          523.0
        ],
        [
          476.0,
          523.0
        ],
        [
          475.0,
          524.0
        ],
        [
          472.0,
          525.0
        ],
        [
          467.0,
          530.0
        ],
        [
          467.0,
          531.0
        ],
        [
          465.0,
          533.0
        ],
        [
          465.0,
          534.0
        ],
        [
          464.0,
          535.0
        ],
        [
          464.0,
          537.0
        ],
        [
          463.0,
          538.0
        ],
        [
          463.0,
          545.0
        ],
        [
          462.0,
          546.0
        ],
        [
          462.0,
          549.0
        ],
        [
          461.0,
          550.0
        ],
        [
          461.0,
          554.0
        ],
        [
          460.0,
          555.0
        ],
        [
          460.0,
          556.0
        ],
        [
          458.0,
          558.0
        ],
        [
          457.0,
          561.0
        ],
        [
          455.0,
          563.0
        ],
        [
          455.0,
          570.0
        ],
        [
          456.0,
          571.0
        ],
        [
          456.0,
          574.0
        ],
        [
          457.0,
          575.0
        ],
        [
          457.0,
          577.0
        ],
        [
          456.0,
          578.0
        ],
        [
          457.0,
          579.0
        ],
        [
          458.0,
          582.0
        ],
        [
          461.0,
          585.0
        ],
        [
          462.0,
          585.0
        ],
        [
          463.0,
          586.0
        ],
        [
          465.0,
          586.0
        ],
        [
          468.0,
          588.0
        ],
        [
          468.0,
          589.0
        ],
        [
          469.0,
          590.0
        ],
        [
          469.0,
          591.0
        ],
        [
          470.0,
          592.0
        ],
        [
          470.0,
          593.0
        ],
        [
          473.0,
          598.0
        ],
        [
          473.0,
          604.0
        ],
        [
          471.0,
          606.0
        ],
        [
          471.0,
          607.0
        ],
        [
          470.0,
          608.0
        ],
        [
          470.0,
          612.0
        ],
        [
          473.0,
          615.0
        ],
        [
          479.0,
          615.0
        ],
        [
          480.0,
          614.0
        ],
        [
          483.0,
          614.0
        ],
        [
          484.0,
          613.0
        ],
        [
          485.0,
          613.0
        ],
        [
          486.0,
          612.0
        ],
        [
          487.0,
          612.0
        ],
        [
          488.0,
          611.0
        ],
        [
          489.0,
          611.0
        ],
        [
          490.0,
          610.0
        ],
        [
          493.0,
          609.0
        ],
        [
          495.0,
          607.0
        ],
        [
          495.0,
          606.0
        ],
        [
          497.0,
          604.0
        ],
        [
          497.0,
          603.0
        ],
        [
          498.0,
          602.0
        ],
        [
          499.0,
          602.0
        ],
        [
          500.0,
          601.0
        ],
        [
          502.0,
          601.0
        ],
        [
          503.0,
          600.0
        ],
        [
          504.0,
          600.0
        ],
        [
          506.0,
          598.0
        ],
        [
          509.0,
          598.0
        ],
        [
          510.0,
          597.0
        ],
        [
          513.0,
          597.0
        ],
        [
          518.0,
          594.0
        ],
        [
          519.0,
          594.0
        ],
        [
          520.0,
          595.0
        ],
        [
          523.0,
          595.0
        ],
        [
          524.0,
          596.0
        ],
        [
          530.0,
          596.0
        ],
        [
          531.0,
          597.0
        ],
        [
          536.0,
          597.0
        ],
        [
          537.0,
          596.0
        ],
        [
          540.0,
          596.0
        ],
        [
          541.0,
          595.0
        ],
        [
          542.0,
          595.0
        ],
        [
          548.0,
          589.0
        ],
        [
          548.0,
          588.0
        ],
        [
          550.0,
          586.0
        ],
        [
          550.0,
          570.0
        ],
        [
          549.0,
          569.0
        ],
        [
          549.0,
          566.0
        ],
        [
          548.0,
          565.0
        ],
        [
          548.0,
          560.0
        ],
        [
          547.0,
          559.0
        ],
        [
          547.0,
          557.0
        ],
        [
          546.0,
          556.0
        ],
        [
          546.0,
          555.0
        ],
        [
          543.0,
          552.0
        ],
        [
          543.0,
          551.0
        ],
        [
          541.0,
          549.0
        ],
        [
          541.0,
          548.0
        ],
        [
          540.0,
          547.0
        ],
        [
          540.0,
          545.0
        ],
        [
          539.0,
          544.0
        ],
        [
          539.0,
          542.0
        ],
        [
          538.0,
          541.0
        ],
        [
          538.0,
          539.0
        ],
        [
          537.0,
          538.0
        ],
        [
          537.0,
          536.0
        ],
        [
          536.0,
          535.0
        ],
        [
          536.0,
          533.0
        ],
        [
          534.0,
          530.0
        ],
        [
          534.0,
          528.0
        ],
        [
          533.0,
          527.0
        ],
        [
          533.0,
          526.0
        ],
        [
          530.0,
          524.0
        ],
        [
          524.0,
          524.0
        ],
        [
          523.0,
          523.0
        ],
        [
          520.0,
          522.0
        ],
        [
          516.0,
          518.0
        ],
        [
          516.0,
          512.0
        ]
      ],
      "group_id": null,
      "shape_type": "polygon",
      "flags": {}
    },
    {
      "label": "weed",
      "text": "",
      "points": [
        [
          545.0,
          435.0
        ],
        [
          544.0,
          434.0
        ],
        [
          544.0,
          432.0
        ],
        [
          543.0,
          431.0
        ],
        [
          543.0,
          430.0
        ],
        [
          540.0,
          427.0
        ],
        [
          536.0,
          427.0
        ],
        [
          535.0,
          426.0
        ],
        [
          531.0,
          426.0
        ],
        [
          530.0,
          427.0
        ],
        [
          528.0,
          427.0
        ],
        [
          527.0,
          428.0
        ],
        [
          526.0,
          428.0
        ],
        [
          525.0,
          429.0
        ],
        [
          524.0,
          429.0
        ],
        [
          521.0,
          432.0
        ],
        [
          520.0,
          432.0
        ],
        [
          519.0,
          433.0
        ],
        [
          518.0,
          433.0
        ],
        [
          517.0,
          434.0
        ],
        [
          516.0,
          434.0
        ],
        [
          515.0,
          435.0
        ],
        [
          514.0,
          435.0
        ],
        [
          513.0,
          436.0
        ],
        [
          513.0,
          437.0
        ],
        [
          512.0,
          438.0
        ],
        [
          512.0,
          440.0
        ],
        [
          513.0,
          441.0
        ],
        [
          522.0,
          441.0
        ],
        [
          523.0,
          442.0
        ],
        [
          524.0,
          442.0
        ],
        [
          525.0,
          443.0
        ],
        [
          526.0,
          443.0
        ],
        [
          528.0,
          445.0
        ],
        [
          530.0,
          445.0
        ],
        [
          531.0,
          446.0
        ],
        [
          536.0,
          446.0
        ],
        [
          537.0,
          445.0
        ],
        [
          541.0,
          445.0
        ],
        [
          544.0,
          442.0
        ],
        [
          544.0,
          440.0
        ],
        [
          545.0,
          439.0
        ]
      ],
      "group_id": null,
      "shape_type": "polygon",
      "flags": {}
    },
    {
      "label": "weed",
      "text": "",
      "points": [
        [
          579.0,
          559.0
        ],
        [
          576.0,
          559.0
        ],
        [
          575.0,
          560.0
        ],
        [
          574.0,
          560.0
        ],
        [
          573.0,
          561.0
        ],
        [
          571.0,
          561.0
        ],
        [
          570.0,
          562.0
        ],
        [
          568.0,
          562.0
        ],
        [
          567.0,
          563.0
        ],
        [
          566.0,
          563.0
        ],
        [
          565.0,
          564.0
        ],
        [
          564.0,
          564.0
        ],
        [
          563.0,
          565.0
        ],
        [
          562.0,
          565.0
        ],
        [
          557.0,
          570.0
        ],
        [
          557.0,
          571.0
        ],
        [
          554.0,
          574.0
        ],
        [
          554.0,
          577.0
        ],
        [
          553.0,
          578.0
        ],
        [
          553.0,
          580.0
        ],
        [
          554.0,
          581.0
        ],
        [
          554.0,
          582.0
        ],
        [
          555.0,
          583.0
        ],
        [
          557.0,
          583.0
        ],
        [
          558.0,
          582.0
        ],
        [
          561.0,
          582.0
        ],
        [
          562.0,
          581.0
        ],
        [
          563.0,
          581.0
        ],
        [
          566.0,
          578.0
        ],
        [
          568.0,
          578.0
        ],
        [
          569.0,
          577.0
        ],
        [
          570.0,
          577.0
        ],
        [
          573.0,
          574.0
        ],
        [
          574.0,
          574.0
        ],
        [
          576.0,
          572.0
        ],
        [
          577.0,
          572.0
        ],
        [
          580.0,
          569.0
        ],
        [
          580.0,
          568.0
        ],
        [
          581.0,
          567.0
        ],
        [
          580.0,
          566.0
        ],
        [
          580.0,
          561.0
        ],
        [
          579.0,
          560.0
        ]
      ],
      "group_id": null,
      "shape_type": "polygon",
      "flags": {}
    },
    {
      "label": "weed",
      "text": "",
      "points": [
        [
          554.0,
          605.0
        ],
        [
          550.0,
          609.0
        ],
        [
          550.0,
          611.0
        ],
        [
          549.0,
          612.0
        ],
        [
          550.0,
          613.0
        ],
        [
          550.0,
          614.0
        ],
        [
          553.0,
          617.0
        ],
        [
          554.0,
          617.0
        ],
        [
          555.0,
          618.0
        ],
        [
          558.0,
          618.0
        ],
        [
          559.0,
          619.0
        ],
        [
          560.0,
          619.0
        ],
        [
          562.0,
          621.0
        ],
        [
          562.0,
          624.0
        ],
        [
          566.0,
          628.0
        ],
        [
          570.0,
          628.0
        ],
        [
          571.0,
          627.0
        ],
        [
          571.0,
          626.0
        ],
        [
          572.0,
          625.0
        ],
        [
          572.0,
          618.0
        ],
        [
          566.0,
          612.0
        ],
        [
          565.0,
          612.0
        ],
        [
          563.0,
          610.0
        ],
        [
          563.0,
          609.0
        ],
        [
          560.0,
          606.0
        ],
        [
          559.0,
          606.0
        ],
        [
          558.0,
          605.0
        ]
      ],
      "group_id": null,
      "shape_type": "polygon",
      "flags": {}
    },
    {
      "label": "weed",
      "text": "",
      "points": [
        [
          589.0,
          59.0
        ],
        [
          588.0,
          58.0
        ],
        [
          587.0,
          58.0
        ],
        [
          585.0,
          56.0
        ],
        [
          582.0,
          56.0
        ],
        [
          581.0,
          55.0
        ],
        [
          578.0,
          55.0
        ],
        [
          577.0,
          56.0
        ],
        [
          577.0,
          57.0
        ],
        [
          575.0,
          59.0
        ],
        [
          575.0,
          61.0
        ],
        [
          570.0,
          66.0
        ],
        [
          570.0,
          69.0
        ],
        [
          568.0,
          71.0
        ],
        [
          567.0,
          71.0
        ],
        [
          566.0,
          72.0
        ],
        [
          564.0,
          72.0
        ],
        [
          563.0,
          73.0
        ],
        [
          562.0,
          73.0
        ],
        [
          560.0,
          75.0
        ],
        [
          560.0,
          78.0
        ],
        [
          561.0,
          79.0
        ],
        [
          561.0,
          80.0
        ],
        [
          563.0,
          82.0
        ],
        [
          564.0,
          82.0
        ],
        [
          565.0,
          83.0
        ],
        [
          569.0,
          83.0
        ],
        [
          570.0,
          82.0
        ],
        [
          572.0,
          82.0
        ],
        [
          573.0,
          81.0
        ],
        [
          574.0,
          81.0
        ],
        [
          575.0,
          80.0
        ],
        [
          577.0,
          80.0
        ],
        [
          577.0,
          76.0
        ],
        [
          581.0,
          72.0
        ],
        [
          582.0,
          72.0
        ],
        [
          583.0,
          71.0
        ],
        [
          583.0,
          70.0
        ],
        [
          585.0,
          68.0
        ],
        [
          585.0,
          67.0
        ],
        [
          586.0,
          66.0
        ],
        [
          586.0,
          65.0
        ],
        [
          587.0,
          64.0
        ],
        [
          587.0,
          63.0
        ],
        [
          588.0,
          62.0
        ],
        [
          589.0,
          62.0
        ]
      ],
      "group_id": null,
      "shape_type": "polygon",
      "flags": {}
    },
    {
      "label": "weed",
      "text": "",
      "points": [
        [
          152.0,
          560.0
        ],
        [
          151.0,
          560.0
        ],
        [
          150.0,
          561.0
        ],
        [
          149.0,
          561.0
        ],
        [
          145.0,
          565.0
        ],
        [
          145.0,
          567.0
        ],
        [
          144.0,
          568.0
        ],
        [
          144.0,
          580.0
        ],
        [
          145.0,
          581.0
        ],
        [
          145.0,
          584.0
        ],
        [
          146.0,
          585.0
        ],
        [
          152.0,
          585.0
        ],
        [
          153.0,
          584.0
        ],
        [
          154.0,
          584.0
        ],
        [
          157.0,
          581.0
        ],
        [
          157.0,
          580.0
        ],
        [
          158.0,
          579.0
        ],
        [
          158.0,
          569.0
        ],
        [
          157.0,
          568.0
        ],
        [
          157.0,
          566.0
        ],
        [
          156.0,
          565.0
        ],
        [
          156.0,
          564.0
        ],
        [
          155.0,
          563.0
        ],
        [
          155.0,
          562.0
        ],
        [
          154.0,
          561.0
        ],
        [
          153.0,
          561.0
        ]
      ],
      "group_id": null,
      "shape_type": "polygon",
      "flags": {}
    },
    {
      "label": "weed",
      "text": "",
      "points": [
        [
          457.0,
          210.0
        ],
        [
          457.0,
          211.0
        ],
        [
          456.0,
          212.0
        ],
        [
          456.0,
          218.0
        ],
        [
          457.0,
          219.0
        ],
        [
          457.0,
          222.0
        ],
        [
          460.0,
          225.0
        ],
        [
          461.0,
          225.0
        ],
        [
          462.0,
          226.0
        ],
        [
          470.0,
          226.0
        ],
        [
          473.0,
          229.0
        ],
        [
          473.0,
          230.0
        ],
        [
          474.0,
          231.0
        ],
        [
          476.0,
          231.0
        ],
        [
          476.0,
          228.0
        ],
        [
          474.0,
          226.0
        ],
        [
          474.0,
          210.0
        ],
        [
          473.0,
          210.0
        ],
        [
          472.0,
          209.0
        ],
        [
          470.0,
          209.0
        ],
        [
          469.0,
          208.0
        ],
        [
          460.0,
          208.0
        ],
        [
          458.0,
          210.0
        ]
      ],
      "group_id": null,
      "shape_type": "polygon",
      "flags": {}
    },
    {
      "label": "weed",
      "text": "",
      "points": [
        [
          575.0,
          264.0
        ],
        [
          573.0,
          262.0
        ],
        [
          570.0,
          262.0
        ],
        [
          569.0,
          263.0
        ],
        [
          567.0,
          263.0
        ],
        [
          565.0,
          265.0
        ],
        [
          564.0,
          265.0
        ],
        [
          563.0,
          266.0
        ],
        [
          562.0,
          266.0
        ],
        [
          561.0,
          267.0
        ],
        [
          560.0,
          267.0
        ],
        [
          559.0,
          268.0
        ],
        [
          557.0,
          268.0
        ],
        [
          556.0,
          269.0
        ],
        [
          554.0,
          269.0
        ],
        [
          553.0,
          270.0
        ],
        [
          552.0,
          270.0
        ],
        [
          551.0,
          271.0
        ],
        [
          550.0,
          271.0
        ],
        [
          545.0,
          276.0
        ],
        [
          545.0,
          277.0
        ],
        [
          544.0,
          278.0
        ],
        [
          544.0,
          284.0
        ],
        [
          545.0,
          285.0
        ],
        [
          545.0,
          286.0
        ],
        [
          546.0,
          286.0
        ],
        [
          547.0,
          287.0
        ],
        [
          549.0,
          287.0
        ],
        [
          550.0,
          286.0
        ],
        [
          551.0,
          286.0
        ],
        [
          552.0,
          285.0
        ],
        [
          554.0,
          285.0
        ],
        [
          555.0,
          284.0
        ],
        [
          556.0,
          284.0
        ],
        [
          557.0,
          283.0
        ],
        [
          558.0,
          283.0
        ],
        [
          560.0,
          281.0
        ],
        [
          561.0,
          281.0
        ],
        [
          561.0,
          280.0
        ],
        [
          565.0,
          276.0
        ],
        [
          566.0,
          276.0
        ],
        [
          568.0,
          274.0
        ],
        [
          569.0,
          274.0
        ],
        [
          570.0,
          273.0
        ],
        [
          571.0,
          273.0
        ],
        [
          572.0,
          272.0
        ],
        [
          573.0,
          272.0
        ],
        [
          574.0,
          271.0
        ],
        [
          574.0,
          270.0
        ],
        [
          575.0,
          269.0
        ]
      ],
      "group_id": null,
      "shape_type": "polygon",
      "flags": {}
    },
    {
      "label": "weed",
      "text": "",
      "points": [
        [
          593.0,
          436.0
        ],
        [
          591.0,
          438.0
        ],
        [
          591.0,
          441.0
        ],
        [
          592.0,
          442.0
        ],
        [
          592.0,
          443.0
        ],
        [
          596.0,
          447.0
        ],
        [
          598.0,
          447.0
        ],
        [
          599.0,
          446.0
        ],
        [
          601.0,
          446.0
        ],
        [
          605.0,
          442.0
        ],
        [
          605.0,
          439.0
        ],
        [
          603.0,
          437.0
        ],
        [
          602.0,
          437.0
        ],
        [
          600.0,
          435.0
        ],
        [
          595.0,
          435.0
        ],
        [
          594.0,
          436.0
        ]
      ],
      "group_id": null,
      "shape_type": "polygon",
      "flags": {}
    },
    {
      "label": "weed",
      "text": "",
      "points": [
        [
          496.0,
          37.0
        ],
        [
          496.0,
          38.0
        ],
        [
          495.0,
          39.0
        ],
        [
          495.0,
          40.0
        ],
        [
          494.0,
          41.0
        ],
        [
          494.0,
          42.0
        ],
        [
          493.0,
          43.0
        ],
        [
          493.0,
          45.0
        ],
        [
          492.0,
          46.0
        ],
        [
          492.0,
          47.0
        ],
        [
          493.0,
          48.0
        ],
        [
          493.0,
          49.0
        ],
        [
          494.0,
          49.0
        ],
        [
          496.0,
          51.0
        ],
        [
          496.0,
          52.0
        ],
        [
          497.0,
          52.0
        ],
        [
          499.0,
          54.0
        ],
        [
          502.0,
          54.0
        ],
        [
          503.0,
          53.0
        ],
        [
          505.0,
          53.0
        ],
        [
          506.0,
          54.0
        ],
        [
          503.0,
          51.0
        ],
        [
          505.0,
          49.0
        ],
        [
          505.0,
          48.0
        ],
        [
          506.0,
          47.0
        ],
        [
          506.0,
          43.0
        ],
        [
          504.0,
          41.0
        ],
        [
          503.0,
          41.0
        ],
        [
          501.0,
          39.0
        ],
        [
          500.0,
          39.0
        ],
        [
          499.0,
          38.0
        ],
        [
          498.0,
          38.0
        ],
        [
          497.0,
          37.0
        ]
      ],
      "group_id": null,
      "shape_type": "polygon",
      "flags": {}
    }
  ],
  "imagePath": "..\\after_crop\\tile_8_7.jpg",
  "imageData": null,
  "imageHeight": 640,
  "imageWidth": 640
}