{
  "version": "0.3.3",
  "flags": {},
  "shapes": [
    {
      "label": "potato",
      "text": "",
      "points": [
        [
          41.0,
          241.0
        ],
        [
          41.0,
          244.0
        ],
        [
          40.0,
          245.0
        ],
        [
          40.0,
          246.0
        ],
        [
          41.0,
          247.0
        ],
        [
          41.0,
          251.0
        ],
        [
          42.0,
          252.0
        ],
        [
          43.0,
          255.0
        ],
        [
          46.0,
          257.0
        ],
        [
          48.0,
          257.0
        ],
        [
          49.0,
          258.0
        ],
        [
          53.0,
          258.0
        ],
        [
          54.0,
          259.0
        ],
        [
          55.0,
          259.0
        ],
        [
          56.0,
          260.0
        ],
        [
          56.0,
          262.0
        ],
        [
          57.0,
          263.0
        ],
        [
          56.0,
          264.0
        ],
        [
          56.0,
          267.0
        ],
        [
          53.0,
          270.0
        ],
        [
          46.0,
          270.0
        ],
        [
          44.0,
          272.0
        ],
        [
          43.0,
          272.0
        ],
        [
          37.0,
          278.0
        ],
        [
          37.0,
          282.0
        ],
        [
          40.0,
          285.0
        ],
        [
          40.0,
          286.0
        ],
        [
          41.0,
          287.0
        ],
        [
          41.0,
          288.0
        ],
        [
          40.0,
          289.0
        ],
        [
          40.0,
          291.0
        ],
        [
          39.0,
          292.0
        ],
        [
          39.0,
          296.0
        ],
        [
          40.0,
          297.0
        ],
        [
          40.0,
          299.0
        ],
        [
          41.0,
          300.0
        ],
        [
          42.0,
          300.0
        ],
        [
          44.0,
          302.0
        ],
        [
          45.0,
          302.0
        ],
        [
          48.0,
          304.0
        ],
        [
          50.0,
          304.0
        ],
        [
          51.0,
          305.0
        ],
        [
          52.0,
          305.0
        ],
        [
          58.0,
          311.0
        ],
        [
          61.0,
          312.0
        ],
        [
          64.0,
          315.0
        ],
        [
          69.0,
          315.0
        ],
        [
          70.0,
          316.0
        ],
        [
          72.0,
          316.0
        ],
        [
          73.0,
          317.0
        ],
        [
          82.0,
          317.0
        ],
        [
          83.0,
          316.0
        ],
        [
          87.0,
          316.0
        ],
        [
          88.0,
          315.0
        ],
        [
          101.0,
          315.0
        ],
        [
          102.0,
          314.0
        ],
        [
          104.0,
          314.0
        ],
        [
          107.0,
          312.0
        ],
        [
          111.0,
          312.0
        ],
        [
          114.0,
          315.0
        ],
        [
          115.0,
          315.0
        ],
        [
          116.0,
          316.0
        ],
        [
          121.0,
          316.0
        ],
        [
          122.0,
          315.0
        ],
        [
          123.0,
          315.0
        ],
        [
          125.0,
          313.0
        ],
        [
          125.0,
          312.0
        ],
        [
          126.0,
          311.0
        ],
        [
          126.0,
          309.0
        ],
        [
          127.0,
          308.0
        ],
        [
          126.0,
          307.0
        ],
        [
          126.0,
          305.0
        ],
        [
          124.0,
          303.0
        ],
        [
          124.0,
          302.0
        ],
        [
          120.0,
          298.0
        ],
        [
          120.0,
          297.0
        ],
        [
          119.0,
          296.0
        ],
        [
          119.0,
          293.0
        ],
        [
          115.0,
          289.0
        ],
        [
          115.0,
          287.0
        ],
        [
          114.0,
          286.0
        ],
        [
          114.0,
          279.0
        ],
        [
          115.0,
          278.0
        ],
        [
          117.0,
          278.0
        ],
        [
          118.0,
          277.0
        ],
        [
          120.0,
          277.0
        ],
        [
          123.0,
          272.0
        ],
        [
          123.0,
          264.0
        ],
        [
          120.0,
          262.0
        ],
        [
          118.0,
          262.0
        ],
        [
          117.0,
          261.0
        ],
        [
          115.0,
          261.0
        ],
        [
          114.0,
          260.0
        ],
        [
          113.0,
          260.0
        ],
        [
          112.0,
          259.0
        ],
        [
          111.0,
          256.0
        ],
        [
          107.0,
          252.0
        ],
        [
          107.0,
          247.0
        ],
        [
          108.0,
          246.0
        ],
        [
          108.0,
          241.0
        ],
        [
          106.0,
          239.0
        ],
        [
          101.0,
          239.0
        ],
        [
          100.0,
          238.0
        ],
        [
          98.0,
          238.0
        ],
        [
          97.0,
          239.0
        ],
        [
          94.0,
          239.0
        ],
        [
          92.0,
          241.0
        ],
        [
          90.0,
          241.0
        ],
        [
          89.0,
          242.0
        ],
        [
          87.0,
          242.0
        ],
        [
          85.0,
          240.0
        ],
        [
          85.0,
          238.0
        ],
        [
          84.0,
          237.0
        ],
        [
          84.0,
          231.0
        ],
        [
          83.0,
          230.0
        ],
        [
          83.0,
          228.0
        ],
        [
          81.0,
          226.0
        ],
        [
          73.0,
          226.0
        ],
        [
          71.0,
          228.0
        ],
        [
          70.0,
          228.0
        ],
        [
          62.0,
          236.0
        ],
        [
          57.0,
          236.0
        ],
        [
          56.0,
          235.0
        ],
        [
          50.0,
          235.0
        ],
        [
          49.0,
          236.0
        ],
        [
          47.0,
          236.0
        ],
        [
          46.0,
          237.0
        ],
        [
          45.0,
          237.0
        ]
      ],
      "group_id": null,
      "shape_type": "polygon",
      "flags": {}
    },
    {
      "label": "potato",
      "text": "",
      "points": [
        [
          111.0,
          442.0
        ],
        [
          105.0,
          442.0
        ],
        [
          104.0,
          443.0
        ],
        [
          99.0,
          443.0
        ],
        [
          95.0,
          447.0
        ],
        [
          93.0,
          447.0
        ],
        [
          89.0,
          449.0
        ],
        [
          87.0,
          453.0
        ],
        [
          84.0,
          456.0
        ],
        [
          80.0,
          456.0
        ],
        [
          74.0,
          453.0
        ],
        [
          68.0,
          453.0
        ],
        [
          67.0,
          454.0
        ],
        [
          64.0,
          454.0
        ],
        [
          59.0,
          459.0
        ],
        [
          57.0,
          463.0
        ],
        [
          57.0,
          465.0
        ],
        [
          56.0,
          466.0
        ],
        [
          56.0,
          470.0
        ],
        [
          55.0,
          471.0
        ],
        [
          51.0,
          471.0
        ],
        [
          50.0,
          470.0
        ],
        [
          41.0,
          469.0
        ],
        [
          37.0,
          472.0
        ],
        [
          36.0,
          472.0
        ],
        [
          30.0,
          477.0
        ],
        [
          30.0,
          481.0
        ],
        [
          31.0,
          482.0
        ],
        [
          31.0,
          484.0
        ],
        [
          33.0,
          488.0
        ],
        [
          36.0,
          491.0
        ],
        [
          37.0,
          491.0
        ],
        [
          41.0,
          496.0
        ],
        [
          41.0,
          501.0
        ],
        [
          42.0,
          503.0
        ],
        [
          44.0,
          504.0
        ],
        [
          49.0,
          504.0
        ],
        [
          51.0,
          505.0
        ],
        [
          53.0,
          507.0
        ],
        [
          53.0,
          508.0
        ],
        [
          51.0,
          509.0
        ],
        [
          47.0,
          514.0
        ],
        [
          47.0,
          518.0
        ],
        [
          49.0,
          522.0
        ],
        [
          48.0,
          529.0
        ],
        [
          45.0,
          531.0
        ],
        [
          39.0,
          531.0
        ],
        [
          39.0,
          535.0
        ],
        [
          38.0,
          537.0
        ],
        [
          34.0,
          539.0
        ],
        [
          29.0,
          543.0
        ],
        [
          26.0,
          544.0
        ],
        [
          24.0,
          546.0
        ],
        [
          23.0,
          549.0
        ],
        [
          25.0,
          551.0
        ],
        [
          26.0,
          551.0
        ],
        [
          30.0,
          554.0
        ],
        [
          38.0,
          554.0
        ],
        [
          39.0,
          553.0
        ],
        [
          49.0,
          553.0
        ],
        [
          57.0,
          558.0
        ],
        [
          60.0,
          558.0
        ],
        [
          62.0,
          559.0
        ],
        [
          65.0,
          562.0
        ],
        [
          66.0,
          565.0
        ],
        [
          68.0,
          567.0
        ],
        [
          70.0,
          567.0
        ],
        [
          71.0,
          568.0
        ],
        [
          75.0,
          568.0
        ],
        [
          80.0,
          562.0
        ],
        [
          84.0,
          563.0
        ],
        [
          87.0,
          566.0
        ],
        [
          89.0,
          566.0
        ],
        [
          90.0,
          567.0
        ],
        [
          94.0,
          567.0
        ],
        [
          95.0,
          568.0
        ],
        [
          97.0,
          568.0
        ],
        [
          98.0,
          567.0
        ],
        [
          103.0,
          567.0
        ],
        [
          105.0,
          565.0
        ],
        [
          106.0,
          561.0
        ],
        [
          107.0,
          560.0
        ],
        [
          107.0,
          555.0
        ],
        [
          106.0,
          554.0
        ],
        [
          106.0,
          551.0
        ],
        [
          104.0,
          547.0
        ],
        [
          104.0,
          544.0
        ],
        [
          108.0,
          540.0
        ],
        [
          111.0,
          539.0
        ],
        [
          112.0,
          538.0
        ],
        [
          112.0,
          536.0
        ],
        [
          115.0,
          533.0
        ],
        [
          118.0,
          533.0
        ],
        [
          122.0,
          535.0
        ],
        [
          125.0,
          533.0
        ],
        [
          125.0,
          530.0
        ],
        [
          130.0,
          525.0
        ],
        [
          132.0,
          521.0
        ],
        [
          132.0,
          519.0
        ],
        [
          133.0,
          518.0
        ],
        [
          133.0,
          511.0
        ],
        [
          132.0,
          509.0
        ],
        [
          131.0,
          510.0
        ],
        [
          127.0,
          510.0
        ],
        [
          125.0,
          512.0
        ],
        [
          122.0,
          512.0
        ],
        [
          120.0,
          509.0
        ],
        [
          120.0,
          507.0
        ],
        [
          122.0,
          503.0
        ],
        [
          122.0,
          497.0
        ],
        [
          128.0,
          485.0
        ],
        [
          128.0,
          483.0
        ],
        [
          129.0,
          482.0
        ],
        [
          129.0,
          478.0
        ],
        [
          128.0,
          477.0
        ],
        [
          128.0,
          471.0
        ],
        [
          127.0,
          470.0
        ],
        [
          127.0,
          468.0
        ],
        [
          121.0,
          462.0
        ],
        [
          119.0,
          461.0
        ],
        [
          114.0,
          461.0
        ],
        [
          110.0,
          458.0
        ],
        [
          110.0,
          454.0
        ],
        [
          112.0,
          451.0
        ],
        [
          112.0,
          444.0
        ]
      ],
      "group_id": null,
      "shape_type": "polygon",
      "flags": {}
    },
    {
      "label": "potato",
      "text": "",
      "points": [
        [
          64.0,
          0.0
        ],
        [
          64.0,
          1.0
        ],
        [
          65.0,
          2.0
        ],
        [
          65.0,
          5.0
        ],
        [
          68.0,
          8.0
        ],
        [
          72.0,
          8.0
        ],
        [
          73.0,
          9.0
        ],
        [
          76.0,
          9.0
        ],
        [
          77.0,
          10.0
        ],
        [
          78.0,
          10.0
        ],
        [
          80.0,
          12.0
        ],
        [
          80.0,
          15.0
        ],
        [
          81.0,
          16.0
        ],
        [
          81.0,
          17.0
        ],
        [
          82.0,
          17.0
        ],
        [
          83.0,
          18.0
        ],
        [
          84.0,
          18.0
        ],
        [
          85.0,
          17.0
        ],
        [
          88.0,
          17.0
        ],
        [
          89.0,
          16.0
        ],
        [
          92.0,
          16.0
        ],
        [
          93.0,
          15.0
        ],
        [
          96.0,
          15.0
        ],
        [
          97.0,
          14.0
        ],
        [
          98.0,
          14.0
        ],
        [
          99.0,
          13.0
        ],
        [
          100.0,
          13.0
        ],
        [
          101.0,
          12.0
        ],
        [
          101.0,
          11.0
        ],
        [
          104.0,
          8.0
        ],
        [
          104.0,
          2.0
        ],
        [
          103.0,
          1.0
        ],
        [
          103.0,
          0.0
        ]
      ],
      "group_id": null,
      "shape_type": "polygon",
      "flags": {}
    },
    {
      "label": "weed",
      "text": "",
      "points": [
        [
          85.0,
          176.0
        ],
        [
          84.0,
          177.0
        ],
        [
          83.0,
          177.0
        ],
        [
          80.0,
          180.0
        ],
        [
          79.0,
          180.0
        ],
        [
          76.0,
          183.0
        ],
        [
          73.0,
          183.0
        ],
        [
          71.0,
          185.0
        ],
        [
          71.0,
          188.0
        ],
        [
          70.0,
          189.0
        ],
        [
          71.0,
          190.0
        ],
        [
          71.0,
          194.0
        ],
        [
          72.0,
          195.0
        ],
        [
          72.0,
          197.0
        ],
        [
          73.0,
          198.0
        ],
        [
          73.0,
          201.0
        ],
        [
          74.0,
          202.0
        ],
        [
          75.0,
          202.0
        ],
        [
          78.0,
          205.0
        ],
        [
          78.0,
          207.0
        ],
        [
          82.0,
          211.0
        ],
        [
          82.0,
          212.0
        ],
        [
          83.0,
          213.0
        ],
        [
          90.0,
          213.0
        ],
        [
          91.0,
          212.0
        ],
        [
          93.0,
          212.0
        ],
        [
          94.0,
          211.0
        ],
        [
          95.0,
          211.0
        ],
        [
          95.0,
          210.0
        ],
        [
          101.0,
          204.0
        ],
        [
          101.0,
          203.0
        ],
        [
          102.0,
          202.0
        ],
        [
          102.0,
          201.0
        ],
        [
          103.0,
          200.0
        ],
        [
          103.0,
          199.0
        ],
        [
          104.0,
          198.0
        ],
        [
          104.0,
          193.0
        ],
        [
          102.0,
          191.0
        ],
        [
          102.0,
          190.0
        ],
        [
          101.0,
          190.0
        ],
        [
          97.0,
          186.0
        ],
        [
          95.0,
          186.0
        ],
        [
          93.0,
          184.0
        ],
        [
          93.0,
          183.0
        ],
        [
          92.0,
          182.0
        ],
        [
          92.0,
          179.0
        ],
        [
          90.0,
          177.0
        ],
        [
          89.0,
          177.0
        ],
        [
          88.0,
          176.0
        ]
      ],
      "group_id": null,
      "shape_type": "polygon",
      "flags": {}
    },
    {
      "label": "weed",
      "text": "",
      "points": [
        [
          65.0,
          394.0
        ],
        [
          63.0,
          396.0
        ],
        [
          63.0,
          397.0
        ],
        [
          62.0,
          398.0
        ],
        [
          62.0,
          401.0
        ],
        [
          63.0,
          402.0
        ],
        [
          63.0,
          405.0
        ],
        [
          64.0,
          406.0
        ],
        [
          64.0,
          409.0
        ],
        [
          65.0,
          410.0
        ],
        [
          65.0,
          415.0
        ],
        [
          66.0,
          416.0
        ],
        [
          66.0,
          417.0
        ],
        [
          68.0,
          419.0
        ],
        [
          68.0,
          420.0
        ],
        [
          73.0,
          425.0
        ],
        [
          74.0,
          425.0
        ],
        [
          75.0,
          426.0
        ],
        [
          76.0,
          426.0
        ],
        [
          77.0,
          427.0
        ],
        [
          79.0,
          427.0
        ],
        [
          80.0,
          428.0
        ],
        [
          82.0,
          428.0
        ],
        [
          83.0,
          429.0
        ],
        [
          84.0,
          429.0
        ],
        [
          85.0,
          430.0
        ],
        [
          88.0,
          430.0
        ],
        [
          89.0,
          429.0
        ],
        [
          90.0,
          429.0
        ],
        [
          93.0,
          426.0
        ],
        [
          93.0,
          425.0
        ],
        [
          96.0,
          422.0
        ],
        [
          96.0,
          420.0
        ],
        [
          97.0,
          419.0
        ],
        [
          97.0,
          417.0
        ],
        [
          96.0,
          416.0
        ],
        [
          96.0,
          415.0
        ],
        [
          91.0,
          410.0
        ],
        [
          91.0,
          409.0
        ],
        [
          90.0,
          408.0
        ],
        [
          90.0,
          407.0
        ],
        [
          89.0,
          406.0
        ],
        [
          89.0,
          405.0
        ],
        [
          86.0,
          402.0
        ],
        [
          85.0,
          402.0
        ],
        [
          84.0,
          401.0
        ],
        [
          83.0,
          401.0
        ],
        [
          82.0,
          400.0
        ],
        [
          81.0,
          400.0
        ],
        [
          76.0,
          395.0
        ],
        [
          75.0,
          395.0
        ],
        [
          73.0,
          393.0
        ],
        [
          71.0,
          393.0
        ],
        [
          70.0,
          394.0
        ]
      ],
      "group_id": null,
      "shape_type": "polygon",
      "flags": {}
    },
    {
      "label": "weed",
      "text": "",
      "points": [
        [
          230.0,
          44.0
        ],
        [
          229.0,
          44.0
        ],
        [
          228.0,
          43.0
        ],
        [
          226.0,
          43.0
        ],
        [
          225.0,
          42.0
        ],
        [
          224.0,
          43.0
        ],
        [
          222.0,
          43.0
        ],
        [
          221.0,
          44.0
        ],
        [
          220.0,
          44.0
        ],
        [
          219.0,
          45.0
        ],
        [
          218.0,
          45.0
        ],
        [
          217.0,
          46.0
        ],
        [
          216.0,
          46.0
        ],
        [
          215.0,
          47.0
        ],
        [
          214.0,
          47.0
        ],
        [
          212.0,
          49.0
        ],
        [
          212.0,
          52.0
        ],
        [
          211.0,
          53.0
        ],
        [
          211.0,
          54.0
        ],
        [
          212.0,
          55.0
        ],
        [
          212.0,
          58.0
        ],
        [
          213.0,
          59.0
        ],
        [
          213.0,
          61.0
        ],
        [
          215.0,
          63.0
        ],
        [
          217.0,
          63.0
        ],
        [
          218.0,
          64.0
        ],
        [
          226.0,
          64.0
        ],
        [
          227.0,
          63.0
        ],
        [
          228.0,
          63.0
        ],
        [
          232.0,
          59.0
        ],
        [
          232.0,
          58.0
        ],
        [
          233.0,
          57.0
        ],
        [
          233.0,
          56.0
        ],
        [
          235.0,
          54.0
        ],
        [
          235.0,
          53.0
        ],
        [
          234.0,
          52.0
        ],
        [
          234.0,
          50.0
        ],
        [
          233.0,
          49.0
        ],
        [
          233.0,
          48.0
        ],
        [
          231.0,
          46.0
        ],
        [
          231.0,
          45.0
        ]
      ],
      "group_id": null,
      "shape_type": "polygon",
      "flags": {}
    },
    {
      "label": "weed",
      "text": "",
      "points": [
        [
          217.0,
          79.0
        ],
        [
          215.0,
          81.0
        ],
        [
          215.0,
          82.0
        ],
        [
          214.0,
          83.0
        ],
        [
          214.0,
          85.0
        ],
        [
          213.0,
          86.0
        ],
        [
          213.0,
          88.0
        ],
        [
          214.0,
          89.0
        ],
        [
          214.0,
          91.0
        ],
        [
          215.0,
          92.0
        ],
        [
          215.0,
          93.0
        ],
        [
          216.0,
          94.0
        ],
        [
          216.0,
          95.0
        ],
        [
          217.0,
          95.0
        ],
        [
          218.0,
          96.0
        ],
        [
          219.0,
          96.0
        ],
        [
          220.0,
          97.0
        ],
        [
          221.0,
          97.0
        ],
        [
          222.0,
          98.0
        ],
        [
          227.0,
          98.0
        ],
        [
          230.0,
          95.0
        ],
        [
          230.0,
          94.0
        ],
        [
          231.0,
          93.0
        ],
        [
          231.0,
          86.0
        ],
        [
          230.0,
          85.0
        ],
        [
          230.0,
          84.0
        ],
        [
          229.0,
          83.0
        ],
        [
          228.0,
          83.0
        ],
        [
          227.0,
          82.0
        ],
        [
          226.0,
          82.0
        ],
        [
          225.0,
          81.0
        ],
        [
          224.0,
          81.0
        ],
        [
          223.0,
          80.0
        ],
        [
          222.0,
          80.0
        ],
        [
          221.0,
          79.0
        ]
      ],
      "group_id": null,
      "shape_type": "polygon",
      "flags": {}
    },
    {
      "label": "weed",
      "text": "",
      "points": [
        [
          180.0,
          80.0
        ],
        [
          179.0,
          81.0
        ],
        [
          180.0,
          82.0
        ],
        [
          180.0,
          83.0
        ],
        [
          182.0,
          85.0
        ],
        [
          182.0,
          87.0
        ],
        [
          183.0,
          88.0
        ],
        [
          183.0,
          89.0
        ],
        [
          184.0,
          90.0
        ],
        [
          184.0,
          91.0
        ],
        [
          185.0,
          92.0
        ],
        [
          186.0,
          92.0
        ],
        [
          187.0,
          93.0
        ],
        [
          188.0,
          93.0
        ],
        [
          189.0,
          94.0
        ],
        [
          191.0,
          92.0
        ],
        [
          191.0,
          91.0
        ],
        [
          192.0,
          90.0
        ],
        [
          192.0,
          89.0
        ],
        [
          194.0,
          87.0
        ],
        [
          194.0,
          85.0
        ],
        [
          195.0,
          84.0
        ],
        [
          194.0,
          83.0
        ],
        [
          194.0,
          82.0
        ],
        [
          193.0,
          82.0
        ],
        [
          189.0,
          78.0
        ],
        [
          187.0,
          78.0
        ],
        [
          186.0,
          79.0
        ],
        [
          184.0,
          79.0
        ],
        [
          183.0,
          80.0
        ]
      ],
      "group_id": null,
      "shape_type": "polygon",
      "flags": {}
    },
    {
      "label": "weed",
      "text": "",
      "points": [
        [
          196.0,
          61.0
        ],
        [
          195.0,
          62.0
        ],
        [
          195.0,
          63.0
        ],
        [
          193.0,
          65.0
        ],
        [
          193.0,
          67.0
        ],
        [
          194.0,
          68.0
        ],
        [
          194.0,
          70.0
        ],
        [
          192.0,
          72.0
        ],
        [
          192.0,
          73.0
        ],
        [
          193.0,
          74.0
        ],
        [
          195.0,
          74.0
        ],
        [
          196.0,
          75.0
        ],
        [
          196.0,
          80.0
        ],
        [
          195.0,
          81.0
        ],
        [
          195.0,
          84.0
        ],
        [
          196.0,
          85.0
        ],
        [
          199.0,
          82.0
        ],
        [
          201.0,
          82.0
        ],
        [
          202.0,
          83.0
        ],
        [
          207.0,
          83.0
        ],
        [
          209.0,
          81.0
        ],
        [
          209.0,
          80.0
        ],
        [
          210.0,
          79.0
        ],
        [
          210.0,
          78.0
        ],
        [
          212.0,
          76.0
        ],
        [
          212.0,
          75.0
        ],
        [
          211.0,
          74.0
        ],
        [
          211.0,
          72.0
        ],
        [
          210.0,
          71.0
        ],
        [
          210.0,
          70.0
        ],
        [
          208.0,
          70.0
        ],
        [
          207.0,
          69.0
        ],
        [
          207.0,
          68.0
        ],
        [
          206.0,
          67.0
        ],
        [
          206.0,
          64.0
        ],
        [
          208.0,
          62.0
        ],
        [
          208.0,
          61.0
        ],
        [
          206.0,
          61.0
        ],
        [
          205.0,
          62.0
        ],
        [
          203.0,
          62.0
        ],
        [
          202.0,
          61.0
        ]
      ],
      "group_id": null,
      "shape_type": "polygon",
      "flags": {}
    },
    {
      "label": "weed",
      "text": "",
      "points": [
        [
          194.0,
          127.0
        ],
        [
          193.0,
          128.0
        ],
        [
          192.0,
          128.0
        ],
        [
          188.0,
          132.0
        ],
        [
          188.0,
          141.0
        ],
        [
          189.0,
          142.0
        ],
        [
          189.0,
          144.0
        ],
        [
          190.0,
          144.0
        ],
        [
          191.0,
          145.0
        ],
        [
          195.0,
          145.0
        ],
        [
          196.0,
          146.0
        ],
        [
          200.0,
          146.0
        ],
        [
          201.0,
          145.0
        ],
        [
          202.0,
          145.0
        ],
        [
          202.0,
          133.0
        ],
        [
          201.0,
          132.0
        ],
        [
          201.0,
          130.0
        ],
        [
          199.0,
          128.0
        ],
        [
          198.0,
          128.0
        ],
        [
          197.0,
          127.0
        ]
      ],
      "group_id": null,
      "shape_type": "polygon",
      "flags": {}
    },
    {
      "label": "weed",
      "text": "",
      "points": [
        [
          257.0,
          178.0
        ],
        [
          258.0,
          179.0
        ],
        [
          258.0,
          180.0
        ],
        [
          260.0,
          182.0
        ],
        [
          261.0,
          182.0
        ],
        [
          262.0,
          183.0
        ],
        [
          272.0,
          183.0
        ],
        [
          273.0,
          184.0
        ],
        [
          277.0,
          184.0
        ],
        [
          278.0,
          183.0
        ],
        [
          280.0,
          183.0
        ],
        [
          281.0,
          182.0
        ],
        [
          283.0,
          182.0
        ],
        [
          284.0,
          181.0
        ],
        [
          286.0,
          181.0
        ],
        [
          287.0,
          180.0
        ],
        [
          288.0,
          180.0
        ],
        [
          290.0,
          178.0
        ],
        [
          291.0,
          178.0
        ],
        [
          292.0,
          177.0
        ],
        [
          293.0,
          177.0
        ],
        [
          292.0,
          176.0
        ],
        [
          289.0,
          176.0
        ],
        [
          288.0,
          175.0
        ],
        [
          287.0,
          175.0
        ],
        [
          286.0,
          174.0
        ],
        [
          285.0,
          174.0
        ],
        [
          282.0,
          171.0
        ],
        [
          282.0,
          170.0
        ],
        [
          281.0,
          170.0
        ],
        [
          279.0,
          168.0
        ],
        [
          274.0,
          168.0
        ],
        [
          271.0,
          171.0
        ],
        [
          271.0,
          172.0
        ],
        [
          269.0,
          174.0
        ],
        [
          268.0,
          174.0
        ],
        [
          267.0,
          175.0
        ],
        [
          260.0,
          175.0
        ],
        [
          259.0,
          176.0
        ],
        [
          258.0,
          176.0
        ],
        [
          257.0,
          177.0
        ]
      ],
      "group_id": null,
      "shape_type": "polygon",
      "flags": {}
    },
    {
      "label": "potato",
      "text": "",
      "points": [
        [
          342.0,
          10.0
        ],
        [
          335.0,
          17.0
        ],
        [
          335.0,
          18.0
        ],
        [
          334.0,
          19.0
        ],
        [
          334.0,
          21.0
        ],
        [
          333.0,
          22.0
        ],
        [
          333.0,
          23.0
        ],
        [
          332.0,
          24.0
        ],
        [
          332.0,
          26.0
        ],
        [
          331.0,
          27.0
        ],
        [
          331.0,
          29.0
        ],
        [
          330.0,
          30.0
        ],
        [
          330.0,
          32.0
        ],
        [
          331.0,
          33.0
        ],
        [
          331.0,
          35.0
        ],
        [
          332.0,
          36.0
        ],
        [
          332.0,
          38.0
        ],
        [
          333.0,
          39.0
        ],
        [
          333.0,
          42.0
        ],
        [
          334.0,
          43.0
        ],
        [
          334.0,
          47.0
        ],
        [
          335.0,
          48.0
        ],
        [
          335.0,
          49.0
        ],
        [
          336.0,
          50.0
        ],
        [
          336.0,
          51.0
        ],
        [
          335.0,
          52.0
        ],
        [
          335.0,
          55.0
        ],
        [
          336.0,
          56.0
        ],
        [
          336.0,
          58.0
        ],
        [
          337.0,
          58.0
        ],
        [
          338.0,
          59.0
        ],
        [
          340.0,
          59.0
        ],
        [
          341.0,
          60.0
        ],
        [
          345.0,
          60.0
        ],
        [
          347.0,
          58.0
        ],
        [
          348.0,
          58.0
        ],
        [
          350.0,
          56.0
        ],
        [
          350.0,
          55.0
        ],
        [
          352.0,
          53.0
        ],
        [
          352.0,
          52.0
        ],
        [
          353.0,
          51.0
        ],
        [
          353.0,
          50.0
        ],
        [
          354.0,
          49.0
        ],
        [
          354.0,
          48.0
        ],
        [
          356.0,
          46.0
        ],
        [
          356.0,
          44.0
        ],
        [
          361.0,
          39.0
        ],
        [
          361.0,
          33.0
        ],
        [
          360.0,
          32.0
        ],
        [
          359.0,
          32.0
        ],
        [
          357.0,
          30.0
        ],
        [
          357.0,
          29.0
        ],
        [
          356.0,
          28.0
        ],
        [
          356.0,
          21.0
        ],
        [
          355.0,
          20.0
        ],
        [
          355.0,
          18.0
        ],
        [
          354.0,
          17.0
        ],
        [
          354.0,
          16.0
        ],
        [
          349.0,
          11.0
        ],
        [
          347.0,
          11.0
        ],
        [
          346.0,
          10.0
        ]
      ],
      "group_id": null,
      "shape_type": "polygon",
      "flags": {}
    },
    {
      "label": "weed",
      "text": "",
      "points": [
        [
          198.0,
          552.0
        ],
        [
          199.0,
          553.0
        ],
        [
          199.0,
          554.0
        ],
        [
          200.0,
          555.0
        ],
        [
          201.0,
          554.0
        ],
        [
          202.0,
          554.0
        ],
        [
          203.0,
          553.0
        ],
        [
          204.0,
          553.0
        ],
        [
          205.0,
          552.0
        ],
        [
          207.0,
          552.0
        ],
        [
          207.0,
          550.0
        ],
        [
          209.0,
          548.0
        ],
        [
          216.0,
          548.0
        ],
        [
          217.0,
          549.0
        ],
        [
          219.0,
          549.0
        ],
        [
          220.0,
          550.0
        ],
        [
          220.0,
          551.0
        ],
        [
          221.0,
          552.0
        ],
        [
          221.0,
          553.0
        ],
        [
          222.0,
          554.0
        ],
        [
          224.0,
          554.0
        ],
        [
          225.0,
          555.0
        ],
        [
          230.0,
          555.0
        ],
        [
          235.0,
          550.0
        ],
        [
          236.0,
          550.0
        ],
        [
          238.0,
          548.0
        ],
        [
          238.0,
          547.0
        ],
        [
          239.0,
          546.0
        ],
        [
          239.0,
          545.0
        ],
        [
          236.0,
          545.0
        ],
        [
          235.0,
          544.0
        ],
        [
          231.0,
          544.0
        ],
        [
          230.0,
          545.0
        ],
        [
          220.0,
          545.0
        ],
        [
          219.0,
          546.0
        ],
        [
          218.0,
          545.0
        ],
        [
          217.0,
          545.0
        ],
        [
          216.0,
          544.0
        ],
        [
          213.0,
          544.0
        ],
        [
          212.0,
          545.0
        ],
        [
          204.0,
          545.0
        ],
        [
          202.0,
          547.0
        ],
        [
          201.0,
          547.0
        ],
        [
          200.0,
          548.0
        ],
        [
          200.0,
          549.0
        ],
        [
          199.0,
          550.0
        ],
        [
          199.0,
          551.0
        ]
      ],
      "group_id": null,
      "shape_type": "polygon",
      "flags": {}
    },
    {
      "label": "weed",
      "text": "",
      "points": [
        [
          338.0,
          618.0
        ],
        [
          338.0,
          619.0
        ],
        [
          337.0,
          620.0
        ],
        [
          337.0,
          628.0
        ],
        [
          338.0,
          629.0
        ],
        [
          338.0,
          630.0
        ],
        [
          343.0,
          635.0
        ],
        [
          345.0,
          635.0
        ],
        [
          347.0,
          637.0
        ],
        [
          347.0,
          638.0
        ],
        [
          348.0,
          639.0
        ],
        [
          371.0,
          639.0
        ],
        [
          372.0,
          638.0
        ],
        [
          372.0,
          636.0
        ],
        [
          371.0,
          635.0
        ],
        [
          371.0,
          633.0
        ],
        [
          367.0,
          629.0
        ],
        [
          367.0,
          628.0
        ],
        [
          365.0,
          626.0
        ],
        [
          365.0,
          625.0
        ],
        [
          364.0,
          624.0
        ],
        [
          364.0,
          621.0
        ],
        [
          361.0,
          618.0
        ],
        [
          361.0,
          617.0
        ],
        [
          360.0,
          617.0
        ],
        [
          359.0,
          616.0
        ],
        [
          358.0,
          616.0
        ],
        [
          357.0,
          615.0
        ],
        [
          356.0,
          615.0
        ],
        [
          355.0,
          614.0
        ],
        [
          347.0,
          614.0
        ],
        [
          346.0,
          615.0
        ],
        [
          343.0,
          615.0
        ],
        [
          342.0,
          616.0
        ],
        [
          341.0,
          616.0
        ],
        [
          340.0,
          617.0
        ],
        [
          339.0,
          617.0
        ]
      ],
      "group_id": null,
      "shape_type": "polygon",
      "flags": {}
    },
    {
      "label": "weed",
      "text": "",
      "points": [
        [
          522.0,
          549.0
        ],
        [
          515.0,
          549.0
        ],
        [
          510.0,
          554.0
        ],
        [
          504.0,
          554.0
        ],
        [
          503.0,
          553.0
        ],
        [
          500.0,
          553.0
        ],
        [
          499.0,
          552.0
        ],
        [
          497.0,
          552.0
        ],
        [
          496.0,
          551.0
        ],
        [
          494.0,
          551.0
        ],
        [
          493.0,
          552.0
        ],
        [
          495.0,
          554.0
        ],
        [
          495.0,
          555.0
        ],
        [
          496.0,
          556.0
        ],
        [
          496.0,
          557.0
        ],
        [
          500.0,
          561.0
        ],
        [
          500.0,
          562.0
        ],
        [
          501.0,
          563.0
        ],
        [
          501.0,
          569.0
        ],
        [
          500.0,
          570.0
        ],
        [
          500.0,
          571.0
        ],
        [
          497.0,
          574.0
        ],
        [
          497.0,
          575.0
        ],
        [
          496.0,
          576.0
        ],
        [
          496.0,
          577.0
        ],
        [
          495.0,
          578.0
        ],
        [
          495.0,
          579.0
        ],
        [
          496.0,
          580.0
        ],
        [
          497.0,
          579.0
        ],
        [
          500.0,
          579.0
        ],
        [
          501.0,
          578.0
        ],
        [
          510.0,
          578.0
        ],
        [
          514.0,
          574.0
        ],
        [
          515.0,
          574.0
        ],
        [
          519.0,
          570.0
        ],
        [
          519.0,
          569.0
        ],
        [
          521.0,
          567.0
        ],
        [
          521.0,
          566.0
        ],
        [
          523.0,
          564.0
        ],
        [
          523.0,
          563.0
        ],
        [
          524.0,
          562.0
        ],
        [
          524.0,
          561.0
        ],
        [
          525.0,
          560.0
        ],
        [
          525.0,
          552.0
        ]
      ],
      "group_id": null,
      "shape_type": "polygon",
      "flags": {}
    },
    {
      "label": "weed",
      "text": "",
      "points": [
        [
          474.0,
          0.0
        ],
        [
          474.0,
          2.0
        ],
        [
          477.0,
          5.0
        ],
        [
          477.0,
          6.0
        ],
        [
          478.0,
          6.0
        ],
        [
          481.0,
          9.0
        ],
        [
          482.0,
          9.0
        ],
        [
          484.0,
          11.0
        ],
        [
          486.0,
          11.0
        ],
        [
          487.0,
          12.0
        ],
        [
          492.0,
          12.0
        ],
        [
          494.0,
          14.0
        ],
        [
          495.0,
          14.0
        ],
        [
          497.0,
          16.0
        ],
        [
          497.0,
          17.0
        ],
        [
          499.0,
          19.0
        ],
        [
          499.0,
          20.0
        ],
        [
          500.0,
          20.0
        ],
        [
          501.0,
          21.0
        ],
        [
          503.0,
          21.0
        ],
        [
          504.0,
          20.0
        ],
        [
          505.0,
          20.0
        ],
        [
          506.0,
          19.0
        ],
        [
          506.0,
          18.0
        ],
        [
          507.0,
          17.0
        ],
        [
          507.0,
          14.0
        ],
        [
          506.0,
          13.0
        ],
        [
          506.0,
          10.0
        ],
        [
          505.0,
          9.0
        ],
        [
          505.0,
          7.0
        ],
        [
          504.0,
          6.0
        ],
        [
          504.0,
          5.0
        ],
        [
          500.0,
          1.0
        ],
        [
          500.0,
          0.0
        ]
      ],
      "group_id": null,
      "shape_type": "polygon",
      "flags": {}
    },
    {
      "label": "weed",
      "text": "",
      "points": [
        [
          560.0,
          128.0
        ],
        [
          560.0,
          137.0
        ],
        [
          561.0,
          138.0
        ],
        [
          561.0,
          140.0
        ],
        [
          563.0,
          142.0
        ],
        [
          570.0,
          142.0
        ],
        [
          571.0,
          141.0
        ],
        [
          572.0,
          141.0
        ],
        [
          574.0,
          139.0
        ],
        [
          574.0,
          135.0
        ],
        [
          573.0,
          134.0
        ],
        [
          573.0,
          132.0
        ],
        [
          571.0,
          130.0
        ],
        [
          571.0,
          129.0
        ],
        [
          570.0,
          128.0
        ],
        [
          566.0,
          128.0
        ],
        [
          565.0,
          127.0
        ],
        [
          562.0,
          127.0
        ],
        [
          561.0,
          128.0
        ]
      ],
      "group_id": null,
      "shape_type": "polygon",
      "flags": {}
    },
    {
      "label": "weed",
      "text": "",
      "points": [
        [
          615.0,
          246.0
        ],
        [
          613.0,
          248.0
        ],
        [
          613.0,
          263.0
        ],
        [
          614.0,
          264.0
        ],
        [
          614.0,
          265.0
        ],
        [
          616.0,
          267.0
        ],
        [
          617.0,
          267.0
        ],
        [
          619.0,
          269.0
        ],
        [
          621.0,
          269.0
        ],
        [
          622.0,
          268.0
        ],
        [
          623.0,
          268.0
        ],
        [
          624.0,
          267.0
        ],
        [
          625.0,
          267.0
        ],
        [
          625.0,
          266.0
        ],
        [
          626.0,
          265.0
        ],
        [
          626.0,
          263.0
        ],
        [
          625.0,
          262.0
        ],
        [
          625.0,
          255.0
        ],
        [
          624.0,
          254.0
        ],
        [
          624.0,
          249.0
        ],
        [
          622.0,
          247.0
        ],
        [
          621.0,
          247.0
        ],
        [
          620.0,
          246.0
        ]
      ],
      "group_id": null,
      "shape_type": "polygon",
      "flags": {}
    },
    {
      "label": "weed",
      "text": "",
      "points": [
        [
          509.0,
          261.0
        ],
        [
          508.0,
          262.0
        ],
        [
          506.0,
          262.0
        ],
        [
          505.0,
          263.0
        ],
        [
          505.0,
          264.0
        ],
        [
          506.0,
          265.0
        ],
        [
          506.0,
          266.0
        ],
        [
          507.0,
          267.0
        ],
        [
          507.0,
          268.0
        ],
        [
          508.0,
          269.0
        ],
        [
          508.0,
          274.0
        ],
        [
          507.0,
          275.0
        ],
        [
          507.0,
          276.0
        ],
        [
          508.0,
          277.0
        ],
        [
          508.0,
          280.0
        ],
        [
          510.0,
          282.0
        ],
        [
          511.0,
          282.0
        ],
        [
          512.0,
          281.0
        ],
        [
          513.0,
          281.0
        ],
        [
          514.0,
          280.0
        ],
        [
          515.0,
          280.0
        ],
        [
          516.0,
          279.0
        ],
        [
          518.0,
          279.0
        ],
        [
          519.0,
          278.0
        ],
        [
          520.0,
          278.0
        ],
        [
          520.0,
          271.0
        ],
        [
          521.0,
          270.0
        ],
        [
          521.0,
          267.0
        ],
        [
          520.0,
          266.0
        ],
        [
          520.0,
          264.0
        ],
        [
          519.0,
          264.0
        ],
        [
          518.0,
          263.0
        ],
        [
          514.0,
          263.0
        ],
        [
          512.0,
          261.0
        ]
      ],
      "group_id": null,
      "shape_type": "polygon",
      "flags": {}
    },
    {
      "label": "weed",
      "text": "",
      "points": [
        [
          474.0,
          208.0
        ],
        [
          473.0,
          209.0
        ],
        [
          472.0,
          209.0
        ],
        [
          471.0,
          210.0
        ],
        [
          471.0,
          214.0
        ],
        [
          472.0,
          215.0
        ],
        [
          472.0,
          230.0
        ],
        [
          475.0,
          233.0
        ],
        [
          476.0,
          233.0
        ],
        [
          477.0,
          234.0
        ],
        [
          478.0,
          234.0
        ],
        [
          479.0,
          235.0
        ],
        [
          483.0,
          235.0
        ],
        [
          485.0,
          233.0
        ],
        [
          486.0,
          233.0
        ],
        [
          489.0,
          230.0
        ],
        [
          488.0,
          229.0
        ],
        [
          488.0,
          228.0
        ],
        [
          487.0,
          227.0
        ],
        [
          487.0,
          225.0
        ],
        [
          489.0,
          223.0
        ],
        [
          489.0,
          222.0
        ],
        [
          490.0,
          221.0
        ],
        [
          490.0,
          216.0
        ],
        [
          491.0,
          215.0
        ],
        [
          491.0,
          214.0
        ],
        [
          492.0,
          213.0
        ],
        [
          492.0,
          210.0
        ],
        [
          491.0,
          209.0
        ],
        [
          489.0,
          209.0
        ],
        [
          488.0,
          208.0
        ],
        [
          487.0,
          209.0
        ],
        [
          483.0,
          209.0
        ],
        [
          482.0,
          208.0
        ]
      ],
      "group_id": null,
      "shape_type": "polygon",
      "flags": {}
    }
  ],
  "imagePath": "..\\after_crop\\tile_9_1.jpg",
  "imageData": null,
  "imageHeight": 640,
  "imageWidth": 640
}