{
  "version": "0.3.3",
  "flags": {},
  "shapes": [
    {
      "label": "potato",
      "text": "",
      "points": [
        [
          74.0,
          118.0
        ],
        [
          73.0,
          118.0
        ],
        [
          72.0,
          117.0
        ],
        [
          70.0,
          117.0
        ],
        [
          69.0,
          116.0
        ],
        [
          64.0,
          116.0
        ],
        [
          61.0,
          118.0
        ],
        [
          50.0,
          118.0
        ],
        [
          49.0,
          119.0
        ],
        [
          48.0,
          119.0
        ],
        [
          46.0,
          121.0
        ],
        [
          45.0,
          121.0
        ],
        [
          44.0,
          122.0
        ],
        [
          41.0,
          123.0
        ],
        [
          39.0,
          125.0
        ],
        [
          38.0,
          125.0
        ],
        [
          37.0,
          126.0
        ],
        [
          33.0,
          126.0
        ],
        [
          32.0,
          125.0
        ],
        [
          29.0,
          125.0
        ],
        [
          28.0,
          124.0
        ],
        [
          22.0,
          124.0
        ],
        [
          21.0,
          125.0
        ],
        [
          19.0,
          125.0
        ],
        [
          18.0,
          126.0
        ],
        [
          15.0,
          126.0
        ],
        [
          14.0,
          127.0
        ],
        [
          12.0,
          127.0
        ],
        [
          7.0,
          132.0
        ],
        [
          6.0,
          132.0
        ],
        [
          3.0,
          134.0
        ],
        [
          0.0,
          134.0
        ],
        [
          0.0,
          172.0
        ],
        [
          1.0,
          172.0
        ],
        [
          4.0,
          175.0
        ],
        [
          4.0,
          176.0
        ],
        [
          6.0,
          179.0
        ],
        [
          6.0,
          181.0
        ],
        [
          4.0,
          183.0
        ],
        [
          3.0,
          183.0
        ],
        [
          1.0,
          185.0
        ],
        [
          0.0,
          185.0
        ],
        [
          0.0,
          199.0
        ],
        [
          1.0,
          199.0
        ],
        [
          8.0,
          206.0
        ],
        [
          10.0,
          206.0
        ],
        [
          11.0,
          207.0
        ],
        [
          15.0,
          207.0
        ],
        [
          16.0,
          206.0
        ],
        [
          18.0,
          206.0
        ],
        [
          19.0,
          205.0
        ],
        [
          19.0,
          203.0
        ],
        [
          20.0,
          202.0
        ],
        [
          20.0,
          200.0
        ],
        [
          23.0,
          197.0
        ],
        [
          32.0,
          197.0
        ],
        [
          38.0,
          191.0
        ],
        [
          38.0,
          190.0
        ],
        [
          41.0,
          188.0
        ],
        [
          42.0,
          188.0
        ],
        [
          44.0,
          190.0
        ],
        [
          45.0,
          190.0
        ],
        [
          46.0,
          191.0
        ],
        [
          47.0,
          190.0
        ],
        [
          50.0,
          190.0
        ],
        [
          52.0,
          188.0
        ],
        [
          53.0,
          188.0
        ],
        [
          56.0,
          186.0
        ],
        [
          58.0,
          186.0
        ],
        [
          59.0,
          185.0
        ],
        [
          62.0,
          185.0
        ],
        [
          67.0,
          180.0
        ],
        [
          67.0,
          179.0
        ],
        [
          69.0,
          177.0
        ],
        [
          70.0,
          177.0
        ],
        [
          73.0,
          174.0
        ],
        [
          73.0,
          173.0
        ],
        [
          74.0,
          172.0
        ],
        [
          74.0,
          165.0
        ],
        [
          73.0,
          164.0
        ],
        [
          73.0,
          162.0
        ],
        [
          71.0,
          160.0
        ],
        [
          71.0,
          159.0
        ],
        [
          65.0,
          153.0
        ],
        [
          65.0,
          152.0
        ],
        [
          64.0,
          151.0
        ],
        [
          64.0,
          145.0
        ],
        [
          65.0,
          144.0
        ],
        [
          65.0,
          143.0
        ],
        [
          66.0,
          142.0
        ],
        [
          66.0,
          140.0
        ],
        [
          67.0,
          139.0
        ],
        [
          67.0,
          136.0
        ],
        [
          68.0,
          135.0
        ],
        [
          68.0,
          132.0
        ],
        [
          69.0,
          131.0
        ],
        [
          69.0,
          129.0
        ],
        [
          70.0,
          128.0
        ],
        [
          70.0,
          127.0
        ],
        [
          71.0,
          126.0
        ],
        [
          72.0,
          123.0
        ],
        [
          74.0,
          121.0
        ]
      ],
      "group_id": null,
      "shape_type": "polygon",
      "flags": {}
    },
    {
      "label": "potato",
      "text": "",
      "points": [
        [
          283.0,
          391.0
        ],
        [
          282.0,
          392.0
        ],
        [
          282.0,
          395.0
        ],
        [
          280.0,
          396.0
        ],
        [
          279.0,
          398.0
        ],
        [
          279.0,
          402.0
        ],
        [
          278.0,
          403.0
        ],
        [
          278.0,
          405.0
        ],
        [
          277.0,
          406.0
        ],
        [
          277.0,
          410.0
        ],
        [
          276.0,
          411.0
        ],
        [
          276.0,
          416.0
        ],
        [
          277.0,
          418.0
        ],
        [
          276.0,
          419.0
        ],
        [
          276.0,
          422.0
        ],
        [
          275.0,
          423.0
        ],
        [
          273.0,
          431.0
        ],
        [
          270.0,
          434.0
        ],
        [
          268.0,
          434.0
        ],
        [
          267.0,
          435.0
        ],
        [
          263.0,
          435.0
        ],
        [
          262.0,
          436.0
        ],
        [
          255.0,
          436.0
        ],
        [
          254.0,
          437.0
        ],
        [
          252.0,
          437.0
        ],
        [
          249.0,
          440.0
        ],
        [
          249.0,
          445.0
        ],
        [
          250.0,
          446.0
        ],
        [
          250.0,
          453.0
        ],
        [
          248.0,
          457.0
        ],
        [
          248.0,
          466.0
        ],
        [
          251.0,
          471.0
        ],
        [
          254.0,
          471.0
        ],
        [
          255.0,
          472.0
        ],
        [
          262.0,
          472.0
        ],
        [
          263.0,
          471.0
        ],
        [
          266.0,
          471.0
        ],
        [
          268.0,
          470.0
        ],
        [
          269.0,
          471.0
        ],
        [
          271.0,
          471.0
        ],
        [
          273.0,
          473.0
        ],
        [
          274.0,
          475.0
        ],
        [
          274.0,
          480.0
        ],
        [
          275.0,
          481.0
        ],
        [
          275.0,
          484.0
        ],
        [
          277.0,
          487.0
        ],
        [
          276.0,
          502.0
        ],
        [
          278.0,
          504.0
        ],
        [
          280.0,
          508.0
        ],
        [
          279.0,
          509.0
        ],
        [
          279.0,
          516.0
        ],
        [
          280.0,
          518.0
        ],
        [
          286.0,
          521.0
        ],
        [
          292.0,
          521.0
        ],
        [
          293.0,
          522.0
        ],
        [
          296.0,
          522.0
        ],
        [
          297.0,
          523.0
        ],
        [
          303.0,
          523.0
        ],
        [
          304.0,
          524.0
        ],
        [
          313.0,
          524.0
        ],
        [
          314.0,
          523.0
        ],
        [
          317.0,
          523.0
        ],
        [
          319.0,
          521.0
        ],
        [
          323.0,
          520.0
        ],
        [
          329.0,
          523.0
        ],
        [
          338.0,
          531.0
        ],
        [
          342.0,
          533.0
        ],
        [
          347.0,
          532.0
        ],
        [
          351.0,
          527.0
        ],
        [
          351.0,
          521.0
        ],
        [
          350.0,
          520.0
        ],
        [
          350.0,
          517.0
        ],
        [
          349.0,
          516.0
        ],
        [
          350.0,
          510.0
        ],
        [
          351.0,
          509.0
        ],
        [
          351.0,
          505.0
        ],
        [
          350.0,
          504.0
        ],
        [
          350.0,
          502.0
        ],
        [
          347.0,
          499.0
        ],
        [
          346.0,
          496.0
        ],
        [
          349.0,
          493.0
        ],
        [
          349.0,
          491.0
        ],
        [
          351.0,
          489.0
        ],
        [
          352.0,
          486.0
        ],
        [
          357.0,
          481.0
        ],
        [
          357.0,
          476.0
        ],
        [
          355.0,
          472.0
        ],
        [
          355.0,
          464.0
        ],
        [
          357.0,
          460.0
        ],
        [
          359.0,
          458.0
        ],
        [
          359.0,
          456.0
        ],
        [
          360.0,
          455.0
        ],
        [
          360.0,
          450.0
        ],
        [
          357.0,
          446.0
        ],
        [
          357.0,
          443.0
        ],
        [
          360.0,
          438.0
        ],
        [
          360.0,
          431.0
        ],
        [
          359.0,
          430.0
        ],
        [
          359.0,
          426.0
        ],
        [
          358.0,
          425.0
        ],
        [
          358.0,
          417.0
        ],
        [
          357.0,
          416.0
        ],
        [
          353.0,
          416.0
        ],
        [
          350.0,
          422.0
        ],
        [
          346.0,
          426.0
        ],
        [
          345.0,
          426.0
        ],
        [
          342.0,
          423.0
        ],
        [
          341.0,
          420.0
        ],
        [
          339.0,
          418.0
        ],
        [
          334.0,
          418.0
        ],
        [
          333.0,
          422.0
        ],
        [
          332.0,
          423.0
        ],
        [
          332.0,
          427.0
        ],
        [
          331.0,
          429.0
        ],
        [
          328.0,
          432.0
        ],
        [
          323.0,
          432.0
        ],
        [
          316.0,
          422.0
        ],
        [
          311.0,
          421.0
        ],
        [
          304.0,
          417.0
        ],
        [
          301.0,
          409.0
        ],
        [
          299.0,
          408.0
        ],
        [
          293.0,
          402.0
        ],
        [
          291.0,
          397.0
        ],
        [
          287.0,
          393.0
        ],
        [
          285.0,
          393.0
        ]
      ],
      "group_id": null,
      "shape_type": "polygon",
      "flags": {}
    },
    {
      "label": "potato",
      "text": "",
      "points": [
        [
          272.0,
          83.0
        ],
        [
          272.0,
          85.0
        ],
        [
          273.0,
          86.0
        ],
        [
          273.0,
          88.0
        ],
        [
          274.0,
          89.0
        ],
        [
          274.0,
          90.0
        ],
        [
          275.0,
          91.0
        ],
        [
          276.0,
          91.0
        ],
        [
          277.0,
          92.0
        ],
        [
          278.0,
          92.0
        ],
        [
          280.0,
          94.0
        ],
        [
          280.0,
          95.0
        ],
        [
          281.0,
          96.0
        ],
        [
          281.0,
          104.0
        ],
        [
          282.0,
          105.0
        ],
        [
          282.0,
          107.0
        ],
        [
          283.0,
          108.0
        ],
        [
          283.0,
          114.0
        ],
        [
          284.0,
          115.0
        ],
        [
          284.0,
          117.0
        ],
        [
          285.0,
          118.0
        ],
        [
          285.0,
          119.0
        ],
        [
          288.0,
          122.0
        ],
        [
          289.0,
          122.0
        ],
        [
          292.0,
          125.0
        ],
        [
          292.0,
          126.0
        ],
        [
          293.0,
          127.0
        ],
        [
          293.0,
          132.0
        ],
        [
          294.0,
          133.0
        ],
        [
          294.0,
          134.0
        ],
        [
          295.0,
          135.0
        ],
        [
          296.0,
          135.0
        ],
        [
          297.0,
          136.0
        ],
        [
          300.0,
          136.0
        ],
        [
          301.0,
          135.0
        ],
        [
          302.0,
          135.0
        ],
        [
          305.0,
          132.0
        ],
        [
          305.0,
          131.0
        ],
        [
          308.0,
          128.0
        ],
        [
          309.0,
          128.0
        ],
        [
          311.0,
          126.0
        ],
        [
          312.0,
          126.0
        ],
        [
          314.0,
          124.0
        ],
        [
          314.0,
          123.0
        ],
        [
          315.0,
          122.0
        ],
        [
          315.0,
          120.0
        ],
        [
          316.0,
          119.0
        ],
        [
          316.0,
          118.0
        ],
        [
          319.0,
          115.0
        ],
        [
          320.0,
          115.0
        ],
        [
          322.0,
          113.0
        ],
        [
          323.0,
          113.0
        ],
        [
          324.0,
          112.0
        ],
        [
          328.0,
          112.0
        ],
        [
          329.0,
          111.0
        ],
        [
          333.0,
          111.0
        ],
        [
          335.0,
          109.0
        ],
        [
          335.0,
          106.0
        ],
        [
          331.0,
          102.0
        ],
        [
          331.0,
          101.0
        ],
        [
          327.0,
          97.0
        ],
        [
          327.0,
          96.0
        ],
        [
          322.0,
          91.0
        ],
        [
          321.0,
          91.0
        ],
        [
          319.0,
          89.0
        ],
        [
          318.0,
          89.0
        ],
        [
          315.0,
          86.0
        ],
        [
          315.0,
          85.0
        ],
        [
          312.0,
          82.0
        ],
        [
          308.0,
          82.0
        ],
        [
          306.0,
          84.0
        ],
        [
          306.0,
          85.0
        ],
        [
          305.0,
          86.0
        ],
        [
          305.0,
          87.0
        ],
        [
          303.0,
          89.0
        ],
        [
          302.0,
          89.0
        ],
        [
          301.0,
          90.0
        ],
        [
          300.0,
          89.0
        ],
        [
          299.0,
          89.0
        ],
        [
          298.0,
          88.0
        ],
        [
          297.0,
          88.0
        ],
        [
          296.0,
          87.0
        ],
        [
          294.0,
          87.0
        ],
        [
          287.0,
          80.0
        ],
        [
          287.0,
          79.0
        ],
        [
          286.0,
          78.0
        ],
        [
          280.0,
          78.0
        ],
        [
          279.0,
          79.0
        ],
        [
          276.0,
          79.0
        ],
        [
          275.0,
          80.0
        ],
        [
          274.0,
          80.0
        ],
        [
          273.0,
          81.0
        ],
        [
          273.0,
          82.0
        ]
      ],
      "group_id": null,
      "shape_type": "polygon",
      "flags": {}
    },
    {
      "label": "potato",
      "text": "",
      "points": [
        [
          597.0,
          112.0
        ],
        [
          596.0,
          113.0
        ],
        [
          596.0,
          114.0
        ],
        [
          594.0,
          116.0
        ],
        [
          594.0,
          117.0
        ],
        [
          593.0,
          118.0
        ],
        [
          593.0,
          121.0
        ],
        [
          592.0,
          122.0
        ],
        [
          592.0,
          123.0
        ],
        [
          586.0,
          129.0
        ],
        [
          586.0,
          130.0
        ],
        [
          584.0,
          132.0
        ],
        [
          584.0,
          134.0
        ],
        [
          582.0,
          136.0
        ],
        [
          582.0,
          137.0
        ],
        [
          579.0,
          140.0
        ],
        [
          578.0,
          140.0
        ],
        [
          577.0,
          141.0
        ],
        [
          576.0,
          141.0
        ],
        [
          575.0,
          142.0
        ],
        [
          574.0,
          142.0
        ],
        [
          573.0,
          143.0
        ],
        [
          573.0,
          144.0
        ],
        [
          572.0,
          145.0
        ],
        [
          572.0,
          150.0
        ],
        [
          573.0,
          151.0
        ],
        [
          573.0,
          152.0
        ],
        [
          574.0,
          153.0
        ],
        [
          575.0,
          153.0
        ],
        [
          576.0,
          154.0
        ],
        [
          577.0,
          154.0
        ],
        [
          578.0,
          155.0
        ],
        [
          579.0,
          155.0
        ],
        [
          580.0,
          156.0
        ],
        [
          581.0,
          156.0
        ],
        [
          582.0,
          157.0
        ],
        [
          583.0,
          157.0
        ],
        [
          584.0,
          158.0
        ],
        [
          589.0,
          158.0
        ],
        [
          592.0,
          161.0
        ],
        [
          592.0,
          162.0
        ],
        [
          593.0,
          163.0
        ],
        [
          593.0,
          164.0
        ],
        [
          595.0,
          166.0
        ],
        [
          595.0,
          167.0
        ],
        [
          596.0,
          168.0
        ],
        [
          596.0,
          171.0
        ],
        [
          597.0,
          172.0
        ],
        [
          598.0,
          172.0
        ],
        [
          599.0,
          173.0
        ],
        [
          605.0,
          173.0
        ],
        [
          606.0,
          172.0
        ],
        [
          608.0,
          172.0
        ],
        [
          609.0,
          171.0
        ],
        [
          609.0,
          170.0
        ],
        [
          610.0,
          169.0
        ],
        [
          610.0,
          168.0
        ],
        [
          611.0,
          167.0
        ],
        [
          611.0,
          166.0
        ],
        [
          612.0,
          165.0
        ],
        [
          612.0,
          157.0
        ],
        [
          613.0,
          156.0
        ],
        [
          613.0,
          154.0
        ],
        [
          615.0,
          152.0
        ],
        [
          615.0,
          151.0
        ],
        [
          616.0,
          150.0
        ],
        [
          616.0,
          149.0
        ],
        [
          617.0,
          148.0
        ],
        [
          617.0,
          144.0
        ],
        [
          616.0,
          143.0
        ],
        [
          616.0,
          142.0
        ],
        [
          614.0,
          140.0
        ],
        [
          614.0,
          134.0
        ],
        [
          613.0,
          133.0
        ],
        [
          613.0,
          125.0
        ],
        [
          612.0,
          124.0
        ],
        [
          612.0,
          122.0
        ],
        [
          611.0,
          121.0
        ],
        [
          611.0,
          120.0
        ],
        [
          610.0,
          119.0
        ],
        [
          610.0,
          118.0
        ],
        [
          609.0,
          117.0
        ],
        [
          609.0,
          115.0
        ],
        [
          606.0,
          112.0
        ]
      ],
      "group_id": null,
      "shape_type": "polygon",
      "flags": {}
    },
    {
      "label": "potato",
      "text": "",
      "points": [
        [
          616.0,
          351.0
        ],
        [
          614.0,
          351.0
        ],
        [
          613.0,
          350.0
        ],
        [
          610.0,
          350.0
        ],
        [
          609.0,
          349.0
        ],
        [
          605.0,
          349.0
        ],
        [
          604.0,
          350.0
        ],
        [
          601.0,
          350.0
        ],
        [
          600.0,
          351.0
        ],
        [
          599.0,
          351.0
        ],
        [
          594.0,
          356.0
        ],
        [
          592.0,
          356.0
        ],
        [
          591.0,
          357.0
        ],
        [
          587.0,
          357.0
        ],
        [
          586.0,
          358.0
        ],
        [
          576.0,
          358.0
        ],
        [
          575.0,
          359.0
        ],
        [
          571.0,
          359.0
        ],
        [
          570.0,
          360.0
        ],
        [
          568.0,
          360.0
        ],
        [
          563.0,
          365.0
        ],
        [
          563.0,
          366.0
        ],
        [
          567.0,
          370.0
        ],
        [
          568.0,
          370.0
        ],
        [
          572.0,
          374.0
        ],
        [
          573.0,
          374.0
        ],
        [
          574.0,
          375.0
        ],
        [
          575.0,
          375.0
        ],
        [
          576.0,
          376.0
        ],
        [
          578.0,
          376.0
        ],
        [
          579.0,
          377.0
        ],
        [
          581.0,
          377.0
        ],
        [
          582.0,
          378.0
        ],
        [
          582.0,
          382.0
        ],
        [
          581.0,
          383.0
        ],
        [
          581.0,
          384.0
        ],
        [
          576.0,
          389.0
        ],
        [
          576.0,
          400.0
        ],
        [
          577.0,
          401.0
        ],
        [
          577.0,
          402.0
        ],
        [
          578.0,
          403.0
        ],
        [
          578.0,
          404.0
        ],
        [
          580.0,
          406.0
        ],
        [
          581.0,
          406.0
        ],
        [
          582.0,
          407.0
        ],
        [
          585.0,
          407.0
        ],
        [
          586.0,
          406.0
        ],
        [
          588.0,
          406.0
        ],
        [
          591.0,
          403.0
        ],
        [
          591.0,
          402.0
        ],
        [
          592.0,
          401.0
        ],
        [
          592.0,
          400.0
        ],
        [
          593.0,
          399.0
        ],
        [
          593.0,
          397.0
        ],
        [
          594.0,
          396.0
        ],
        [
          595.0,
          396.0
        ],
        [
          596.0,
          395.0
        ],
        [
          599.0,
          395.0
        ],
        [
          600.0,
          394.0
        ],
        [
          602.0,
          394.0
        ],
        [
          603.0,
          393.0
        ],
        [
          604.0,
          393.0
        ],
        [
          605.0,
          392.0
        ],
        [
          610.0,
          392.0
        ],
        [
          611.0,
          391.0
        ],
        [
          613.0,
          391.0
        ],
        [
          615.0,
          389.0
        ],
        [
          615.0,
          386.0
        ],
        [
          616.0,
          385.0
        ],
        [
          616.0,
          380.0
        ],
        [
          617.0,
          379.0
        ],
        [
          617.0,
          378.0
        ],
        [
          619.0,
          376.0
        ],
        [
          619.0,
          369.0
        ],
        [
          618.0,
          368.0
        ],
        [
          618.0,
          353.0
        ]
      ],
      "group_id": null,
      "shape_type": "polygon",
      "flags": {}
    },
    {
      "label": "potato",
      "text": "",
      "points": [
        [
          561.0,
          639.0
        ],
        [
          608.0,
          639.0
        ],
        [
          608.0,
          637.0
        ],
        [
          611.0,
          634.0
        ],
        [
          611.0,
          633.0
        ],
        [
          614.0,
          630.0
        ],
        [
          614.0,
          629.0
        ],
        [
          615.0,
          628.0
        ],
        [
          615.0,
          627.0
        ],
        [
          616.0,
          626.0
        ],
        [
          616.0,
          625.0
        ],
        [
          617.0,
          624.0
        ],
        [
          617.0,
          623.0
        ],
        [
          618.0,
          622.0
        ],
        [
          618.0,
          620.0
        ],
        [
          617.0,
          619.0
        ],
        [
          617.0,
          618.0
        ],
        [
          616.0,
          617.0
        ],
        [
          616.0,
          616.0
        ],
        [
          614.0,
          614.0
        ],
        [
          613.0,
          614.0
        ],
        [
          612.0,
          613.0
        ],
        [
          611.0,
          613.0
        ],
        [
          610.0,
          612.0
        ],
        [
          605.0,
          612.0
        ],
        [
          604.0,
          613.0
        ],
        [
          603.0,
          613.0
        ],
        [
          601.0,
          615.0
        ],
        [
          600.0,
          615.0
        ],
        [
          599.0,
          616.0
        ],
        [
          597.0,
          616.0
        ],
        [
          594.0,
          619.0
        ],
        [
          593.0,
          619.0
        ],
        [
          592.0,
          620.0
        ],
        [
          590.0,
          620.0
        ],
        [
          589.0,
          621.0
        ],
        [
          586.0,
          618.0
        ],
        [
          586.0,
          617.0
        ],
        [
          585.0,
          616.0
        ],
        [
          585.0,
          615.0
        ],
        [
          584.0,
          614.0
        ],
        [
          583.0,
          614.0
        ],
        [
          581.0,
          612.0
        ],
        [
          580.0,
          612.0
        ],
        [
          579.0,
          611.0
        ],
        [
          577.0,
          611.0
        ],
        [
          576.0,
          610.0
        ],
        [
          575.0,
          610.0
        ],
        [
          574.0,
          609.0
        ],
        [
          573.0,
          609.0
        ],
        [
          572.0,
          608.0
        ],
        [
          567.0,
          608.0
        ],
        [
          565.0,
          610.0
        ],
        [
          565.0,
          617.0
        ],
        [
          566.0,
          618.0
        ],
        [
          566.0,
          621.0
        ],
        [
          567.0,
          622.0
        ],
        [
          567.0,
          623.0
        ],
        [
          566.0,
          624.0
        ],
        [
          566.0,
          625.0
        ],
        [
          564.0,
          627.0
        ],
        [
          563.0,
          627.0
        ],
        [
          563.0,
          629.0
        ],
        [
          562.0,
          630.0
        ],
        [
          562.0,
          632.0
        ],
        [
          561.0,
          633.0
        ]
      ],
      "group_id": null,
      "shape_type": "polygon",
      "flags": {}
    },
    {
      "label": "weed",
      "text": "",
      "points": [
        [
          33.0,
          424.0
        ],
        [
          33.0,
          425.0
        ],
        [
          32.0,
          426.0
        ],
        [
          32.0,
          432.0
        ],
        [
          31.0,
          433.0
        ],
        [
          31.0,
          437.0
        ],
        [
          32.0,
          438.0
        ],
        [
          32.0,
          441.0
        ],
        [
          34.0,
          443.0
        ],
        [
          44.0,
          443.0
        ],
        [
          45.0,
          444.0
        ],
        [
          51.0,
          444.0
        ],
        [
          52.0,
          445.0
        ],
        [
          56.0,
          445.0
        ],
        [
          57.0,
          446.0
        ],
        [
          62.0,
          446.0
        ],
        [
          64.0,
          448.0
        ],
        [
          65.0,
          448.0
        ],
        [
          66.0,
          449.0
        ],
        [
          71.0,
          449.0
        ],
        [
          72.0,
          450.0
        ],
        [
          77.0,
          450.0
        ],
        [
          79.0,
          448.0
        ],
        [
          79.0,
          447.0
        ],
        [
          78.0,
          446.0
        ],
        [
          78.0,
          444.0
        ],
        [
          77.0,
          443.0
        ],
        [
          77.0,
          441.0
        ],
        [
          76.0,
          440.0
        ],
        [
          76.0,
          438.0
        ],
        [
          75.0,
          437.0
        ],
        [
          72.0,
          437.0
        ],
        [
          69.0,
          434.0
        ],
        [
          68.0,
          434.0
        ],
        [
          67.0,
          433.0
        ],
        [
          67.0,
          432.0
        ],
        [
          62.0,
          427.0
        ],
        [
          62.0,
          426.0
        ],
        [
          61.0,
          425.0
        ],
        [
          61.0,
          423.0
        ],
        [
          60.0,
          422.0
        ],
        [
          60.0,
          421.0
        ],
        [
          59.0,
          421.0
        ],
        [
          58.0,
          420.0
        ],
        [
          57.0,
          420.0
        ],
        [
          56.0,
          419.0
        ],
        [
          52.0,
          419.0
        ],
        [
          51.0,
          420.0
        ],
        [
          45.0,
          420.0
        ],
        [
          44.0,
          421.0
        ],
        [
          37.0,
          421.0
        ],
        [
          36.0,
          422.0
        ],
        [
          35.0,
          422.0
        ]
      ],
      "group_id": null,
      "shape_type": "polygon",
      "flags": {}
    },
    {
      "label": "weed",
      "text": "",
      "points": [
        [
          196.0,
          289.0
        ],
        [
          192.0,
          289.0
        ],
        [
          191.0,
          290.0
        ],
        [
          190.0,
          290.0
        ],
        [
          189.0,
          291.0
        ],
        [
          188.0,
          291.0
        ],
        [
          187.0,
          292.0
        ],
        [
          187.0,
          293.0
        ],
        [
          184.0,
          296.0
        ],
        [
          184.0,
          297.0
        ],
        [
          183.0,
          298.0
        ],
        [
          183.0,
          299.0
        ],
        [
          182.0,
          300.0
        ],
        [
          182.0,
          301.0
        ],
        [
          181.0,
          302.0
        ],
        [
          181.0,
          303.0
        ],
        [
          180.0,
          304.0
        ],
        [
          180.0,
          306.0
        ],
        [
          179.0,
          307.0
        ],
        [
          179.0,
          316.0
        ],
        [
          178.0,
          317.0
        ],
        [
          178.0,
          318.0
        ],
        [
          176.0,
          320.0
        ],
        [
          175.0,
          320.0
        ],
        [
          174.0,
          321.0
        ],
        [
          171.0,
          321.0
        ],
        [
          170.0,
          322.0
        ],
        [
          168.0,
          322.0
        ],
        [
          164.0,
          326.0
        ],
        [
          163.0,
          326.0
        ],
        [
          162.0,
          327.0
        ],
        [
          162.0,
          328.0
        ],
        [
          161.0,
          329.0
        ],
        [
          161.0,
          331.0
        ],
        [
          163.0,
          333.0
        ],
        [
          164.0,
          333.0
        ],
        [
          165.0,
          334.0
        ],
        [
          166.0,
          334.0
        ],
        [
          167.0,
          335.0
        ],
        [
          167.0,
          336.0
        ],
        [
          166.0,
          337.0
        ],
        [
          166.0,
          338.0
        ],
        [
          163.0,
          341.0
        ],
        [
          162.0,
          341.0
        ],
        [
          161.0,
          342.0
        ],
        [
          158.0,
          342.0
        ],
        [
          157.0,
          343.0
        ],
        [
          157.0,
          344.0
        ],
        [
          154.0,
          347.0
        ],
        [
          154.0,
          349.0
        ],
        [
          155.0,
          349.0
        ],
        [
          156.0,
          350.0
        ],
        [
          160.0,
          350.0
        ],
        [
          161.0,
          349.0
        ],
        [
          163.0,
          349.0
        ],
        [
          164.0,
          350.0
        ],
        [
          171.0,
          350.0
        ],
        [
          172.0,
          351.0
        ],
        [
          175.0,
          351.0
        ],
        [
          176.0,
          350.0
        ],
        [
          178.0,
          350.0
        ],
        [
          179.0,
          349.0
        ],
        [
          181.0,
          349.0
        ],
        [
          182.0,
          348.0
        ],
        [
          183.0,
          348.0
        ],
        [
          184.0,
          347.0
        ],
        [
          194.0,
          347.0
        ],
        [
          195.0,
          346.0
        ],
        [
          199.0,
          346.0
        ],
        [
          200.0,
          345.0
        ],
        [
          201.0,
          345.0
        ],
        [
          206.0,
          340.0
        ],
        [
          206.0,
          339.0
        ],
        [
          209.0,
          336.0
        ],
        [
          210.0,
          336.0
        ],
        [
          211.0,
          335.0
        ],
        [
          211.0,
          332.0
        ],
        [
          210.0,
          331.0
        ],
        [
          210.0,
          330.0
        ],
        [
          208.0,
          328.0
        ],
        [
          206.0,
          328.0
        ],
        [
          205.0,
          327.0
        ],
        [
          198.0,
          327.0
        ],
        [
          197.0,
          328.0
        ],
        [
          196.0,
          328.0
        ],
        [
          195.0,
          327.0
        ],
        [
          195.0,
          324.0
        ],
        [
          196.0,
          323.0
        ],
        [
          196.0,
          316.0
        ],
        [
          195.0,
          315.0
        ],
        [
          195.0,
          313.0
        ],
        [
          194.0,
          312.0
        ],
        [
          194.0,
          311.0
        ],
        [
          192.0,
          309.0
        ],
        [
          192.0,
          301.0
        ],
        [
          194.0,
          299.0
        ],
        [
          195.0,
          299.0
        ],
        [
          197.0,
          297.0
        ],
        [
          197.0,
          290.0
        ]
      ],
      "group_id": null,
      "shape_type": "polygon",
      "flags": {}
    },
    {
      "label": "weed",
      "text": "",
      "points": [
        [
          31.0,
          276.0
        ],
        [
          31.0,
          278.0
        ],
        [
          30.0,
          279.0
        ],
        [
          30.0,
          282.0
        ],
        [
          31.0,
          283.0
        ],
        [
          31.0,
          286.0
        ],
        [
          32.0,
          287.0
        ],
        [
          33.0,
          287.0
        ],
        [
          34.0,
          288.0
        ],
        [
          38.0,
          288.0
        ],
        [
          39.0,
          287.0
        ],
        [
          41.0,
          287.0
        ],
        [
          42.0,
          286.0
        ],
        [
          45.0,
          286.0
        ],
        [
          46.0,
          285.0
        ],
        [
          47.0,
          285.0
        ],
        [
          48.0,
          286.0
        ],
        [
          50.0,
          286.0
        ],
        [
          51.0,
          287.0
        ],
        [
          55.0,
          287.0
        ],
        [
          56.0,
          286.0
        ],
        [
          56.0,
          283.0
        ],
        [
          54.0,
          281.0
        ],
        [
          53.0,
          281.0
        ],
        [
          52.0,
          282.0
        ],
        [
          51.0,
          282.0
        ],
        [
          50.0,
          283.0
        ],
        [
          48.0,
          283.0
        ],
        [
          45.0,
          280.0
        ],
        [
          45.0,
          279.0
        ],
        [
          44.0,
          278.0
        ],
        [
          44.0,
          277.0
        ],
        [
          43.0,
          276.0
        ]
      ],
      "group_id": null,
      "shape_type": "polygon",
      "flags": {}
    },
    {
      "label": "weed",
      "text": "",
      "points": [
        [
          529.0,
          272.0
        ],
        [
          528.0,
          273.0
        ],
        [
          528.0,
          274.0
        ],
        [
          527.0,
          275.0
        ],
        [
          528.0,
          276.0
        ],
        [
          528.0,
          280.0
        ],
        [
          529.0,
          281.0
        ],
        [
          529.0,
          283.0
        ],
        [
          530.0,
          284.0
        ],
        [
          530.0,
          286.0
        ],
        [
          532.0,
          288.0
        ],
        [
          532.0,
          289.0
        ],
        [
          537.0,
          294.0
        ],
        [
          538.0,
          294.0
        ],
        [
          539.0,
          295.0
        ],
        [
          541.0,
          295.0
        ],
        [
          542.0,
          296.0
        ],
        [
          544.0,
          296.0
        ],
        [
          545.0,
          297.0
        ],
        [
          549.0,
          297.0
        ],
        [
          548.0,
          296.0
        ],
        [
          548.0,
          295.0
        ],
        [
          547.0,
          294.0
        ],
        [
          547.0,
          287.0
        ],
        [
          546.0,
          286.0
        ],
        [
          546.0,
          285.0
        ],
        [
          545.0,
          284.0
        ],
        [
          545.0,
          283.0
        ],
        [
          544.0,
          282.0
        ],
        [
          544.0,
          281.0
        ],
        [
          543.0,
          280.0
        ],
        [
          543.0,
          278.0
        ],
        [
          542.0,
          277.0
        ],
        [
          542.0,
          276.0
        ],
        [
          541.0,
          275.0
        ],
        [
          541.0,
          274.0
        ],
        [
          540.0,
          273.0
        ],
        [
          539.0,
          273.0
        ],
        [
          538.0,
          272.0
        ],
        [
          536.0,
          272.0
        ],
        [
          535.0,
          271.0
        ],
        [
          532.0,
          271.0
        ],
        [
          531.0,
          272.0
        ]
      ],
      "group_id": null,
      "shape_type": "polygon",
      "flags": {}
    },
    {
      "label": "weed",
      "text": "",
      "points": [
        [
          596.0,
          459.0
        ],
        [
          595.0,
          459.0
        ],
        [
          594.0,
          458.0
        ],
        [
          593.0,
          458.0
        ],
        [
          592.0,
          457.0
        ],
        [
          590.0,
          457.0
        ],
        [
          589.0,
          456.0
        ],
        [
          588.0,
          456.0
        ],
        [
          587.0,
          455.0
        ],
        [
          585.0,
          455.0
        ],
        [
          584.0,
          456.0
        ],
        [
          583.0,
          456.0
        ],
        [
          582.0,
          457.0
        ],
        [
          581.0,
          457.0
        ],
        [
          574.0,
          464.0
        ],
        [
          573.0,
          463.0
        ],
        [
          570.0,
          463.0
        ],
        [
          570.0,
          467.0
        ],
        [
          573.0,
          467.0
        ],
        [
          575.0,
          469.0
        ],
        [
          576.0,
          469.0
        ],
        [
          578.0,
          471.0
        ],
        [
          578.0,
          472.0
        ],
        [
          579.0,
          473.0
        ],
        [
          579.0,
          477.0
        ],
        [
          581.0,
          479.0
        ],
        [
          589.0,
          479.0
        ],
        [
          590.0,
          478.0
        ],
        [
          591.0,
          478.0
        ],
        [
          593.0,
          476.0
        ],
        [
          594.0,
          476.0
        ],
        [
          596.0,
          474.0
        ],
        [
          597.0,
          474.0
        ],
        [
          599.0,
          472.0
        ],
        [
          599.0,
          471.0
        ],
        [
          600.0,
          470.0
        ],
        [
          600.0,
          468.0
        ],
        [
          599.0,
          467.0
        ],
        [
          599.0,
          464.0
        ],
        [
          598.0,
          463.0
        ],
        [
          598.0,
          462.0
        ],
        [
          597.0,
          461.0
        ],
        [
          597.0,
          460.0
        ]
      ],
      "group_id": null,
      "shape_type": "polygon",
      "flags": {}
    },
    {
      "label": "weed",
      "text": "",
      "points": [
        [
          237.0,
          593.0
        ],
        [
          232.0,
          593.0
        ],
        [
          231.0,
          594.0
        ],
        [
          231.0,
          595.0
        ],
        [
          228.0,
          598.0
        ],
        [
          227.0,
          598.0
        ],
        [
          226.0,
          599.0
        ],
        [
          225.0,
          599.0
        ],
        [
          224.0,
          600.0
        ],
        [
          223.0,
          600.0
        ],
        [
          220.0,
          603.0
        ],
        [
          218.0,
          603.0
        ],
        [
          217.0,
          604.0
        ],
        [
          216.0,
          604.0
        ],
        [
          215.0,
          605.0
        ],
        [
          215.0,
          606.0
        ],
        [
          214.0,
          607.0
        ],
        [
          214.0,
          610.0
        ],
        [
          213.0,
          611.0
        ],
        [
          213.0,
          614.0
        ],
        [
          214.0,
          615.0
        ],
        [
          214.0,
          617.0
        ],
        [
          213.0,
          618.0
        ],
        [
          213.0,
          621.0
        ],
        [
          212.0,
          622.0
        ],
        [
          212.0,
          623.0
        ],
        [
          211.0,
          624.0
        ],
        [
          211.0,
          625.0
        ],
        [
          212.0,
          626.0
        ],
        [
          212.0,
          628.0
        ],
        [
          214.0,
          630.0
        ],
        [
          215.0,
          630.0
        ],
        [
          216.0,
          631.0
        ],
        [
          218.0,
          631.0
        ],
        [
          219.0,
          632.0
        ],
        [
          219.0,
          635.0
        ],
        [
          220.0,
          635.0
        ],
        [
          221.0,
          636.0
        ],
        [
          225.0,
          636.0
        ],
        [
          226.0,
          635.0
        ],
        [
          236.0,
          635.0
        ],
        [
          237.0,
          634.0
        ],
        [
          237.0,
          631.0
        ],
        [
          239.0,
          629.0
        ],
        [
          239.0,
          628.0
        ],
        [
          240.0,
          627.0
        ],
        [
          240.0,
          626.0
        ],
        [
          242.0,
          624.0
        ],
        [
          243.0,
          624.0
        ],
        [
          245.0,
          622.0
        ],
        [
          246.0,
          622.0
        ],
        [
          246.0,
          621.0
        ],
        [
          247.0,
          620.0
        ],
        [
          246.0,
          619.0
        ],
        [
          244.0,
          619.0
        ],
        [
          243.0,
          618.0
        ],
        [
          242.0,
          618.0
        ],
        [
          241.0,
          617.0
        ],
        [
          241.0,
          616.0
        ],
        [
          240.0,
          615.0
        ],
        [
          240.0,
          614.0
        ],
        [
          239.0,
          613.0
        ],
        [
          239.0,
          611.0
        ],
        [
          238.0,
          610.0
        ],
        [
          238.0,
          609.0
        ],
        [
          239.0,
          608.0
        ],
        [
          239.0,
          607.0
        ],
        [
          240.0,
          606.0
        ],
        [
          240.0,
          599.0
        ],
        [
          239.0,
          598.0
        ],
        [
          239.0,
          595.0
        ]
      ],
      "group_id": null,
      "shape_type": "polygon",
      "flags": {}
    },
    {
      "label": "weed",
      "text": "",
      "points": [
        [
          239.0,
          433.0
        ],
        [
          239.0,
          432.0
        ],
        [
          238.0,
          431.0
        ],
        [
          238.0,
          429.0
        ],
        [
          237.0,
          428.0
        ],
        [
          237.0,
          427.0
        ],
        [
          235.0,
          425.0
        ],
        [
          235.0,
          418.0
        ],
        [
          234.0,
          417.0
        ],
        [
          227.0,
          417.0
        ],
        [
          225.0,
          419.0
        ],
        [
          224.0,
          419.0
        ],
        [
          223.0,
          420.0
        ],
        [
          222.0,
          420.0
        ],
        [
          221.0,
          421.0
        ],
        [
          218.0,
          421.0
        ],
        [
          217.0,
          422.0
        ],
        [
          215.0,
          422.0
        ],
        [
          214.0,
          423.0
        ],
        [
          212.0,
          423.0
        ],
        [
          211.0,
          424.0
        ],
        [
          210.0,
          424.0
        ],
        [
          209.0,
          425.0
        ],
        [
          208.0,
          425.0
        ],
        [
          207.0,
          426.0
        ],
        [
          207.0,
          430.0
        ],
        [
          208.0,
          431.0
        ],
        [
          217.0,
          431.0
        ],
        [
          218.0,
          432.0
        ],
        [
          221.0,
          432.0
        ],
        [
          222.0,
          433.0
        ],
        [
          229.0,
          433.0
        ],
        [
          230.0,
          434.0
        ],
        [
          231.0,
          434.0
        ],
        [
          232.0,
          435.0
        ],
        [
          234.0,
          435.0
        ],
        [
          235.0,
          436.0
        ],
        [
          237.0,
          436.0
        ],
        [
          238.0,
          435.0
        ],
        [
          238.0,
          434.0
        ]
      ],
      "group_id": null,
      "shape_type": "polygon",
      "flags": {}
    }
  ],
  "imagePath": "..\\after_crop\\tile_4_7.jpg",
  "imageData": null,
  "imageHeight": 640,
  "imageWidth": 640
}