{
  "version": "0.3.3",
  "flags": {},
  "shapes": [
    {
      "label": "potato",
      "text": "",
      "points": [
        [
          117.0,
          35.0
        ],
        [
          118.0,
          36.0
        ],
        [
          118.0,
          37.0
        ],
        [
          123.0,
          37.0
        ],
        [
          124.0,
          36.0
        ],
        [
          128.0,
          36.0
        ],
        [
          129.0,
          37.0
        ],
        [
          130.0,
          40.0
        ],
        [
          134.0,
          44.0
        ],
        [
          134.0,
          45.0
        ],
        [
          135.0,
          46.0
        ],
        [
          135.0,
          49.0
        ],
        [
          134.0,
          50.0
        ],
        [
          134.0,
          52.0
        ],
        [
          133.0,
          53.0
        ],
        [
          133.0,
          57.0
        ],
        [
          132.0,
          58.0
        ],
        [
          132.0,
          64.0
        ],
        [
          133.0,
          65.0
        ],
        [
          133.0,
          66.0
        ],
        [
          134.0,
          66.0
        ],
        [
          135.0,
          67.0
        ],
        [
          145.0,
          67.0
        ],
        [
          146.0,
          66.0
        ],
        [
          147.0,
          66.0
        ],
        [
          152.0,
          63.0
        ],
        [
          160.0,
          63.0
        ],
        [
          163.0,
          60.0
        ],
        [
          163.0,
          59.0
        ],
        [
          164.0,
          58.0
        ],
        [
          164.0,
          56.0
        ],
        [
          163.0,
          55.0
        ],
        [
          163.0,
          54.0
        ],
        [
          165.0,
          52.0
        ],
        [
          167.0,
          52.0
        ],
        [
          171.0,
          56.0
        ],
        [
          171.0,
          58.0
        ],
        [
          173.0,
          60.0
        ],
        [
          173.0,
          61.0
        ],
        [
          174.0,
          62.0
        ],
        [
          180.0,
          62.0
        ],
        [
          181.0,
          61.0
        ],
        [
          182.0,
          61.0
        ],
        [
          183.0,
          60.0
        ],
        [
          186.0,
          59.0
        ],
        [
          191.0,
          55.0
        ],
        [
          192.0,
          55.0
        ],
        [
          195.0,
          52.0
        ],
        [
          195.0,
          51.0
        ],
        [
          196.0,
          50.0
        ],
        [
          196.0,
          47.0
        ],
        [
          199.0,
          44.0
        ],
        [
          201.0,
          44.0
        ],
        [
          202.0,
          43.0
        ],
        [
          207.0,
          43.0
        ],
        [
          208.0,
          42.0
        ],
        [
          209.0,
          42.0
        ],
        [
          211.0,
          40.0
        ],
        [
          211.0,
          31.0
        ],
        [
          214.0,
          26.0
        ],
        [
          214.0,
          24.0
        ],
        [
          215.0,
          23.0
        ],
        [
          215.0,
          21.0
        ],
        [
          217.0,
          19.0
        ],
        [
          218.0,
          19.0
        ],
        [
          219.0,
          18.0
        ],
        [
          221.0,
          18.0
        ],
        [
          222.0,
          17.0
        ],
        [
          223.0,
          17.0
        ],
        [
          225.0,
          15.0
        ],
        [
          227.0,
          15.0
        ],
        [
          228.0,
          14.0
        ],
        [
          231.0,
          13.0
        ],
        [
          232.0,
          12.0
        ],
        [
          232.0,
          10.0
        ],
        [
          233.0,
          9.0
        ],
        [
          233.0,
          7.0
        ],
        [
          234.0,
          6.0
        ],
        [
          234.0,
          4.0
        ],
        [
          235.0,
          3.0
        ],
        [
          236.0,
          0.0
        ],
        [
          120.0,
          0.0
        ],
        [
          120.0,
          2.0
        ],
        [
          121.0,
          3.0
        ],
        [
          121.0,
          5.0
        ],
        [
          126.0,
          10.0
        ],
        [
          126.0,
          11.0
        ],
        [
          127.0,
          12.0
        ],
        [
          127.0,
          14.0
        ],
        [
          126.0,
          15.0
        ],
        [
          126.0,
          17.0
        ],
        [
          120.0,
          24.0
        ],
        [
          120.0,
          25.0
        ],
        [
          118.0,
          28.0
        ],
        [
          118.0,
          31.0
        ],
        [
          117.0,
          32.0
        ]
      ],
      "group_id": null,
      "shape_type": "polygon",
      "flags": {}
    },
    {
      "label": "potato",
      "text": "",
      "points": [
        [
          478.0,
          534.0
        ],
        [
          476.0,
          532.0
        ],
        [
          474.0,
          532.0
        ],
        [
          473.0,
          531.0
        ],
        [
          467.0,
          531.0
        ],
        [
          466.0,
          532.0
        ],
        [
          461.0,
          532.0
        ],
        [
          459.0,
          530.0
        ],
        [
          459.0,
          528.0
        ],
        [
          458.0,
          527.0
        ],
        [
          458.0,
          523.0
        ],
        [
          457.0,
          522.0
        ],
        [
          457.0,
          521.0
        ],
        [
          456.0,
          520.0
        ],
        [
          455.0,
          520.0
        ],
        [
          454.0,
          519.0
        ],
        [
          453.0,
          519.0
        ],
        [
          452.0,
          518.0
        ],
        [
          451.0,
          518.0
        ],
        [
          450.0,
          517.0
        ],
        [
          448.0,
          517.0
        ],
        [
          447.0,
          516.0
        ],
        [
          440.0,
          516.0
        ],
        [
          438.0,
          518.0
        ],
        [
          437.0,
          518.0
        ],
        [
          436.0,
          519.0
        ],
        [
          436.0,
          520.0
        ],
        [
          435.0,
          521.0
        ],
        [
          435.0,
          525.0
        ],
        [
          432.0,
          528.0
        ],
        [
          425.0,
          528.0
        ],
        [
          423.0,
          530.0
        ],
        [
          423.0,
          536.0
        ],
        [
          424.0,
          537.0
        ],
        [
          424.0,
          539.0
        ],
        [
          425.0,
          540.0
        ],
        [
          425.0,
          546.0
        ],
        [
          430.0,
          551.0
        ],
        [
          430.0,
          553.0
        ],
        [
          426.0,
          557.0
        ],
        [
          425.0,
          557.0
        ],
        [
          424.0,
          558.0
        ],
        [
          424.0,
          559.0
        ],
        [
          423.0,
          560.0
        ],
        [
          423.0,
          561.0
        ],
        [
          421.0,
          563.0
        ],
        [
          421.0,
          570.0
        ],
        [
          422.0,
          571.0
        ],
        [
          422.0,
          572.0
        ],
        [
          425.0,
          575.0
        ],
        [
          432.0,
          575.0
        ],
        [
          433.0,
          574.0
        ],
        [
          435.0,
          574.0
        ],
        [
          436.0,
          573.0
        ],
        [
          437.0,
          573.0
        ],
        [
          440.0,
          570.0
        ],
        [
          441.0,
          570.0
        ],
        [
          442.0,
          569.0
        ],
        [
          443.0,
          569.0
        ],
        [
          444.0,
          568.0
        ],
        [
          445.0,
          568.0
        ],
        [
          446.0,
          567.0
        ],
        [
          449.0,
          567.0
        ],
        [
          453.0,
          571.0
        ],
        [
          454.0,
          571.0
        ],
        [
          455.0,
          572.0
        ],
        [
          456.0,
          572.0
        ],
        [
          457.0,
          573.0
        ],
        [
          458.0,
          573.0
        ],
        [
          459.0,
          572.0
        ],
        [
          460.0,
          572.0
        ],
        [
          460.0,
          571.0
        ],
        [
          463.0,
          568.0
        ],
        [
          463.0,
          565.0
        ],
        [
          464.0,
          564.0
        ],
        [
          464.0,
          563.0
        ],
        [
          472.0,
          555.0
        ],
        [
          472.0,
          554.0
        ],
        [
          475.0,
          551.0
        ],
        [
          476.0,
          551.0
        ],
        [
          479.0,
          548.0
        ],
        [
          479.0,
          536.0
        ],
        [
          478.0,
          535.0
        ]
      ],
      "group_id": null,
      "shape_type": "polygon",
      "flags": {}
    },
    {
      "label": "weed",
      "text": "",
      "points": [
        [
          335.0,
          135.0
        ],
        [
          334.0,
          134.0
        ],
        [
          334.0,
          133.0
        ],
        [
          333.0,
          132.0
        ],
        [
          332.0,
          132.0
        ],
        [
          331.0,
          131.0
        ],
        [
          325.0,
          131.0
        ],
        [
          324.0,
          132.0
        ],
        [
          317.0,
          132.0
        ],
        [
          316.0,
          133.0
        ],
        [
          315.0,
          133.0
        ],
        [
          315.0,
          134.0
        ],
        [
          314.0,
          135.0
        ],
        [
          314.0,
          138.0
        ],
        [
          313.0,
          139.0
        ],
        [
          313.0,
          140.0
        ],
        [
          314.0,
          141.0
        ],
        [
          314.0,
          142.0
        ],
        [
          315.0,
          143.0
        ],
        [
          318.0,
          143.0
        ],
        [
          319.0,
          144.0
        ],
        [
          327.0,
          144.0
        ],
        [
          328.0,
          143.0
        ],
        [
          331.0,
          143.0
        ],
        [
          334.0,
          140.0
        ],
        [
          334.0,
          139.0
        ],
        [
          335.0,
          138.0
        ]
      ],
      "group_id": null,
      "shape_type": "polygon",
      "flags": {}
    }
  ],
  "imagePath": "..\\after_crop\\tile_11_1.jpg",
  "imageData": null,
  "imageHeight": 640,
  "imageWidth": 640
}