{
  "version": "0.3.3",
  "flags": {},
  "shapes": [
    {
      "label": "potato",
      "text": "",
      "points": [
        [
          25.0,
          28.0
        ],
        [
          24.0,
          29.0
        ],
        [
          21.0,
          29.0
        ],
        [
          20.0,
          30.0
        ],
        [
          17.0,
          31.0
        ],
        [
          16.0,
          32.0
        ],
        [
          16.0,
          33.0
        ],
        [
          14.0,
          35.0
        ],
        [
          14.0,
          37.0
        ],
        [
          13.0,
          38.0
        ],
        [
          13.0,
          39.0
        ],
        [
          11.0,
          41.0
        ],
        [
          8.0,
          42.0
        ],
        [
          3.0,
          47.0
        ],
        [
          3.0,
          53.0
        ],
        [
          4.0,
          54.0
        ],
        [
          4.0,
          57.0
        ],
        [
          5.0,
          58.0
        ],
        [
          5.0,
          62.0
        ],
        [
          8.0,
          65.0
        ],
        [
          8.0,
          67.0
        ],
        [
          6.0,
          69.0
        ],
        [
          5.0,
          69.0
        ],
        [
          1.0,
          74.0
        ],
        [
          0.0,
          74.0
        ],
        [
          0.0,
          87.0
        ],
        [
          1.0,
          87.0
        ],
        [
          8.0,
          94.0
        ],
        [
          8.0,
          96.0
        ],
        [
          9.0,
          97.0
        ],
        [
          9.0,
          100.0
        ],
        [
          10.0,
          101.0
        ],
        [
          10.0,
          102.0
        ],
        [
          11.0,
          102.0
        ],
        [
          12.0,
          103.0
        ],
        [
          14.0,
          103.0
        ],
        [
          15.0,
          104.0
        ],
        [
          17.0,
          104.0
        ],
        [
          18.0,
          105.0
        ],
        [
          25.0,
          105.0
        ],
        [
          26.0,
          106.0
        ],
        [
          32.0,
          106.0
        ],
        [
          36.0,
          110.0
        ],
        [
          36.0,
          112.0
        ],
        [
          35.0,
          113.0
        ],
        [
          35.0,
          115.0
        ],
        [
          34.0,
          116.0
        ],
        [
          34.0,
          119.0
        ],
        [
          33.0,
          120.0
        ],
        [
          34.0,
          121.0
        ],
        [
          34.0,
          123.0
        ],
        [
          35.0,
          124.0
        ],
        [
          35.0,
          126.0
        ],
        [
          36.0,
          127.0
        ],
        [
          36.0,
          130.0
        ],
        [
          37.0,
          131.0
        ],
        [
          37.0,
          132.0
        ],
        [
          39.0,
          134.0
        ],
        [
          40.0,
          134.0
        ],
        [
          41.0,
          135.0
        ],
        [
          46.0,
          135.0
        ],
        [
          47.0,
          134.0
        ],
        [
          49.0,
          134.0
        ],
        [
          52.0,
          131.0
        ],
        [
          52.0,
          129.0
        ],
        [
          53.0,
          128.0
        ],
        [
          53.0,
          118.0
        ],
        [
          54.0,
          117.0
        ],
        [
          54.0,
          116.0
        ],
        [
          55.0,
          115.0
        ],
        [
          56.0,
          112.0
        ],
        [
          59.0,
          109.0
        ],
        [
          59.0,
          108.0
        ],
        [
          60.0,
          107.0
        ],
        [
          61.0,
          107.0
        ],
        [
          64.0,
          104.0
        ],
        [
          65.0,
          104.0
        ],
        [
          66.0,
          103.0
        ],
        [
          68.0,
          103.0
        ],
        [
          69.0,
          102.0
        ],
        [
          70.0,
          102.0
        ],
        [
          71.0,
          101.0
        ],
        [
          72.0,
          101.0
        ],
        [
          73.0,
          100.0
        ],
        [
          76.0,
          99.0
        ],
        [
          84.0,
          91.0
        ],
        [
          84.0,
          89.0
        ],
        [
          83.0,
          88.0
        ],
        [
          80.0,
          87.0
        ],
        [
          78.0,
          84.0
        ],
        [
          78.0,
          82.0
        ],
        [
          79.0,
          81.0
        ],
        [
          79.0,
          80.0
        ],
        [
          83.0,
          76.0
        ],
        [
          83.0,
          72.0
        ],
        [
          82.0,
          71.0
        ],
        [
          82.0,
          69.0
        ],
        [
          80.0,
          66.0
        ],
        [
          80.0,
          60.0
        ],
        [
          82.0,
          57.0
        ],
        [
          82.0,
          55.0
        ],
        [
          83.0,
          54.0
        ],
        [
          83.0,
          53.0
        ],
        [
          82.0,
          52.0
        ],
        [
          82.0,
          49.0
        ],
        [
          76.0,
          43.0
        ],
        [
          74.0,
          43.0
        ],
        [
          73.0,
          42.0
        ],
        [
          69.0,
          42.0
        ],
        [
          68.0,
          41.0
        ],
        [
          66.0,
          41.0
        ],
        [
          61.0,
          37.0
        ],
        [
          52.0,
          37.0
        ],
        [
          51.0,
          38.0
        ],
        [
          50.0,
          37.0
        ],
        [
          49.0,
          37.0
        ],
        [
          47.0,
          35.0
        ],
        [
          47.0,
          34.0
        ],
        [
          45.0,
          32.0
        ],
        [
          44.0,
          32.0
        ],
        [
          43.0,
          31.0
        ],
        [
          39.0,
          31.0
        ],
        [
          38.0,
          30.0
        ],
        [
          37.0,
          30.0
        ],
        [
          36.0,
          29.0
        ],
        [
          34.0,
          29.0
        ],
        [
          33.0,
          28.0
        ]
      ],
      "group_id": null,
      "shape_type": "polygon",
      "flags": {}
    },
    {
      "label": "potato",
      "text": "",
      "points": [
        [
          344.0,
          337.0
        ],
        [
          342.0,
          335.0
        ],
        [
          341.0,
          335.0
        ],
        [
          338.0,
          333.0
        ],
        [
          333.0,
          333.0
        ],
        [
          332.0,
          334.0
        ],
        [
          322.0,
          334.0
        ],
        [
          321.0,
          335.0
        ],
        [
          319.0,
          335.0
        ],
        [
          316.0,
          338.0
        ],
        [
          315.0,
          338.0
        ],
        [
          312.0,
          340.0
        ],
        [
          310.0,
          340.0
        ],
        [
          309.0,
          339.0
        ],
        [
          304.0,
          339.0
        ],
        [
          300.0,
          343.0
        ],
        [
          299.0,
          343.0
        ],
        [
          294.0,
          347.0
        ],
        [
          291.0,
          347.0
        ],
        [
          290.0,
          346.0
        ],
        [
          285.0,
          346.0
        ],
        [
          283.0,
          348.0
        ],
        [
          282.0,
          348.0
        ],
        [
          280.0,
          351.0
        ],
        [
          280.0,
          357.0
        ],
        [
          278.0,
          359.0
        ],
        [
          278.0,
          360.0
        ],
        [
          276.0,
          362.0
        ],
        [
          276.0,
          363.0
        ],
        [
          275.0,
          364.0
        ],
        [
          275.0,
          366.0
        ],
        [
          279.0,
          370.0
        ],
        [
          279.0,
          372.0
        ],
        [
          277.0,
          374.0
        ],
        [
          274.0,
          374.0
        ],
        [
          273.0,
          373.0
        ],
        [
          268.0,
          373.0
        ],
        [
          267.0,
          374.0
        ],
        [
          265.0,
          374.0
        ],
        [
          262.0,
          376.0
        ],
        [
          262.0,
          382.0
        ],
        [
          263.0,
          383.0
        ],
        [
          263.0,
          385.0
        ],
        [
          264.0,
          386.0
        ],
        [
          264.0,
          388.0
        ],
        [
          265.0,
          389.0
        ],
        [
          265.0,
          391.0
        ],
        [
          262.0,
          394.0
        ],
        [
          260.0,
          394.0
        ],
        [
          257.0,
          397.0
        ],
        [
          257.0,
          398.0
        ],
        [
          256.0,
          399.0
        ],
        [
          256.0,
          411.0
        ],
        [
          258.0,
          413.0
        ],
        [
          259.0,
          413.0
        ],
        [
          262.0,
          415.0
        ],
        [
          268.0,
          415.0
        ],
        [
          269.0,
          414.0
        ],
        [
          272.0,
          414.0
        ],
        [
          273.0,
          413.0
        ],
        [
          275.0,
          413.0
        ],
        [
          277.0,
          416.0
        ],
        [
          277.0,
          421.0
        ],
        [
          278.0,
          422.0
        ],
        [
          279.0,
          425.0
        ],
        [
          282.0,
          428.0
        ],
        [
          282.0,
          429.0
        ],
        [
          283.0,
          429.0
        ],
        [
          284.0,
          430.0
        ],
        [
          287.0,
          430.0
        ],
        [
          288.0,
          429.0
        ],
        [
          288.0,
          428.0
        ],
        [
          290.0,
          426.0
        ],
        [
          291.0,
          426.0
        ],
        [
          294.0,
          423.0
        ],
        [
          300.0,
          423.0
        ],
        [
          301.0,
          422.0
        ],
        [
          302.0,
          422.0
        ],
        [
          304.0,
          420.0
        ],
        [
          305.0,
          420.0
        ],
        [
          311.0,
          426.0
        ],
        [
          313.0,
          426.0
        ],
        [
          314.0,
          427.0
        ],
        [
          317.0,
          427.0
        ],
        [
          318.0,
          426.0
        ],
        [
          320.0,
          426.0
        ],
        [
          323.0,
          421.0
        ],
        [
          323.0,
          419.0
        ],
        [
          324.0,
          418.0
        ],
        [
          324.0,
          416.0
        ],
        [
          325.0,
          415.0
        ],
        [
          325.0,
          412.0
        ],
        [
          324.0,
          411.0
        ],
        [
          324.0,
          409.0
        ],
        [
          322.0,
          406.0
        ],
        [
          324.0,
          404.0
        ],
        [
          334.0,
          404.0
        ],
        [
          336.0,
          402.0
        ],
        [
          336.0,
          400.0
        ],
        [
          337.0,
          399.0
        ],
        [
          337.0,
          397.0
        ],
        [
          338.0,
          396.0
        ],
        [
          338.0,
          394.0
        ],
        [
          337.0,
          393.0
        ],
        [
          337.0,
          390.0
        ],
        [
          336.0,
          389.0
        ],
        [
          336.0,
          383.0
        ],
        [
          337.0,
          382.0
        ],
        [
          337.0,
          381.0
        ],
        [
          339.0,
          379.0
        ],
        [
          339.0,
          378.0
        ],
        [
          341.0,
          376.0
        ],
        [
          341.0,
          375.0
        ],
        [
          340.0,
          374.0
        ],
        [
          340.0,
          373.0
        ],
        [
          335.0,
          368.0
        ],
        [
          335.0,
          367.0
        ],
        [
          334.0,
          366.0
        ],
        [
          334.0,
          363.0
        ],
        [
          337.0,
          360.0
        ],
        [
          337.0,
          359.0
        ],
        [
          338.0,
          358.0
        ],
        [
          338.0,
          357.0
        ],
        [
          341.0,
          352.0
        ],
        [
          341.0,
          349.0
        ],
        [
          342.0,
          348.0
        ],
        [
          342.0,
          346.0
        ],
        [
          344.0,
          343.0
        ]
      ],
      "group_id": null,
      "shape_type": "polygon",
      "flags": {}
    },
    {
      "label": "potato",
      "text": "",
      "points": [
        [
          258.0,
          106.0
        ],
        [
          256.0,
          109.0
        ],
        [
          256.0,
          111.0
        ],
        [
          257.0,
          112.0
        ],
        [
          258.0,
          115.0
        ],
        [
          259.0,
          116.0
        ],
        [
          260.0,
          116.0
        ],
        [
          264.0,
          120.0
        ],
        [
          264.0,
          121.0
        ],
        [
          267.0,
          126.0
        ],
        [
          267.0,
          128.0
        ],
        [
          268.0,
          129.0
        ],
        [
          268.0,
          130.0
        ],
        [
          267.0,
          131.0
        ],
        [
          267.0,
          137.0
        ],
        [
          266.0,
          138.0
        ],
        [
          266.0,
          140.0
        ],
        [
          265.0,
          141.0
        ],
        [
          264.0,
          146.0
        ],
        [
          258.0,
          152.0
        ],
        [
          258.0,
          153.0
        ],
        [
          257.0,
          154.0
        ],
        [
          257.0,
          156.0
        ],
        [
          260.0,
          159.0
        ],
        [
          261.0,
          159.0
        ],
        [
          268.0,
          163.0
        ],
        [
          268.0,
          164.0
        ],
        [
          269.0,
          165.0
        ],
        [
          269.0,
          172.0
        ],
        [
          271.0,
          174.0
        ],
        [
          275.0,
          174.0
        ],
        [
          276.0,
          173.0
        ],
        [
          278.0,
          173.0
        ],
        [
          279.0,
          172.0
        ],
        [
          285.0,
          172.0
        ],
        [
          289.0,
          176.0
        ],
        [
          289.0,
          177.0
        ],
        [
          290.0,
          178.0
        ],
        [
          292.0,
          178.0
        ],
        [
          293.0,
          179.0
        ],
        [
          295.0,
          179.0
        ],
        [
          296.0,
          180.0
        ],
        [
          300.0,
          180.0
        ],
        [
          305.0,
          185.0
        ],
        [
          305.0,
          186.0
        ],
        [
          307.0,
          188.0
        ],
        [
          307.0,
          189.0
        ],
        [
          308.0,
          189.0
        ],
        [
          311.0,
          191.0
        ],
        [
          312.0,
          191.0
        ],
        [
          316.0,
          188.0
        ],
        [
          318.0,
          188.0
        ],
        [
          319.0,
          187.0
        ],
        [
          322.0,
          191.0
        ],
        [
          325.0,
          192.0
        ],
        [
          327.0,
          194.0
        ],
        [
          330.0,
          194.0
        ],
        [
          334.0,
          197.0
        ],
        [
          336.0,
          197.0
        ],
        [
          337.0,
          196.0
        ],
        [
          338.0,
          196.0
        ],
        [
          338.0,
          195.0
        ],
        [
          340.0,
          192.0
        ],
        [
          340.0,
          189.0
        ],
        [
          341.0,
          188.0
        ],
        [
          341.0,
          177.0
        ],
        [
          340.0,
          176.0
        ],
        [
          340.0,
          162.0
        ],
        [
          344.0,
          158.0
        ],
        [
          345.0,
          158.0
        ],
        [
          346.0,
          157.0
        ],
        [
          346.0,
          156.0
        ],
        [
          349.0,
          153.0
        ],
        [
          349.0,
          152.0
        ],
        [
          350.0,
          151.0
        ],
        [
          350.0,
          149.0
        ],
        [
          351.0,
          148.0
        ],
        [
          351.0,
          146.0
        ],
        [
          352.0,
          145.0
        ],
        [
          352.0,
          137.0
        ],
        [
          351.0,
          136.0
        ],
        [
          352.0,
          135.0
        ],
        [
          352.0,
          132.0
        ],
        [
          354.0,
          130.0
        ],
        [
          354.0,
          129.0
        ],
        [
          356.0,
          126.0
        ],
        [
          356.0,
          125.0
        ],
        [
          353.0,
          120.0
        ],
        [
          353.0,
          118.0
        ],
        [
          350.0,
          114.0
        ],
        [
          350.0,
          113.0
        ],
        [
          345.0,
          108.0
        ],
        [
          342.0,
          108.0
        ],
        [
          341.0,
          107.0
        ],
        [
          332.0,
          107.0
        ],
        [
          331.0,
          108.0
        ],
        [
          327.0,
          108.0
        ],
        [
          326.0,
          107.0
        ],
        [
          326.0,
          98.0
        ],
        [
          327.0,
          97.0
        ],
        [
          327.0,
          90.0
        ],
        [
          324.0,
          87.0
        ],
        [
          322.0,
          87.0
        ],
        [
          321.0,
          88.0
        ],
        [
          320.0,
          88.0
        ],
        [
          319.0,
          91.0
        ],
        [
          315.0,
          95.0
        ],
        [
          313.0,
          95.0
        ],
        [
          305.0,
          104.0
        ],
        [
          304.0,
          104.0
        ],
        [
          297.0,
          100.0
        ],
        [
          295.0,
          100.0
        ],
        [
          294.0,
          99.0
        ],
        [
          292.0,
          99.0
        ],
        [
          291.0,
          98.0
        ],
        [
          289.0,
          98.0
        ],
        [
          288.0,
          99.0
        ],
        [
          287.0,
          99.0
        ],
        [
          284.0,
          102.0
        ],
        [
          284.0,
          104.0
        ],
        [
          283.0,
          105.0
        ],
        [
          283.0,
          109.0
        ],
        [
          282.0,
          110.0
        ],
        [
          282.0,
          111.0
        ],
        [
          278.0,
          115.0
        ],
        [
          277.0,
          114.0
        ],
        [
          275.0,
          114.0
        ],
        [
          273.0,
          112.0
        ],
        [
          272.0,
          109.0
        ],
        [
          271.0,
          109.0
        ],
        [
          269.0,
          107.0
        ],
        [
          267.0,
          107.0
        ],
        [
          266.0,
          106.0
        ],
        [
          264.0,
          106.0
        ],
        [
          263.0,
          105.0
        ],
        [
          260.0,
          105.0
        ],
        [
          259.0,
          106.0
        ]
      ],
      "group_id": null,
      "shape_type": "polygon",
      "flags": {}
    },
    {
      "label": "weed",
      "text": "",
      "points": [
        [
          32.0,
          0.0
        ],
        [
          32.0,
          9.0
        ],
        [
          33.0,
          10.0
        ],
        [
          33.0,
          12.0
        ],
        [
          34.0,
          13.0
        ],
        [
          34.0,
          15.0
        ],
        [
          35.0,
          16.0
        ],
        [
          35.0,
          18.0
        ],
        [
          37.0,
          20.0
        ],
        [
          38.0,
          20.0
        ],
        [
          39.0,
          21.0
        ],
        [
          46.0,
          21.0
        ],
        [
          47.0,
          20.0
        ],
        [
          47.0,
          19.0
        ],
        [
          49.0,
          17.0
        ],
        [
          49.0,
          16.0
        ],
        [
          50.0,
          15.0
        ],
        [
          50.0,
          14.0
        ],
        [
          51.0,
          13.0
        ],
        [
          51.0,
          2.0
        ],
        [
          50.0,
          1.0
        ],
        [
          50.0,
          0.0
        ]
      ],
      "group_id": null,
      "shape_type": "polygon",
      "flags": {}
    },
    {
      "label": "weed",
      "text": "",
      "points": [
        [
          13.0,
          194.0
        ],
        [
          12.0,
          195.0
        ],
        [
          12.0,
          196.0
        ],
        [
          11.0,
          197.0
        ],
        [
          11.0,
          198.0
        ],
        [
          10.0,
          199.0
        ],
        [
          10.0,
          200.0
        ],
        [
          9.0,
          201.0
        ],
        [
          9.0,
          203.0
        ],
        [
          8.0,
          204.0
        ],
        [
          8.0,
          206.0
        ],
        [
          7.0,
          207.0
        ],
        [
          7.0,
          208.0
        ],
        [
          8.0,
          209.0
        ],
        [
          8.0,
          211.0
        ],
        [
          13.0,
          216.0
        ],
        [
          15.0,
          216.0
        ],
        [
          16.0,
          217.0
        ],
        [
          17.0,
          216.0
        ],
        [
          18.0,
          216.0
        ],
        [
          20.0,
          214.0
        ],
        [
          20.0,
          213.0
        ],
        [
          21.0,
          212.0
        ],
        [
          21.0,
          210.0
        ],
        [
          22.0,
          209.0
        ],
        [
          22.0,
          208.0
        ],
        [
          23.0,
          207.0
        ],
        [
          23.0,
          202.0
        ],
        [
          20.0,
          199.0
        ],
        [
          20.0,
          198.0
        ],
        [
          18.0,
          196.0
        ],
        [
          18.0,
          195.0
        ],
        [
          17.0,
          194.0
        ]
      ],
      "group_id": null,
      "shape_type": "polygon",
      "flags": {}
    },
    {
      "label": "weed",
      "text": "",
      "points": [
        [
          40.0,
          241.0
        ],
        [
          38.0,
          243.0
        ],
        [
          38.0,
          244.0
        ],
        [
          37.0,
          245.0
        ],
        [
          37.0,
          247.0
        ],
        [
          36.0,
          248.0
        ],
        [
          36.0,
          262.0
        ],
        [
          35.0,
          263.0
        ],
        [
          36.0,
          264.0
        ],
        [
          36.0,
          266.0
        ],
        [
          37.0,
          267.0
        ],
        [
          37.0,
          269.0
        ],
        [
          38.0,
          270.0
        ],
        [
          38.0,
          271.0
        ],
        [
          39.0,
          272.0
        ],
        [
          39.0,
          274.0
        ],
        [
          40.0,
          275.0
        ],
        [
          40.0,
          279.0
        ],
        [
          41.0,
          280.0
        ],
        [
          41.0,
          287.0
        ],
        [
          43.0,
          289.0
        ],
        [
          44.0,
          289.0
        ],
        [
          45.0,
          288.0
        ],
        [
          47.0,
          288.0
        ],
        [
          48.0,
          287.0
        ],
        [
          49.0,
          287.0
        ],
        [
          50.0,
          286.0
        ],
        [
          51.0,
          286.0
        ],
        [
          52.0,
          285.0
        ],
        [
          52.0,
          283.0
        ],
        [
          53.0,
          282.0
        ],
        [
          53.0,
          281.0
        ],
        [
          54.0,
          280.0
        ],
        [
          54.0,
          278.0
        ],
        [
          55.0,
          277.0
        ],
        [
          55.0,
          276.0
        ],
        [
          56.0,
          275.0
        ],
        [
          56.0,
          274.0
        ],
        [
          57.0,
          273.0
        ],
        [
          57.0,
          272.0
        ],
        [
          58.0,
          271.0
        ],
        [
          58.0,
          270.0
        ],
        [
          57.0,
          269.0
        ],
        [
          57.0,
          268.0
        ],
        [
          53.0,
          264.0
        ],
        [
          52.0,
          264.0
        ],
        [
          49.0,
          261.0
        ],
        [
          49.0,
          260.0
        ],
        [
          48.0,
          259.0
        ],
        [
          48.0,
          249.0
        ],
        [
          47.0,
          248.0
        ],
        [
          47.0,
          247.0
        ],
        [
          46.0,
          246.0
        ],
        [
          46.0,
          245.0
        ],
        [
          42.0,
          241.0
        ]
      ],
      "group_id": null,
      "shape_type": "polygon",
      "flags": {}
    },
    {
      "label": "weed",
      "text": "",
      "points": [
        [
          30.0,
          484.0
        ],
        [
          29.0,
          485.0
        ],
        [
          27.0,
          485.0
        ],
        [
          26.0,
          486.0
        ],
        [
          25.0,
          486.0
        ],
        [
          24.0,
          487.0
        ],
        [
          24.0,
          488.0
        ],
        [
          23.0,
          489.0
        ],
        [
          23.0,
          490.0
        ],
        [
          22.0,
          491.0
        ],
        [
          22.0,
          493.0
        ],
        [
          21.0,
          494.0
        ],
        [
          21.0,
          497.0
        ],
        [
          20.0,
          498.0
        ],
        [
          20.0,
          501.0
        ],
        [
          21.0,
          502.0
        ],
        [
          21.0,
          503.0
        ],
        [
          22.0,
          504.0
        ],
        [
          22.0,
          505.0
        ],
        [
          27.0,
          510.0
        ],
        [
          28.0,
          510.0
        ],
        [
          29.0,
          511.0
        ],
        [
          30.0,
          511.0
        ],
        [
          31.0,
          512.0
        ],
        [
          32.0,
          512.0
        ],
        [
          33.0,
          511.0
        ],
        [
          34.0,
          511.0
        ],
        [
          39.0,
          506.0
        ],
        [
          39.0,
          505.0
        ],
        [
          42.0,
          502.0
        ],
        [
          42.0,
          501.0
        ],
        [
          43.0,
          500.0
        ],
        [
          43.0,
          498.0
        ],
        [
          44.0,
          497.0
        ],
        [
          44.0,
          492.0
        ],
        [
          43.0,
          491.0
        ],
        [
          43.0,
          490.0
        ],
        [
          42.0,
          490.0
        ],
        [
          38.0,
          486.0
        ],
        [
          37.0,
          486.0
        ],
        [
          36.0,
          485.0
        ],
        [
          34.0,
          485.0
        ],
        [
          33.0,
          484.0
        ]
      ],
      "group_id": null,
      "shape_type": "polygon",
      "flags": {}
    },
    {
      "label": "potato",
      "text": "",
      "points": [
        [
          63.0,
          610.0
        ],
        [
          61.0,
          608.0
        ],
        [
          60.0,
          608.0
        ],
        [
          59.0,
          607.0
        ],
        [
          52.0,
          607.0
        ],
        [
          50.0,
          609.0
        ],
        [
          46.0,
          609.0
        ],
        [
          45.0,
          608.0
        ],
        [
          39.0,
          608.0
        ],
        [
          37.0,
          610.0
        ],
        [
          37.0,
          611.0
        ],
        [
          36.0,
          612.0
        ],
        [
          36.0,
          619.0
        ],
        [
          35.0,
          620.0
        ],
        [
          35.0,
          622.0
        ],
        [
          34.0,
          623.0
        ],
        [
          34.0,
          626.0
        ],
        [
          35.0,
          627.0
        ],
        [
          35.0,
          630.0
        ],
        [
          36.0,
          631.0
        ],
        [
          35.0,
          632.0
        ],
        [
          35.0,
          633.0
        ],
        [
          34.0,
          634.0
        ],
        [
          34.0,
          635.0
        ],
        [
          32.0,
          637.0
        ],
        [
          32.0,
          639.0
        ],
        [
          62.0,
          639.0
        ],
        [
          62.0,
          638.0
        ],
        [
          63.0,
          637.0
        ],
        [
          63.0,
          634.0
        ],
        [
          68.0,
          629.0
        ],
        [
          68.0,
          628.0
        ],
        [
          69.0,
          627.0
        ],
        [
          69.0,
          622.0
        ],
        [
          68.0,
          621.0
        ],
        [
          68.0,
          620.0
        ],
        [
          65.0,
          617.0
        ],
        [
          65.0,
          616.0
        ],
        [
          64.0,
          615.0
        ],
        [
          64.0,
          613.0
        ],
        [
          63.0,
          612.0
        ]
      ],
      "group_id": null,
      "shape_type": "polygon",
      "flags": {}
    },
    {
      "label": "potato",
      "text": "",
      "points": [
        [
          307.0,
          591.0
        ],
        [
          306.0,
          592.0
        ],
        [
          305.0,
          592.0
        ],
        [
          300.0,
          597.0
        ],
        [
          300.0,
          598.0
        ],
        [
          299.0,
          599.0
        ],
        [
          299.0,
          600.0
        ],
        [
          298.0,
          601.0
        ],
        [
          298.0,
          603.0
        ],
        [
          297.0,
          604.0
        ],
        [
          297.0,
          605.0
        ],
        [
          299.0,
          607.0
        ],
        [
          300.0,
          607.0
        ],
        [
          303.0,
          610.0
        ],
        [
          303.0,
          611.0
        ],
        [
          305.0,
          613.0
        ],
        [
          305.0,
          614.0
        ],
        [
          306.0,
          615.0
        ],
        [
          306.0,
          616.0
        ],
        [
          307.0,
          617.0
        ],
        [
          307.0,
          618.0
        ],
        [
          308.0,
          619.0
        ],
        [
          308.0,
          621.0
        ],
        [
          309.0,
          622.0
        ],
        [
          309.0,
          623.0
        ],
        [
          312.0,
          626.0
        ],
        [
          313.0,
          625.0
        ],
        [
          317.0,
          625.0
        ],
        [
          318.0,
          624.0
        ],
        [
          319.0,
          624.0
        ],
        [
          320.0,
          623.0
        ],
        [
          321.0,
          623.0
        ],
        [
          322.0,
          622.0
        ],
        [
          322.0,
          621.0
        ],
        [
          323.0,
          620.0
        ],
        [
          323.0,
          619.0
        ],
        [
          324.0,
          618.0
        ],
        [
          324.0,
          617.0
        ],
        [
          326.0,
          615.0
        ],
        [
          326.0,
          614.0
        ],
        [
          328.0,
          612.0
        ],
        [
          329.0,
          612.0
        ],
        [
          330.0,
          611.0
        ],
        [
          331.0,
          611.0
        ],
        [
          333.0,
          609.0
        ],
        [
          333.0,
          604.0
        ],
        [
          332.0,
          603.0
        ],
        [
          332.0,
          602.0
        ],
        [
          330.0,
          600.0
        ],
        [
          328.0,
          600.0
        ],
        [
          326.0,
          598.0
        ],
        [
          325.0,
          598.0
        ],
        [
          319.0,
          592.0
        ],
        [
          318.0,
          592.0
        ],
        [
          317.0,
          591.0
        ]
      ],
      "group_id": null,
      "shape_type": "polygon",
      "flags": {}
    },
    {
      "label": "weed",
      "text": "",
      "points": [
        [
          471.0,
          263.0
        ],
        [
          467.0,
          263.0
        ],
        [
          466.0,
          264.0
        ],
        [
          465.0,
          264.0
        ],
        [
          464.0,
          265.0
        ],
        [
          463.0,
          265.0
        ],
        [
          462.0,
          266.0
        ],
        [
          461.0,
          266.0
        ],
        [
          460.0,
          267.0
        ],
        [
          459.0,
          267.0
        ],
        [
          458.0,
          268.0
        ],
        [
          457.0,
          268.0
        ],
        [
          454.0,
          271.0
        ],
        [
          454.0,
          274.0
        ],
        [
          455.0,
          275.0
        ],
        [
          455.0,
          276.0
        ],
        [
          456.0,
          277.0
        ],
        [
          456.0,
          278.0
        ],
        [
          457.0,
          279.0
        ],
        [
          457.0,
          280.0
        ],
        [
          460.0,
          283.0
        ],
        [
          460.0,
          284.0
        ],
        [
          461.0,
          285.0
        ],
        [
          462.0,
          285.0
        ],
        [
          463.0,
          286.0
        ],
        [
          464.0,
          286.0
        ],
        [
          465.0,
          287.0
        ],
        [
          466.0,
          286.0
        ],
        [
          467.0,
          286.0
        ],
        [
          468.0,
          285.0
        ],
        [
          469.0,
          285.0
        ],
        [
          471.0,
          283.0
        ],
        [
          472.0,
          283.0
        ],
        [
          473.0,
          282.0
        ],
        [
          474.0,
          282.0
        ],
        [
          475.0,
          281.0
        ],
        [
          475.0,
          280.0
        ],
        [
          476.0,
          279.0
        ],
        [
          476.0,
          277.0
        ],
        [
          477.0,
          276.0
        ],
        [
          477.0,
          274.0
        ],
        [
          478.0,
          273.0
        ],
        [
          478.0,
          270.0
        ],
        [
          476.0,
          268.0
        ],
        [
          475.0,
          268.0
        ],
        [
          472.0,
          265.0
        ],
        [
          472.0,
          264.0
        ]
      ],
      "group_id": null,
      "shape_type": "polygon",
      "flags": {}
    },
    {
      "label": "weed",
      "text": "",
      "points": [
        [
          473.0,
          439.0
        ],
        [
          472.0,
          439.0
        ],
        [
          471.0,
          438.0
        ],
        [
          467.0,
          438.0
        ],
        [
          466.0,
          439.0
        ],
        [
          463.0,
          439.0
        ],
        [
          462.0,
          440.0
        ],
        [
          461.0,
          440.0
        ],
        [
          458.0,
          443.0
        ],
        [
          458.0,
          445.0
        ],
        [
          456.0,
          447.0
        ],
        [
          456.0,
          449.0
        ],
        [
          457.0,
          450.0
        ],
        [
          457.0,
          452.0
        ],
        [
          458.0,
          453.0
        ],
        [
          458.0,
          459.0
        ],
        [
          464.0,
          459.0
        ],
        [
          465.0,
          458.0
        ],
        [
          466.0,
          458.0
        ],
        [
          467.0,
          457.0
        ],
        [
          468.0,
          457.0
        ],
        [
          469.0,
          456.0
        ],
        [
          470.0,
          456.0
        ],
        [
          470.0,
          455.0
        ],
        [
          471.0,
          454.0
        ],
        [
          471.0,
          453.0
        ],
        [
          473.0,
          451.0
        ],
        [
          473.0,
          450.0
        ],
        [
          474.0,
          449.0
        ],
        [
          474.0,
          448.0
        ],
        [
          475.0,
          447.0
        ],
        [
          475.0,
          441.0
        ]
      ],
      "group_id": null,
      "shape_type": "polygon",
      "flags": {}
    },
    {
      "label": "weed",
      "text": "",
      "points": [
        [
          463.0,
          388.0
        ],
        [
          463.0,
          389.0
        ],
        [
          462.0,
          390.0
        ],
        [
          462.0,
          393.0
        ],
        [
          463.0,
          394.0
        ],
        [
          463.0,
          395.0
        ],
        [
          465.0,
          397.0
        ],
        [
          475.0,
          397.0
        ],
        [
          475.0,
          396.0
        ],
        [
          476.0,
          395.0
        ],
        [
          476.0,
          392.0
        ],
        [
          477.0,
          391.0
        ],
        [
          476.0,
          390.0
        ],
        [
          476.0,
          387.0
        ],
        [
          474.0,
          387.0
        ],
        [
          473.0,
          386.0
        ],
        [
          468.0,
          386.0
        ],
        [
          467.0,
          387.0
        ],
        [
          464.0,
          387.0
        ]
      ],
      "group_id": null,
      "shape_type": "polygon",
      "flags": {}
    }
  ],
  "imagePath": "..\\after_crop\\tile_7_8.jpg",
  "imageData": null,
  "imageHeight": 640,
  "imageWidth": 640
}