{
  "version": "0.3.3",
  "flags": {},
  "shapes": [
    {
      "label": "potato",
      "text": "",
      "points": [
        [
          199.0,
          153.0
        ],
        [
          198.0,
          154.0
        ],
        [
          197.0,
          154.0
        ],
        [
          196.0,
          155.0
        ],
        [
          195.0,
          155.0
        ],
        [
          193.0,
          157.0
        ],
        [
          193.0,
          158.0
        ],
        [
          192.0,
          159.0
        ],
        [
          192.0,
          166.0
        ],
        [
          193.0,
          167.0
        ],
        [
          193.0,
          170.0
        ],
        [
          194.0,
          171.0
        ],
        [
          194.0,
          172.0
        ],
        [
          195.0,
          173.0
        ],
        [
          195.0,
          175.0
        ],
        [
          196.0,
          176.0
        ],
        [
          196.0,
          178.0
        ],
        [
          197.0,
          179.0
        ],
        [
          197.0,
          181.0
        ],
        [
          199.0,
          183.0
        ],
        [
          199.0,
          184.0
        ],
        [
          201.0,
          186.0
        ],
        [
          201.0,
          187.0
        ],
        [
          203.0,
          189.0
        ],
        [
          203.0,
          190.0
        ],
        [
          204.0,
          191.0
        ],
        [
          205.0,
          191.0
        ],
        [
          206.0,
          192.0
        ],
        [
          207.0,
          192.0
        ],
        [
          208.0,
          193.0
        ],
        [
          210.0,
          193.0
        ],
        [
          211.0,
          192.0
        ],
        [
          212.0,
          192.0
        ],
        [
          213.0,
          191.0
        ],
        [
          214.0,
          191.0
        ],
        [
          215.0,
          190.0
        ],
        [
          215.0,
          189.0
        ],
        [
          216.0,
          188.0
        ],
        [
          216.0,
          184.0
        ],
        [
          217.0,
          183.0
        ],
        [
          217.0,
          180.0
        ],
        [
          218.0,
          179.0
        ],
        [
          218.0,
          178.0
        ],
        [
          222.0,
          174.0
        ],
        [
          222.0,
          173.0
        ],
        [
          223.0,
          172.0
        ],
        [
          223.0,
          167.0
        ],
        [
          222.0,
          166.0
        ],
        [
          222.0,
          165.0
        ],
        [
          221.0,
          164.0
        ],
        [
          220.0,
          164.0
        ],
        [
          219.0,
          163.0
        ],
        [
          218.0,
          163.0
        ],
        [
          216.0,
          165.0
        ],
        [
          215.0,
          165.0
        ],
        [
          214.0,
          166.0
        ],
        [
          212.0,
          166.0
        ],
        [
          211.0,
          167.0
        ],
        [
          209.0,
          165.0
        ],
        [
          209.0,
          164.0
        ],
        [
          208.0,
          163.0
        ],
        [
          208.0,
          160.0
        ],
        [
          207.0,
          159.0
        ],
        [
          207.0,
          156.0
        ],
        [
          206.0,
          155.0
        ],
        [
          206.0,
          154.0
        ],
        [
          205.0,
          153.0
        ]
      ],
      "group_id": null,
      "shape_type": "polygon",
      "flags": {}
    },
    {
      "label": "potato",
      "text": "",
      "points": [
        [
          206.0,
          276.0
        ],
        [
          203.0,
          279.0
        ],
        [
          203.0,
          280.0
        ],
        [
          202.0,
          281.0
        ],
        [
          202.0,
          282.0
        ],
        [
          201.0,
          283.0
        ],
        [
          201.0,
          288.0
        ],
        [
          200.0,
          289.0
        ],
        [
          200.0,
          291.0
        ],
        [
          199.0,
          292.0
        ],
        [
          199.0,
          293.0
        ],
        [
          198.0,
          294.0
        ],
        [
          198.0,
          297.0
        ],
        [
          199.0,
          298.0
        ],
        [
          199.0,
          299.0
        ],
        [
          200.0,
          300.0
        ],
        [
          200.0,
          302.0
        ],
        [
          201.0,
          303.0
        ],
        [
          201.0,
          304.0
        ],
        [
          204.0,
          307.0
        ],
        [
          205.0,
          307.0
        ],
        [
          206.0,
          308.0
        ],
        [
          206.0,
          309.0
        ],
        [
          207.0,
          310.0
        ],
        [
          208.0,
          310.0
        ],
        [
          209.0,
          311.0
        ],
        [
          211.0,
          311.0
        ],
        [
          212.0,
          312.0
        ],
        [
          213.0,
          312.0
        ],
        [
          214.0,
          313.0
        ],
        [
          216.0,
          313.0
        ],
        [
          220.0,
          309.0
        ],
        [
          220.0,
          308.0
        ],
        [
          221.0,
          307.0
        ],
        [
          221.0,
          299.0
        ],
        [
          220.0,
          298.0
        ],
        [
          220.0,
          297.0
        ],
        [
          216.0,
          293.0
        ],
        [
          216.0,
          292.0
        ],
        [
          215.0,
          291.0
        ],
        [
          215.0,
          285.0
        ],
        [
          214.0,
          284.0
        ],
        [
          214.0,
          283.0
        ],
        [
          213.0,
          282.0
        ],
        [
          213.0,
          281.0
        ],
        [
          208.0,
          276.0
        ]
      ],
      "group_id": null,
      "shape_type": "polygon",
      "flags": {}
    },
    {
      "label": "potato",
      "text": "",
      "points": [
        [
          483.0,
          19.0
        ],
        [
          477.0,
          19.0
        ],
        [
          476.0,
          20.0
        ],
        [
          472.0,
          20.0
        ],
        [
          471.0,
          21.0
        ],
        [
          468.0,
          21.0
        ],
        [
          467.0,
          20.0
        ],
        [
          464.0,
          20.0
        ],
        [
          463.0,
          19.0
        ],
        [
          458.0,
          19.0
        ],
        [
          457.0,
          20.0
        ],
        [
          457.0,
          21.0
        ],
        [
          455.0,
          23.0
        ],
        [
          455.0,
          25.0
        ],
        [
          454.0,
          26.0
        ],
        [
          454.0,
          31.0
        ],
        [
          455.0,
          32.0
        ],
        [
          455.0,
          34.0
        ],
        [
          456.0,
          35.0
        ],
        [
          455.0,
          36.0
        ],
        [
          455.0,
          37.0
        ],
        [
          454.0,
          38.0
        ],
        [
          454.0,
          39.0
        ],
        [
          453.0,
          40.0
        ],
        [
          453.0,
          42.0
        ],
        [
          452.0,
          43.0
        ],
        [
          452.0,
          44.0
        ],
        [
          451.0,
          45.0
        ],
        [
          451.0,
          46.0
        ],
        [
          444.0,
          53.0
        ],
        [
          443.0,
          53.0
        ],
        [
          441.0,
          55.0
        ],
        [
          441.0,
          56.0
        ],
        [
          440.0,
          57.0
        ],
        [
          441.0,
          58.0
        ],
        [
          441.0,
          59.0
        ],
        [
          442.0,
          60.0
        ],
        [
          442.0,
          61.0
        ],
        [
          443.0,
          61.0
        ],
        [
          445.0,
          63.0
        ],
        [
          446.0,
          63.0
        ],
        [
          449.0,
          66.0
        ],
        [
          449.0,
          67.0
        ],
        [
          450.0,
          68.0
        ],
        [
          450.0,
          69.0
        ],
        [
          453.0,
          72.0
        ],
        [
          454.0,
          72.0
        ],
        [
          455.0,
          73.0
        ],
        [
          456.0,
          73.0
        ],
        [
          457.0,
          74.0
        ],
        [
          458.0,
          74.0
        ],
        [
          460.0,
          76.0
        ],
        [
          462.0,
          76.0
        ],
        [
          463.0,
          77.0
        ],
        [
          467.0,
          77.0
        ],
        [
          470.0,
          74.0
        ],
        [
          470.0,
          73.0
        ],
        [
          474.0,
          69.0
        ],
        [
          478.0,
          69.0
        ],
        [
          479.0,
          68.0
        ],
        [
          481.0,
          68.0
        ],
        [
          482.0,
          67.0
        ],
        [
          483.0,
          67.0
        ],
        [
          485.0,
          65.0
        ],
        [
          485.0,
          64.0
        ],
        [
          487.0,
          62.0
        ],
        [
          487.0,
          61.0
        ],
        [
          488.0,
          60.0
        ],
        [
          488.0,
          59.0
        ],
        [
          489.0,
          58.0
        ],
        [
          489.0,
          53.0
        ],
        [
          488.0,
          52.0
        ],
        [
          488.0,
          51.0
        ],
        [
          485.0,
          48.0
        ],
        [
          484.0,
          48.0
        ],
        [
          480.0,
          44.0
        ],
        [
          479.0,
          44.0
        ],
        [
          478.0,
          43.0
        ],
        [
          477.0,
          43.0
        ],
        [
          474.0,
          40.0
        ],
        [
          474.0,
          38.0
        ],
        [
          476.0,
          36.0
        ],
        [
          476.0,
          35.0
        ],
        [
          477.0,
          34.0
        ],
        [
          478.0,
          34.0
        ],
        [
          480.0,
          32.0
        ],
        [
          481.0,
          32.0
        ],
        [
          482.0,
          31.0
        ],
        [
          483.0,
          31.0
        ],
        [
          485.0,
          29.0
        ],
        [
          485.0,
          27.0
        ],
        [
          486.0,
          26.0
        ],
        [
          486.0,
          22.0
        ]
      ],
      "group_id": null,
      "shape_type": "polygon",
      "flags": {}
    },
    {
      "label": "potato",
      "text": "",
      "points": [
        [
          455.0,
          120.0
        ],
        [
          453.0,
          122.0
        ],
        [
          452.0,
          124.0
        ],
        [
          452.0,
          126.0
        ],
        [
          450.0,
          128.0
        ],
        [
          449.0,
          130.0
        ],
        [
          449.0,
          132.0
        ],
        [
          448.0,
          133.0
        ],
        [
          449.0,
          134.0
        ],
        [
          449.0,
          137.0
        ],
        [
          451.0,
          139.0
        ],
        [
          451.0,
          149.0
        ],
        [
          447.0,
          153.0
        ],
        [
          439.0,
          148.0
        ],
        [
          436.0,
          148.0
        ],
        [
          432.0,
          151.0
        ],
        [
          432.0,
          160.0
        ],
        [
          434.0,
          164.0
        ],
        [
          442.0,
          172.0
        ],
        [
          443.0,
          174.0
        ],
        [
          443.0,
          183.0
        ],
        [
          447.0,
          187.0
        ],
        [
          449.0,
          187.0
        ],
        [
          453.0,
          189.0
        ],
        [
          455.0,
          192.0
        ],
        [
          455.0,
          196.0
        ],
        [
          453.0,
          199.0
        ],
        [
          452.0,
          206.0
        ],
        [
          451.0,
          207.0
        ],
        [
          451.0,
          209.0
        ],
        [
          449.0,
          213.0
        ],
        [
          449.0,
          218.0
        ],
        [
          450.0,
          219.0
        ],
        [
          455.0,
          220.0
        ],
        [
          460.0,
          217.0
        ],
        [
          463.0,
          217.0
        ],
        [
          469.0,
          223.0
        ],
        [
          474.0,
          219.0
        ],
        [
          479.0,
          209.0
        ],
        [
          481.0,
          207.0
        ],
        [
          490.0,
          207.0
        ],
        [
          492.0,
          206.0
        ],
        [
          496.0,
          209.0
        ],
        [
          496.0,
          211.0
        ],
        [
          498.0,
          214.0
        ],
        [
          498.0,
          216.0
        ],
        [
          500.0,
          218.0
        ],
        [
          510.0,
          222.0
        ],
        [
          514.0,
          226.0
        ],
        [
          516.0,
          227.0
        ],
        [
          522.0,
          227.0
        ],
        [
          526.0,
          225.0
        ],
        [
          528.0,
          223.0
        ],
        [
          530.0,
          219.0
        ],
        [
          530.0,
          216.0
        ],
        [
          529.0,
          214.0
        ],
        [
          524.0,
          210.0
        ],
        [
          521.0,
          210.0
        ],
        [
          521.0,
          211.0
        ],
        [
          519.0,
          213.0
        ],
        [
          514.0,
          213.0
        ],
        [
          509.0,
          208.0
        ],
        [
          509.0,
          206.0
        ],
        [
          507.0,
          203.0
        ],
        [
          507.0,
          201.0
        ],
        [
          506.0,
          199.0
        ],
        [
          507.0,
          198.0
        ],
        [
          507.0,
          196.0
        ],
        [
          509.0,
          193.0
        ],
        [
          509.0,
          191.0
        ],
        [
          511.0,
          187.0
        ],
        [
          513.0,
          187.0
        ],
        [
          518.0,
          183.0
        ],
        [
          522.0,
          183.0
        ],
        [
          527.0,
          179.0
        ],
        [
          529.0,
          179.0
        ],
        [
          530.0,
          178.0
        ],
        [
          533.0,
          178.0
        ],
        [
          537.0,
          176.0
        ],
        [
          540.0,
          173.0
        ],
        [
          541.0,
          171.0
        ],
        [
          541.0,
          168.0
        ],
        [
          537.0,
          165.0
        ],
        [
          530.0,
          165.0
        ],
        [
          526.0,
          168.0
        ],
        [
          524.0,
          168.0
        ],
        [
          522.0,
          167.0
        ],
        [
          519.0,
          163.0
        ],
        [
          516.0,
          163.0
        ],
        [
          514.0,
          164.0
        ],
        [
          511.0,
          160.0
        ],
        [
          511.0,
          158.0
        ],
        [
          510.0,
          157.0
        ],
        [
          510.0,
          154.0
        ],
        [
          508.0,
          152.0
        ],
        [
          508.0,
          151.0
        ],
        [
          506.0,
          150.0
        ],
        [
          501.0,
          150.0
        ],
        [
          500.0,
          149.0
        ],
        [
          495.0,
          149.0
        ],
        [
          493.0,
          148.0
        ],
        [
          489.0,
          144.0
        ],
        [
          494.0,
          140.0
        ],
        [
          494.0,
          134.0
        ],
        [
          492.0,
          131.0
        ],
        [
          489.0,
          131.0
        ],
        [
          488.0,
          130.0
        ],
        [
          485.0,
          132.0
        ],
        [
          481.0,
          132.0
        ],
        [
          477.0,
          128.0
        ],
        [
          476.0,
          128.0
        ],
        [
          467.0,
          118.0
        ],
        [
          465.0,
          118.0
        ],
        [
          462.0,
          120.0
        ]
      ],
      "group_id": null,
      "shape_type": "polygon",
      "flags": {}
    },
    {
      "label": "potato",
      "text": "",
      "points": [
        [
          481.0,
          394.0
        ],
        [
          479.0,
          396.0
        ],
        [
          479.0,
          397.0
        ],
        [
          478.0,
          398.0
        ],
        [
          478.0,
          399.0
        ],
        [
          473.0,
          404.0
        ],
        [
          473.0,
          405.0
        ],
        [
          472.0,
          406.0
        ],
        [
          472.0,
          407.0
        ],
        [
          466.0,
          413.0
        ],
        [
          466.0,
          416.0
        ],
        [
          467.0,
          417.0
        ],
        [
          468.0,
          417.0
        ],
        [
          470.0,
          419.0
        ],
        [
          470.0,
          421.0
        ],
        [
          471.0,
          422.0
        ],
        [
          471.0,
          430.0
        ],
        [
          474.0,
          433.0
        ],
        [
          474.0,
          434.0
        ],
        [
          475.0,
          435.0
        ],
        [
          476.0,
          435.0
        ],
        [
          477.0,
          436.0
        ],
        [
          478.0,
          436.0
        ],
        [
          479.0,
          437.0
        ],
        [
          489.0,
          437.0
        ],
        [
          490.0,
          436.0
        ],
        [
          492.0,
          436.0
        ],
        [
          493.0,
          435.0
        ],
        [
          494.0,
          435.0
        ],
        [
          495.0,
          434.0
        ],
        [
          495.0,
          433.0
        ],
        [
          498.0,
          430.0
        ],
        [
          503.0,
          430.0
        ],
        [
          505.0,
          428.0
        ],
        [
          506.0,
          428.0
        ],
        [
          507.0,
          427.0
        ],
        [
          508.0,
          427.0
        ],
        [
          509.0,
          426.0
        ],
        [
          510.0,
          426.0
        ],
        [
          510.0,
          425.0
        ],
        [
          511.0,
          424.0
        ],
        [
          511.0,
          422.0
        ],
        [
          512.0,
          421.0
        ],
        [
          512.0,
          420.0
        ],
        [
          511.0,
          419.0
        ],
        [
          511.0,
          417.0
        ],
        [
          510.0,
          416.0
        ],
        [
          510.0,
          415.0
        ],
        [
          509.0,
          415.0
        ],
        [
          507.0,
          413.0
        ],
        [
          506.0,
          413.0
        ],
        [
          503.0,
          410.0
        ],
        [
          501.0,
          410.0
        ],
        [
          500.0,
          409.0
        ],
        [
          498.0,
          409.0
        ],
        [
          497.0,
          408.0
        ],
        [
          496.0,
          408.0
        ],
        [
          493.0,
          405.0
        ],
        [
          493.0,
          403.0
        ],
        [
          492.0,
          402.0
        ],
        [
          492.0,
          399.0
        ],
        [
          491.0,
          398.0
        ],
        [
          491.0,
          397.0
        ],
        [
          489.0,
          395.0
        ],
        [
          488.0,
          395.0
        ],
        [
          487.0,
          394.0
        ]
      ],
      "group_id": null,
      "shape_type": "polygon",
      "flags": {}
    },
    {
      "label": "weed",
      "text": "",
      "points": [
        [
          86.0,
          448.0
        ],
        [
          85.0,
          449.0
        ],
        [
          84.0,
          449.0
        ],
        [
          81.0,
          452.0
        ],
        [
          81.0,
          454.0
        ],
        [
          80.0,
          455.0
        ],
        [
          80.0,
          461.0
        ],
        [
          81.0,
          462.0
        ],
        [
          81.0,
          463.0
        ],
        [
          83.0,
          465.0
        ],
        [
          83.0,
          471.0
        ],
        [
          82.0,
          472.0
        ],
        [
          82.0,
          473.0
        ],
        [
          84.0,
          475.0
        ],
        [
          86.0,
          475.0
        ],
        [
          87.0,
          476.0
        ],
        [
          88.0,
          476.0
        ],
        [
          89.0,
          477.0
        ],
        [
          92.0,
          477.0
        ],
        [
          96.0,
          481.0
        ],
        [
          96.0,
          482.0
        ],
        [
          97.0,
          483.0
        ],
        [
          97.0,
          484.0
        ],
        [
          99.0,
          486.0
        ],
        [
          100.0,
          486.0
        ],
        [
          101.0,
          485.0
        ],
        [
          103.0,
          485.0
        ],
        [
          107.0,
          481.0
        ],
        [
          109.0,
          481.0
        ],
        [
          110.0,
          480.0
        ],
        [
          110.0,
          476.0
        ],
        [
          108.0,
          474.0
        ],
        [
          108.0,
          473.0
        ],
        [
          105.0,
          470.0
        ],
        [
          104.0,
          470.0
        ],
        [
          103.0,
          469.0
        ],
        [
          103.0,
          468.0
        ],
        [
          102.0,
          467.0
        ],
        [
          102.0,
          465.0
        ],
        [
          101.0,
          464.0
        ],
        [
          101.0,
          462.0
        ],
        [
          100.0,
          461.0
        ],
        [
          100.0,
          459.0
        ],
        [
          99.0,
          458.0
        ],
        [
          99.0,
          457.0
        ],
        [
          97.0,
          455.0
        ],
        [
          96.0,
          455.0
        ],
        [
          93.0,
          452.0
        ],
        [
          92.0,
          452.0
        ],
        [
          88.0,
          448.0
        ]
      ],
      "group_id": null,
      "shape_type": "polygon",
      "flags": {}
    },
    {
      "label": "weed",
      "text": "",
      "points": [
        [
          394.0,
          327.0
        ],
        [
          393.0,
          328.0
        ],
        [
          391.0,
          328.0
        ],
        [
          390.0,
          329.0
        ],
        [
          389.0,
          329.0
        ],
        [
          386.0,
          332.0
        ],
        [
          385.0,
          332.0
        ],
        [
          382.0,
          335.0
        ],
        [
          381.0,
          335.0
        ],
        [
          380.0,
          336.0
        ],
        [
          380.0,
          342.0
        ],
        [
          381.0,
          343.0
        ],
        [
          381.0,
          347.0
        ],
        [
          382.0,
          348.0
        ],
        [
          382.0,
          350.0
        ],
        [
          390.0,
          358.0
        ],
        [
          391.0,
          358.0
        ],
        [
          392.0,
          359.0
        ],
        [
          393.0,
          359.0
        ],
        [
          394.0,
          360.0
        ],
        [
          395.0,
          360.0
        ],
        [
          396.0,
          361.0
        ],
        [
          397.0,
          361.0
        ],
        [
          402.0,
          366.0
        ],
        [
          405.0,
          366.0
        ],
        [
          406.0,
          365.0
        ],
        [
          407.0,
          365.0
        ],
        [
          409.0,
          363.0
        ],
        [
          410.0,
          363.0
        ],
        [
          411.0,
          362.0
        ],
        [
          411.0,
          361.0
        ],
        [
          412.0,
          360.0
        ],
        [
          412.0,
          359.0
        ],
        [
          413.0,
          358.0
        ],
        [
          413.0,
          357.0
        ],
        [
          414.0,
          356.0
        ],
        [
          414.0,
          340.0
        ],
        [
          413.0,
          339.0
        ],
        [
          413.0,
          338.0
        ],
        [
          411.0,
          336.0
        ],
        [
          410.0,
          336.0
        ],
        [
          409.0,
          335.0
        ],
        [
          409.0,
          334.0
        ],
        [
          408.0,
          333.0
        ],
        [
          408.0,
          332.0
        ],
        [
          407.0,
          331.0
        ],
        [
          407.0,
          330.0
        ],
        [
          405.0,
          328.0
        ],
        [
          404.0,
          328.0
        ],
        [
          403.0,
          327.0
        ]
      ],
      "group_id": null,
      "shape_type": "polygon",
      "flags": {}
    },
    {
      "label": "weed",
      "text": "",
      "points": [
        [
          514.0,
          534.0
        ],
        [
          513.0,
          535.0
        ],
        [
          511.0,
          535.0
        ],
        [
          509.0,
          537.0
        ],
        [
          508.0,
          537.0
        ],
        [
          506.0,
          539.0
        ],
        [
          501.0,
          539.0
        ],
        [
          500.0,
          538.0
        ],
        [
          496.0,
          538.0
        ],
        [
          496.0,
          539.0
        ],
        [
          495.0,
          540.0
        ],
        [
          495.0,
          546.0
        ],
        [
          496.0,
          547.0
        ],
        [
          496.0,
          558.0
        ],
        [
          495.0,
          559.0
        ],
        [
          495.0,
          560.0
        ],
        [
          496.0,
          561.0
        ],
        [
          496.0,
          564.0
        ],
        [
          497.0,
          565.0
        ],
        [
          497.0,
          566.0
        ],
        [
          510.0,
          579.0
        ],
        [
          512.0,
          579.0
        ],
        [
          513.0,
          578.0
        ],
        [
          513.0,
          577.0
        ],
        [
          514.0,
          576.0
        ],
        [
          514.0,
          569.0
        ],
        [
          515.0,
          568.0
        ],
        [
          515.0,
          563.0
        ],
        [
          516.0,
          562.0
        ],
        [
          516.0,
          559.0
        ],
        [
          517.0,
          558.0
        ],
        [
          517.0,
          557.0
        ],
        [
          518.0,
          556.0
        ],
        [
          518.0,
          549.0
        ],
        [
          516.0,
          547.0
        ],
        [
          516.0,
          546.0
        ],
        [
          512.0,
          542.0
        ],
        [
          512.0,
          538.0
        ],
        [
          513.0,
          537.0
        ],
        [
          513.0,
          535.0
        ]
      ],
      "group_id": null,
      "shape_type": "polygon",
      "flags": {}
    },
    {
      "label": "weed",
      "text": "",
      "points": [
        [
          623.0,
          612.0
        ],
        [
          622.0,
          613.0
        ],
        [
          621.0,
          613.0
        ],
        [
          620.0,
          614.0
        ],
        [
          619.0,
          614.0
        ],
        [
          618.0,
          615.0
        ],
        [
          617.0,
          615.0
        ],
        [
          615.0,
          617.0
        ],
        [
          614.0,
          616.0
        ],
        [
          611.0,
          616.0
        ],
        [
          610.0,
          615.0
        ],
        [
          606.0,
          615.0
        ],
        [
          605.0,
          616.0
        ],
        [
          604.0,
          616.0
        ],
        [
          604.0,
          617.0
        ],
        [
          603.0,
          618.0
        ],
        [
          603.0,
          624.0
        ],
        [
          604.0,
          625.0
        ],
        [
          606.0,
          625.0
        ],
        [
          607.0,
          626.0
        ],
        [
          610.0,
          626.0
        ],
        [
          611.0,
          625.0
        ],
        [
          613.0,
          625.0
        ],
        [
          614.0,
          624.0
        ],
        [
          615.0,
          624.0
        ],
        [
          619.0,
          620.0
        ],
        [
          619.0,
          619.0
        ],
        [
          620.0,
          618.0
        ],
        [
          621.0,
          618.0
        ],
        [
          623.0,
          616.0
        ]
      ],
      "group_id": null,
      "shape_type": "polygon",
      "flags": {}
    }
  ],
  "imagePath": "..\\after_crop\\tile_11_8.jpg",
  "imageData": null,
  "imageHeight": 640,
  "imageWidth": 640
}