{
  "version": "0.3.3",
  "flags": {},
  "shapes": [
    {
      "label": "weed",
      "text": "",
      "points": [
        [
          120.0,
          59.0
        ],
        [
          120.0,
          62.0
        ],
        [
          124.0,
          66.0
        ],
        [
          125.0,
          66.0
        ],
        [
          126.0,
          67.0
        ],
        [
          130.0,
          67.0
        ],
        [
          131.0,
          66.0
        ],
        [
          133.0,
          66.0
        ],
        [
          134.0,
          65.0
        ],
        [
          135.0,
          65.0
        ],
        [
          136.0,
          64.0
        ],
        [
          137.0,
          64.0
        ],
        [
          139.0,
          62.0
        ],
        [
          139.0,
          59.0
        ],
        [
          138.0,
          58.0
        ],
        [
          138.0,
          57.0
        ],
        [
          136.0,
          55.0
        ],
        [
          134.0,
          55.0
        ],
        [
          133.0,
          54.0
        ],
        [
          130.0,
          54.0
        ],
        [
          129.0,
          53.0
        ],
        [
          128.0,
          53.0
        ],
        [
          127.0,
          54.0
        ],
        [
          126.0,
          54.0
        ],
        [
          125.0,
          55.0
        ],
        [
          124.0,
          55.0
        ]
      ],
      "group_id": null,
      "shape_type": "polygon",
      "flags": {}
    },
    {
      "label": "weed",
      "text": "",
      "points": [
        [
          145.0,
          88.0
        ],
        [
          144.0,
          88.0
        ],
        [
          143.0,
          87.0
        ],
        [
          141.0,
          87.0
        ],
        [
          140.0,
          86.0
        ],
        [
          135.0,
          86.0
        ],
        [
          130.0,
          91.0
        ],
        [
          130.0,
          93.0
        ],
        [
          129.0,
          94.0
        ],
        [
          129.0,
          107.0
        ],
        [
          130.0,
          107.0
        ],
        [
          131.0,
          108.0
        ],
        [
          134.0,
          108.0
        ],
        [
          135.0,
          107.0
        ],
        [
          138.0,
          107.0
        ],
        [
          139.0,
          106.0
        ],
        [
          140.0,
          106.0
        ],
        [
          144.0,
          102.0
        ],
        [
          144.0,
          99.0
        ],
        [
          146.0,
          97.0
        ],
        [
          146.0,
          96.0
        ],
        [
          147.0,
          95.0
        ],
        [
          147.0,
          94.0
        ],
        [
          148.0,
          93.0
        ],
        [
          148.0,
          92.0
        ],
        [
          147.0,
          91.0
        ],
        [
          147.0,
          90.0
        ]
      ],
      "group_id": null,
      "shape_type": "polygon",
      "flags": {}
    },
    {
      "label": "weed",
      "text": "",
      "points": [
        [
          128.0,
          218.0
        ],
        [
          126.0,
          220.0
        ],
        [
          126.0,
          222.0
        ],
        [
          125.0,
          223.0
        ],
        [
          125.0,
          230.0
        ],
        [
          126.0,
          231.0
        ],
        [
          126.0,
          232.0
        ],
        [
          128.0,
          234.0
        ],
        [
          132.0,
          234.0
        ],
        [
          133.0,
          233.0
        ],
        [
          135.0,
          233.0
        ],
        [
          136.0,
          232.0
        ],
        [
          136.0,
          231.0
        ],
        [
          137.0,
          230.0
        ],
        [
          137.0,
          229.0
        ],
        [
          138.0,
          228.0
        ],
        [
          138.0,
          222.0
        ],
        [
          135.0,
          219.0
        ],
        [
          133.0,
          219.0
        ],
        [
          132.0,
          218.0
        ]
      ],
      "group_id": null,
      "shape_type": "polygon",
      "flags": {}
    },
    {
      "label": "weed",
      "text": "",
      "points": [
        [
          129.0,
          321.0
        ],
        [
          127.0,
          321.0
        ],
        [
          126.0,
          320.0
        ],
        [
          125.0,
          320.0
        ],
        [
          124.0,
          321.0
        ],
        [
          120.0,
          321.0
        ],
        [
          119.0,
          322.0
        ],
        [
          118.0,
          322.0
        ],
        [
          117.0,
          323.0
        ],
        [
          116.0,
          323.0
        ],
        [
          114.0,
          325.0
        ],
        [
          113.0,
          325.0
        ],
        [
          112.0,
          326.0
        ],
        [
          110.0,
          326.0
        ],
        [
          109.0,
          327.0
        ],
        [
          108.0,
          327.0
        ],
        [
          106.0,
          329.0
        ],
        [
          106.0,
          330.0
        ],
        [
          105.0,
          331.0
        ],
        [
          105.0,
          338.0
        ],
        [
          106.0,
          339.0
        ],
        [
          106.0,
          341.0
        ],
        [
          107.0,
          342.0
        ],
        [
          107.0,
          343.0
        ],
        [
          110.0,
          346.0
        ],
        [
          113.0,
          346.0
        ],
        [
          116.0,
          343.0
        ],
        [
          117.0,
          343.0
        ],
        [
          118.0,
          342.0
        ],
        [
          120.0,
          342.0
        ],
        [
          121.0,
          341.0
        ],
        [
          122.0,
          341.0
        ],
        [
          124.0,
          339.0
        ],
        [
          125.0,
          339.0
        ],
        [
          126.0,
          338.0
        ],
        [
          126.0,
          337.0
        ],
        [
          127.0,
          336.0
        ],
        [
          127.0,
          333.0
        ],
        [
          128.0,
          332.0
        ],
        [
          128.0,
          329.0
        ],
        [
          129.0,
          328.0
        ]
      ],
      "group_id": null,
      "shape_type": "polygon",
      "flags": {}
    },
    {
      "label": "weed",
      "text": "",
      "points": [
        [
          104.0,
          403.0
        ],
        [
          104.0,
          408.0
        ],
        [
          105.0,
          409.0
        ],
        [
          105.0,
          410.0
        ],
        [
          106.0,
          411.0
        ],
        [
          106.0,
          412.0
        ],
        [
          107.0,
          413.0
        ],
        [
          107.0,
          416.0
        ],
        [
          108.0,
          417.0
        ],
        [
          108.0,
          422.0
        ],
        [
          109.0,
          423.0
        ],
        [
          109.0,
          438.0
        ],
        [
          110.0,
          439.0
        ],
        [
          110.0,
          440.0
        ],
        [
          111.0,
          440.0
        ],
        [
          112.0,
          441.0
        ],
        [
          133.0,
          441.0
        ],
        [
          134.0,
          440.0
        ],
        [
          136.0,
          440.0
        ],
        [
          139.0,
          437.0
        ],
        [
          139.0,
          436.0
        ],
        [
          140.0,
          435.0
        ],
        [
          140.0,
          426.0
        ],
        [
          139.0,
          425.0
        ],
        [
          139.0,
          424.0
        ],
        [
          135.0,
          420.0
        ],
        [
          134.0,
          420.0
        ],
        [
          130.0,
          416.0
        ],
        [
          130.0,
          415.0
        ],
        [
          129.0,
          414.0
        ],
        [
          129.0,
          412.0
        ],
        [
          128.0,
          411.0
        ],
        [
          128.0,
          407.0
        ],
        [
          125.0,
          404.0
        ],
        [
          124.0,
          404.0
        ],
        [
          123.0,
          403.0
        ],
        [
          121.0,
          403.0
        ],
        [
          120.0,
          402.0
        ],
        [
          115.0,
          402.0
        ],
        [
          114.0,
          401.0
        ],
        [
          110.0,
          401.0
        ],
        [
          109.0,
          402.0
        ],
        [
          106.0,
          402.0
        ],
        [
          105.0,
          403.0
        ]
      ],
      "group_id": null,
      "shape_type": "polygon",
      "flags": {}
    },
    {
      "label": "potato",
      "text": "",
      "points": [
        [
          627.0,
          572.0
        ],
        [
          626.0,
          573.0
        ],
        [
          623.0,
          573.0
        ],
        [
          622.0,
          574.0
        ],
        [
          621.0,
          574.0
        ],
        [
          620.0,
          575.0
        ],
        [
          619.0,
          575.0
        ],
        [
          616.0,
          578.0
        ],
        [
          616.0,
          579.0
        ],
        [
          615.0,
          580.0
        ],
        [
          615.0,
          587.0
        ],
        [
          617.0,
          589.0
        ],
        [
          617.0,
          590.0
        ],
        [
          618.0,
          591.0
        ],
        [
          619.0,
          591.0
        ],
        [
          624.0,
          596.0
        ],
        [
          624.0,
          597.0
        ],
        [
          625.0,
          598.0
        ],
        [
          625.0,
          602.0
        ],
        [
          624.0,
          603.0
        ],
        [
          624.0,
          610.0
        ],
        [
          625.0,
          611.0
        ],
        [
          625.0,
          613.0
        ],
        [
          628.0,
          616.0
        ],
        [
          630.0,
          616.0
        ],
        [
          631.0,
          617.0
        ],
        [
          635.0,
          617.0
        ],
        [
          636.0,
          616.0
        ],
        [
          638.0,
          616.0
        ],
        [
          638.0,
          615.0
        ],
        [
          639.0,
          614.0
        ],
        [
          639.0,
          573.0
        ],
        [
          638.0,
          572.0
        ]
      ],
      "group_id": null,
      "shape_type": "polygon",
      "flags": {}
    }
  ],
  "imagePath": "..\\after_crop\\tile_6_7.jpg",
  "imageData": null,
  "imageHeight": 640,
  "imageWidth": 640
}