{
  "version": "0.3.3",
  "flags": {},
  "shapes": [
    {
      "label": "potato",
      "text": "",
      "points": [
        [
          167.0,
          556.0
        ],
        [
          165.0,
          554.0
        ],
        [
          154.0,
          554.0
        ],
        [
          153.0,
          555.0
        ],
        [
          149.0,
          555.0
        ],
        [
          148.0,
          556.0
        ],
        [
          146.0,
          556.0
        ],
        [
          143.0,
          558.0
        ],
        [
          139.0,
          558.0
        ],
        [
          134.0,
          552.0
        ],
        [
          132.0,
          547.0
        ],
        [
          129.0,
          544.0
        ],
        [
          124.0,
          544.0
        ],
        [
          123.0,
          545.0
        ],
        [
          121.0,
          545.0
        ],
        [
          117.0,
          547.0
        ],
        [
          115.0,
          549.0
        ],
        [
          115.0,
          551.0
        ],
        [
          113.0,
          555.0
        ],
        [
          110.0,
          558.0
        ],
        [
          106.0,
          554.0
        ],
        [
          106.0,
          553.0
        ],
        [
          104.0,
          553.0
        ],
        [
          103.0,
          552.0
        ],
        [
          100.0,
          552.0
        ],
        [
          99.0,
          553.0
        ],
        [
          97.0,
          553.0
        ],
        [
          95.0,
          555.0
        ],
        [
          92.0,
          561.0
        ],
        [
          92.0,
          570.0
        ],
        [
          91.0,
          571.0
        ],
        [
          90.0,
          570.0
        ],
        [
          87.0,
          570.0
        ],
        [
          84.0,
          572.0
        ],
        [
          82.0,
          572.0
        ],
        [
          78.0,
          575.0
        ],
        [
          77.0,
          575.0
        ],
        [
          75.0,
          577.0
        ],
        [
          71.0,
          579.0
        ],
        [
          70.0,
          586.0
        ],
        [
          72.0,
          588.0
        ],
        [
          77.0,
          589.0
        ],
        [
          80.0,
          592.0
        ],
        [
          81.0,
          594.0
        ],
        [
          81.0,
          599.0
        ],
        [
          83.0,
          603.0
        ],
        [
          83.0,
          607.0
        ],
        [
          81.0,
          609.0
        ],
        [
          79.0,
          609.0
        ],
        [
          78.0,
          608.0
        ],
        [
          72.0,
          608.0
        ],
        [
          72.0,
          609.0
        ],
        [
          68.0,
          613.0
        ],
        [
          68.0,
          614.0
        ],
        [
          65.0,
          617.0
        ],
        [
          63.0,
          621.0
        ],
        [
          63.0,
          624.0
        ],
        [
          65.0,
          628.0
        ],
        [
          65.0,
          632.0
        ],
        [
          59.0,
          638.0
        ],
        [
          60.0,
          639.0
        ],
        [
          168.0,
          639.0
        ],
        [
          174.0,
          635.0
        ],
        [
          176.0,
          635.0
        ],
        [
          180.0,
          631.0
        ],
        [
          180.0,
          629.0
        ],
        [
          181.0,
          628.0
        ],
        [
          181.0,
          625.0
        ],
        [
          183.0,
          621.0
        ],
        [
          183.0,
          616.0
        ],
        [
          180.0,
          613.0
        ],
        [
          177.0,
          613.0
        ],
        [
          174.0,
          611.0
        ],
        [
          166.0,
          611.0
        ],
        [
          165.0,
          610.0
        ],
        [
          165.0,
          601.0
        ],
        [
          166.0,
          600.0
        ],
        [
          166.0,
          598.0
        ],
        [
          168.0,
          594.0
        ],
        [
          168.0,
          591.0
        ],
        [
          164.0,
          588.0
        ],
        [
          161.0,
          588.0
        ],
        [
          157.0,
          584.0
        ],
        [
          156.0,
          582.0
        ],
        [
          156.0,
          580.0
        ],
        [
          158.0,
          578.0
        ],
        [
          161.0,
          577.0
        ],
        [
          164.0,
          574.0
        ],
        [
          165.0,
          572.0
        ],
        [
          165.0,
          569.0
        ],
        [
          167.0,
          565.0
        ]
      ],
      "group_id": null,
      "shape_type": "polygon",
      "flags": {}
    },
    {
      "label": "potato",
      "text": "",
      "points": [
        [
          354.0,
          171.0
        ],
        [
          354.0,
          174.0
        ],
        [
          355.0,
          175.0
        ],
        [
          355.0,
          176.0
        ],
        [
          357.0,
          178.0
        ],
        [
          357.0,
          179.0
        ],
        [
          358.0,
          180.0
        ],
        [
          358.0,
          191.0
        ],
        [
          359.0,
          192.0
        ],
        [
          359.0,
          193.0
        ],
        [
          364.0,
          198.0
        ],
        [
          364.0,
          200.0
        ],
        [
          363.0,
          201.0
        ],
        [
          363.0,
          202.0
        ],
        [
          362.0,
          203.0
        ],
        [
          362.0,
          207.0
        ],
        [
          367.0,
          212.0
        ],
        [
          373.0,
          212.0
        ],
        [
          374.0,
          211.0
        ],
        [
          375.0,
          211.0
        ],
        [
          379.0,
          207.0
        ],
        [
          380.0,
          207.0
        ],
        [
          381.0,
          206.0
        ],
        [
          382.0,
          206.0
        ],
        [
          383.0,
          205.0
        ],
        [
          386.0,
          205.0
        ],
        [
          387.0,
          204.0
        ],
        [
          389.0,
          204.0
        ],
        [
          390.0,
          203.0
        ],
        [
          391.0,
          203.0
        ],
        [
          396.0,
          198.0
        ],
        [
          398.0,
          198.0
        ],
        [
          403.0,
          193.0
        ],
        [
          403.0,
          192.0
        ],
        [
          405.0,
          190.0
        ],
        [
          405.0,
          187.0
        ],
        [
          406.0,
          186.0
        ],
        [
          406.0,
          185.0
        ],
        [
          405.0,
          184.0
        ],
        [
          405.0,
          182.0
        ],
        [
          404.0,
          181.0
        ],
        [
          403.0,
          181.0
        ],
        [
          402.0,
          180.0
        ],
        [
          400.0,
          180.0
        ],
        [
          399.0,
          181.0
        ],
        [
          389.0,
          181.0
        ],
        [
          388.0,
          180.0
        ],
        [
          385.0,
          180.0
        ],
        [
          384.0,
          179.0
        ],
        [
          382.0,
          179.0
        ],
        [
          381.0,
          178.0
        ],
        [
          379.0,
          178.0
        ],
        [
          376.0,
          175.0
        ],
        [
          375.0,
          175.0
        ],
        [
          374.0,
          174.0
        ],
        [
          373.0,
          174.0
        ],
        [
          367.0,
          168.0
        ],
        [
          366.0,
          168.0
        ],
        [
          365.0,
          167.0
        ],
        [
          359.0,
          167.0
        ],
        [
          358.0,
          168.0
        ],
        [
          357.0,
          168.0
        ]
      ],
      "group_id": null,
      "shape_type": "polygon",
      "flags": {}
    },
    {
      "label": "potato",
      "text": "",
      "points": [
        [
          329.0,
          325.0
        ],
        [
          329.0,
          332.0
        ],
        [
          330.0,
          333.0
        ],
        [
          331.0,
          336.0
        ],
        [
          336.0,
          341.0
        ],
        [
          336.0,
          342.0
        ],
        [
          338.0,
          345.0
        ],
        [
          338.0,
          354.0
        ],
        [
          337.0,
          355.0
        ],
        [
          337.0,
          366.0
        ],
        [
          336.0,
          367.0
        ],
        [
          336.0,
          368.0
        ],
        [
          334.0,
          370.0
        ],
        [
          331.0,
          370.0
        ],
        [
          330.0,
          371.0
        ],
        [
          328.0,
          371.0
        ],
        [
          327.0,
          372.0
        ],
        [
          324.0,
          373.0
        ],
        [
          321.0,
          376.0
        ],
        [
          321.0,
          377.0
        ],
        [
          320.0,
          378.0
        ],
        [
          320.0,
          381.0
        ],
        [
          321.0,
          382.0
        ],
        [
          321.0,
          384.0
        ],
        [
          323.0,
          386.0
        ],
        [
          323.0,
          387.0
        ],
        [
          324.0,
          387.0
        ],
        [
          327.0,
          389.0
        ],
        [
          329.0,
          389.0
        ],
        [
          330.0,
          390.0
        ],
        [
          335.0,
          390.0
        ],
        [
          340.0,
          393.0
        ],
        [
          343.0,
          393.0
        ],
        [
          344.0,
          392.0
        ],
        [
          345.0,
          392.0
        ],
        [
          350.0,
          387.0
        ],
        [
          351.0,
          388.0
        ],
        [
          354.0,
          388.0
        ],
        [
          355.0,
          389.0
        ],
        [
          363.0,
          389.0
        ],
        [
          364.0,
          388.0
        ],
        [
          366.0,
          388.0
        ],
        [
          368.0,
          386.0
        ],
        [
          374.0,
          392.0
        ],
        [
          375.0,
          392.0
        ],
        [
          376.0,
          393.0
        ],
        [
          377.0,
          393.0
        ],
        [
          378.0,
          392.0
        ],
        [
          381.0,
          392.0
        ],
        [
          382.0,
          391.0
        ],
        [
          389.0,
          391.0
        ],
        [
          390.0,
          392.0
        ],
        [
          395.0,
          392.0
        ],
        [
          396.0,
          393.0
        ],
        [
          398.0,
          393.0
        ],
        [
          399.0,
          394.0
        ],
        [
          401.0,
          394.0
        ],
        [
          402.0,
          393.0
        ],
        [
          404.0,
          393.0
        ],
        [
          405.0,
          392.0
        ],
        [
          408.0,
          391.0
        ],
        [
          408.0,
          390.0
        ],
        [
          410.0,
          387.0
        ],
        [
          410.0,
          384.0
        ],
        [
          411.0,
          383.0
        ],
        [
          411.0,
          379.0
        ],
        [
          409.0,
          377.0
        ],
        [
          407.0,
          377.0
        ],
        [
          406.0,
          376.0
        ],
        [
          403.0,
          376.0
        ],
        [
          402.0,
          375.0
        ],
        [
          401.0,
          375.0
        ],
        [
          399.0,
          373.0
        ],
        [
          396.0,
          372.0
        ],
        [
          393.0,
          369.0
        ],
        [
          393.0,
          368.0
        ],
        [
          391.0,
          366.0
        ],
        [
          391.0,
          365.0
        ],
        [
          388.0,
          360.0
        ],
        [
          388.0,
          355.0
        ],
        [
          391.0,
          350.0
        ],
        [
          391.0,
          345.0
        ],
        [
          390.0,
          344.0
        ],
        [
          390.0,
          343.0
        ],
        [
          388.0,
          341.0
        ],
        [
          386.0,
          341.0
        ],
        [
          385.0,
          340.0
        ],
        [
          384.0,
          340.0
        ],
        [
          382.0,
          337.0
        ],
        [
          382.0,
          334.0
        ],
        [
          383.0,
          333.0
        ],
        [
          383.0,
          332.0
        ],
        [
          386.0,
          327.0
        ],
        [
          386.0,
          325.0
        ],
        [
          387.0,
          324.0
        ],
        [
          387.0,
          323.0
        ],
        [
          386.0,
          322.0
        ],
        [
          386.0,
          320.0
        ],
        [
          383.0,
          317.0
        ],
        [
          382.0,
          317.0
        ],
        [
          381.0,
          316.0
        ],
        [
          380.0,
          316.0
        ],
        [
          378.0,
          314.0
        ],
        [
          377.0,
          314.0
        ],
        [
          373.0,
          310.0
        ],
        [
          372.0,
          307.0
        ],
        [
          370.0,
          305.0
        ],
        [
          369.0,
          305.0
        ],
        [
          368.0,
          304.0
        ],
        [
          361.0,
          304.0
        ],
        [
          360.0,
          305.0
        ],
        [
          358.0,
          305.0
        ],
        [
          357.0,
          306.0
        ],
        [
          356.0,
          306.0
        ],
        [
          354.0,
          308.0
        ],
        [
          354.0,
          309.0
        ],
        [
          353.0,
          310.0
        ],
        [
          352.0,
          313.0
        ],
        [
          349.0,
          316.0
        ],
        [
          347.0,
          316.0
        ],
        [
          346.0,
          317.0
        ],
        [
          344.0,
          317.0
        ],
        [
          341.0,
          319.0
        ],
        [
          339.0,
          319.0
        ]
      ],
      "group_id": null,
      "shape_type": "polygon",
      "flags": {}
    },
    {
      "label": "potato",
      "text": "",
      "points": [
        [
          386.0,
          537.0
        ],
        [
          384.0,
          535.0
        ],
        [
          383.0,
          535.0
        ],
        [
          382.0,
          534.0
        ],
        [
          380.0,
          534.0
        ],
        [
          379.0,
          533.0
        ],
        [
          377.0,
          533.0
        ],
        [
          376.0,
          532.0
        ],
        [
          374.0,
          532.0
        ],
        [
          373.0,
          531.0
        ],
        [
          366.0,
          531.0
        ],
        [
          365.0,
          532.0
        ],
        [
          364.0,
          532.0
        ],
        [
          363.0,
          533.0
        ],
        [
          362.0,
          533.0
        ],
        [
          361.0,
          534.0
        ],
        [
          361.0,
          535.0
        ],
        [
          359.0,
          537.0
        ],
        [
          359.0,
          538.0
        ],
        [
          353.0,
          544.0
        ],
        [
          353.0,
          551.0
        ],
        [
          352.0,
          552.0
        ],
        [
          352.0,
          555.0
        ],
        [
          350.0,
          557.0
        ],
        [
          349.0,
          557.0
        ],
        [
          348.0,
          556.0
        ],
        [
          341.0,
          556.0
        ],
        [
          340.0,
          557.0
        ],
        [
          337.0,
          557.0
        ],
        [
          336.0,
          558.0
        ],
        [
          335.0,
          558.0
        ],
        [
          333.0,
          560.0
        ],
        [
          333.0,
          562.0
        ],
        [
          332.0,
          563.0
        ],
        [
          332.0,
          569.0
        ],
        [
          331.0,
          570.0
        ],
        [
          331.0,
          571.0
        ],
        [
          332.0,
          572.0
        ],
        [
          332.0,
          574.0
        ],
        [
          333.0,
          575.0
        ],
        [
          334.0,
          575.0
        ],
        [
          335.0,
          576.0
        ],
        [
          337.0,
          576.0
        ],
        [
          338.0,
          577.0
        ],
        [
          342.0,
          577.0
        ],
        [
          343.0,
          578.0
        ],
        [
          345.0,
          578.0
        ],
        [
          346.0,
          579.0
        ],
        [
          350.0,
          579.0
        ],
        [
          355.0,
          574.0
        ],
        [
          356.0,
          574.0
        ],
        [
          357.0,
          573.0
        ],
        [
          364.0,
          573.0
        ],
        [
          365.0,
          572.0
        ],
        [
          366.0,
          572.0
        ],
        [
          367.0,
          571.0
        ],
        [
          368.0,
          571.0
        ],
        [
          369.0,
          570.0
        ],
        [
          371.0,
          570.0
        ],
        [
          374.0,
          573.0
        ],
        [
          378.0,
          573.0
        ],
        [
          379.0,
          572.0
        ],
        [
          380.0,
          572.0
        ],
        [
          382.0,
          570.0
        ],
        [
          382.0,
          569.0
        ],
        [
          384.0,
          567.0
        ],
        [
          384.0,
          566.0
        ],
        [
          386.0,
          564.0
        ],
        [
          387.0,
          564.0
        ],
        [
          387.0,
          563.0
        ],
        [
          388.0,
          562.0
        ],
        [
          388.0,
          555.0
        ],
        [
          387.0,
          554.0
        ],
        [
          387.0,
          553.0
        ],
        [
          386.0,
          552.0
        ],
        [
          386.0,
          550.0
        ],
        [
          385.0,
          549.0
        ],
        [
          385.0,
          546.0
        ],
        [
          386.0,
          545.0
        ]
      ],
      "group_id": null,
      "shape_type": "polygon",
      "flags": {}
    },
    {
      "label": "potato",
      "text": "",
      "points": [
        [
          638.0,
          181.0
        ],
        [
          637.0,
          181.0
        ],
        [
          636.0,
          182.0
        ],
        [
          633.0,
          182.0
        ],
        [
          632.0,
          183.0
        ],
        [
          630.0,
          183.0
        ],
        [
          629.0,
          184.0
        ],
        [
          628.0,
          184.0
        ],
        [
          626.0,
          186.0
        ],
        [
          626.0,
          187.0
        ],
        [
          623.0,
          190.0
        ],
        [
          623.0,
          191.0
        ],
        [
          621.0,
          193.0
        ],
        [
          621.0,
          194.0
        ],
        [
          618.0,
          197.0
        ],
        [
          617.0,
          197.0
        ],
        [
          616.0,
          198.0
        ],
        [
          615.0,
          198.0
        ],
        [
          613.0,
          200.0
        ],
        [
          612.0,
          200.0
        ],
        [
          611.0,
          201.0
        ],
        [
          610.0,
          201.0
        ],
        [
          608.0,
          203.0
        ],
        [
          607.0,
          203.0
        ],
        [
          607.0,
          204.0
        ],
        [
          606.0,
          205.0
        ],
        [
          606.0,
          208.0
        ],
        [
          607.0,
          209.0
        ],
        [
          607.0,
          211.0
        ],
        [
          609.0,
          213.0
        ],
        [
          610.0,
          213.0
        ],
        [
          611.0,
          214.0
        ],
        [
          613.0,
          214.0
        ],
        [
          614.0,
          215.0
        ],
        [
          615.0,
          215.0
        ],
        [
          616.0,
          216.0
        ],
        [
          618.0,
          216.0
        ],
        [
          619.0,
          217.0
        ],
        [
          621.0,
          217.0
        ],
        [
          623.0,
          219.0
        ],
        [
          624.0,
          219.0
        ],
        [
          625.0,
          220.0
        ],
        [
          626.0,
          220.0
        ],
        [
          627.0,
          221.0
        ],
        [
          628.0,
          220.0
        ],
        [
          631.0,
          220.0
        ],
        [
          632.0,
          219.0
        ],
        [
          634.0,
          219.0
        ],
        [
          635.0,
          218.0
        ],
        [
          638.0,
          218.0
        ],
        [
          638.0,
          217.0
        ],
        [
          639.0,
          216.0
        ],
        [
          639.0,
          182.0
        ]
      ],
      "group_id": null,
      "shape_type": "polygon",
      "flags": {}
    },
    {
      "label": "potato",
      "text": "",
      "points": [
        [
          376.0,
          423.0
        ],
        [
          375.0,
          423.0
        ],
        [
          374.0,
          424.0
        ],
        [
          372.0,
          424.0
        ],
        [
          362.0,
          434.0
        ],
        [
          362.0,
          435.0
        ],
        [
          361.0,
          436.0
        ],
        [
          361.0,
          437.0
        ],
        [
          359.0,
          439.0
        ],
        [
          359.0,
          442.0
        ],
        [
          360.0,
          443.0
        ],
        [
          360.0,
          445.0
        ],
        [
          362.0,
          447.0
        ],
        [
          362.0,
          448.0
        ],
        [
          363.0,
          449.0
        ],
        [
          363.0,
          450.0
        ],
        [
          365.0,
          452.0
        ],
        [
          366.0,
          452.0
        ],
        [
          368.0,
          454.0
        ],
        [
          369.0,
          454.0
        ],
        [
          370.0,
          455.0
        ],
        [
          375.0,
          455.0
        ],
        [
          376.0,
          454.0
        ],
        [
          377.0,
          454.0
        ],
        [
          382.0,
          449.0
        ],
        [
          382.0,
          447.0
        ],
        [
          383.0,
          446.0
        ],
        [
          383.0,
          433.0
        ],
        [
          382.0,
          432.0
        ],
        [
          382.0,
          431.0
        ],
        [
          381.0,
          430.0
        ],
        [
          381.0,
          429.0
        ],
        [
          380.0,
          428.0
        ],
        [
          380.0,
          427.0
        ]
      ],
      "group_id": null,
      "shape_type": "polygon",
      "flags": {}
    },
    {
      "label": "weed",
      "text": "",
      "points": [
        [
          284.0,
          437.0
        ],
        [
          284.0,
          436.0
        ],
        [
          283.0,
          435.0
        ],
        [
          283.0,
          433.0
        ],
        [
          282.0,
          432.0
        ],
        [
          281.0,
          432.0
        ],
        [
          280.0,
          431.0
        ],
        [
          273.0,
          431.0
        ],
        [
          272.0,
          432.0
        ],
        [
          270.0,
          432.0
        ],
        [
          269.0,
          433.0
        ],
        [
          267.0,
          433.0
        ],
        [
          266.0,
          434.0
        ],
        [
          261.0,
          434.0
        ],
        [
          260.0,
          433.0
        ],
        [
          255.0,
          433.0
        ],
        [
          254.0,
          432.0
        ],
        [
          247.0,
          432.0
        ],
        [
          246.0,
          433.0
        ],
        [
          245.0,
          433.0
        ],
        [
          244.0,
          434.0
        ],
        [
          244.0,
          436.0
        ],
        [
          245.0,
          437.0
        ],
        [
          247.0,
          437.0
        ],
        [
          248.0,
          438.0
        ],
        [
          251.0,
          438.0
        ],
        [
          252.0,
          437.0
        ],
        [
          253.0,
          437.0
        ],
        [
          254.0,
          438.0
        ],
        [
          257.0,
          438.0
        ],
        [
          258.0,
          439.0
        ],
        [
          258.0,
          440.0
        ],
        [
          259.0,
          441.0
        ],
        [
          259.0,
          442.0
        ],
        [
          262.0,
          445.0
        ],
        [
          265.0,
          445.0
        ],
        [
          266.0,
          446.0
        ],
        [
          271.0,
          446.0
        ],
        [
          272.0,
          445.0
        ],
        [
          275.0,
          445.0
        ],
        [
          276.0,
          444.0
        ],
        [
          279.0,
          444.0
        ],
        [
          282.0,
          441.0
        ],
        [
          282.0,
          440.0
        ],
        [
          283.0,
          439.0
        ],
        [
          283.0,
          438.0
        ]
      ],
      "group_id": null,
      "shape_type": "polygon",
      "flags": {}
    },
    {
      "label": "weed",
      "text": "",
      "points": [
        [
          245.0,
          587.0
        ],
        [
          245.0,
          589.0
        ],
        [
          246.0,
          590.0
        ],
        [
          247.0,
          590.0
        ],
        [
          248.0,
          591.0
        ],
        [
          251.0,
          591.0
        ],
        [
          252.0,
          592.0
        ],
        [
          254.0,
          592.0
        ],
        [
          255.0,
          593.0
        ],
        [
          256.0,
          593.0
        ],
        [
          257.0,
          594.0
        ],
        [
          259.0,
          594.0
        ],
        [
          260.0,
          595.0
        ],
        [
          261.0,
          595.0
        ],
        [
          262.0,
          596.0
        ],
        [
          264.0,
          596.0
        ],
        [
          265.0,
          597.0
        ],
        [
          265.0,
          598.0
        ],
        [
          264.0,
          599.0
        ],
        [
          264.0,
          601.0
        ],
        [
          262.0,
          603.0
        ],
        [
          261.0,
          603.0
        ],
        [
          260.0,
          604.0
        ],
        [
          260.0,
          605.0
        ],
        [
          254.0,
          611.0
        ],
        [
          254.0,
          613.0
        ],
        [
          255.0,
          614.0
        ],
        [
          259.0,
          614.0
        ],
        [
          260.0,
          613.0
        ],
        [
          261.0,
          613.0
        ],
        [
          264.0,
          610.0
        ],
        [
          264.0,
          609.0
        ],
        [
          268.0,
          605.0
        ],
        [
          269.0,
          605.0
        ],
        [
          271.0,
          603.0
        ],
        [
          272.0,
          603.0
        ],
        [
          273.0,
          602.0
        ],
        [
          274.0,
          602.0
        ],
        [
          277.0,
          599.0
        ],
        [
          278.0,
          599.0
        ],
        [
          279.0,
          598.0
        ],
        [
          279.0,
          596.0
        ],
        [
          278.0,
          595.0
        ],
        [
          278.0,
          594.0
        ],
        [
          277.0,
          593.0
        ],
        [
          276.0,
          593.0
        ],
        [
          275.0,
          592.0
        ],
        [
          273.0,
          592.0
        ],
        [
          270.0,
          589.0
        ],
        [
          267.0,
          589.0
        ],
        [
          265.0,
          591.0
        ],
        [
          262.0,
          591.0
        ],
        [
          261.0,
          590.0
        ],
        [
          259.0,
          590.0
        ],
        [
          258.0,
          589.0
        ],
        [
          255.0,
          589.0
        ],
        [
          254.0,
          588.0
        ],
        [
          249.0,
          588.0
        ],
        [
          248.0,
          587.0
        ]
      ],
      "group_id": null,
      "shape_type": "polygon",
      "flags": {}
    },
    {
      "label": "weed",
      "text": "",
      "points": [
        [
          506.0,
          316.0
        ],
        [
          503.0,
          319.0
        ],
        [
          503.0,
          321.0
        ],
        [
          502.0,
          322.0
        ],
        [
          502.0,
          326.0
        ],
        [
          501.0,
          327.0
        ],
        [
          502.0,
          328.0
        ],
        [
          502.0,
          330.0
        ],
        [
          503.0,
          331.0
        ],
        [
          503.0,
          333.0
        ],
        [
          504.0,
          334.0
        ],
        [
          504.0,
          340.0
        ],
        [
          506.0,
          342.0
        ],
        [
          509.0,
          342.0
        ],
        [
          510.0,
          341.0
        ],
        [
          518.0,
          341.0
        ],
        [
          519.0,
          340.0
        ],
        [
          521.0,
          340.0
        ],
        [
          523.0,
          338.0
        ],
        [
          522.0,
          337.0
        ],
        [
          522.0,
          332.0
        ],
        [
          521.0,
          331.0
        ],
        [
          521.0,
          330.0
        ],
        [
          520.0,
          329.0
        ],
        [
          520.0,
          328.0
        ],
        [
          517.0,
          325.0
        ],
        [
          517.0,
          324.0
        ],
        [
          516.0,
          323.0
        ],
        [
          516.0,
          322.0
        ],
        [
          510.0,
          316.0
        ]
      ],
      "group_id": null,
      "shape_type": "polygon",
      "flags": {}
    },
    {
      "label": "weed",
      "text": "",
      "points": [
        [
          257.0,
          618.0
        ],
        [
          255.0,
          620.0
        ],
        [
          255.0,
          621.0
        ],
        [
          251.0,
          625.0
        ],
        [
          251.0,
          632.0
        ],
        [
          252.0,
          633.0
        ],
        [
          252.0,
          635.0
        ],
        [
          253.0,
          636.0
        ],
        [
          255.0,
          636.0
        ],
        [
          256.0,
          637.0
        ],
        [
          260.0,
          637.0
        ],
        [
          262.0,
          635.0
        ],
        [
          262.0,
          631.0
        ],
        [
          263.0,
          630.0
        ],
        [
          263.0,
          628.0
        ],
        [
          264.0,
          627.0
        ],
        [
          264.0,
          626.0
        ],
        [
          265.0,
          625.0
        ],
        [
          265.0,
          623.0
        ],
        [
          260.0,
          618.0
        ]
      ],
      "group_id": null,
      "shape_type": "polygon",
      "flags": {}
    },
    {
      "label": "weed",
      "text": "",
      "points": [
        [
          244.0,
          264.0
        ],
        [
          245.0,
          265.0
        ],
        [
          245.0,
          266.0
        ],
        [
          247.0,
          266.0
        ],
        [
          248.0,
          267.0
        ],
        [
          251.0,
          267.0
        ],
        [
          252.0,
          268.0
        ],
        [
          264.0,
          268.0
        ],
        [
          265.0,
          269.0
        ],
        [
          272.0,
          269.0
        ],
        [
          273.0,
          268.0
        ],
        [
          288.0,
          268.0
        ],
        [
          289.0,
          269.0
        ],
        [
          292.0,
          269.0
        ],
        [
          293.0,
          270.0
        ],
        [
          294.0,
          270.0
        ],
        [
          295.0,
          269.0
        ],
        [
          296.0,
          269.0
        ],
        [
          296.0,
          266.0
        ],
        [
          291.0,
          261.0
        ],
        [
          290.0,
          261.0
        ],
        [
          288.0,
          259.0
        ],
        [
          284.0,
          259.0
        ],
        [
          283.0,
          260.0
        ],
        [
          275.0,
          260.0
        ],
        [
          274.0,
          259.0
        ],
        [
          265.0,
          259.0
        ],
        [
          264.0,
          260.0
        ],
        [
          255.0,
          260.0
        ],
        [
          254.0,
          261.0
        ],
        [
          249.0,
          261.0
        ],
        [
          248.0,
          262.0
        ],
        [
          246.0,
          262.0
        ]
      ],
      "group_id": null,
      "shape_type": "polygon",
      "flags": {}
    },
    {
      "label": "weed",
      "text": "",
      "points": [
        [
          279.0,
          473.0
        ],
        [
          278.0,
          472.0
        ],
        [
          278.0,
          471.0
        ],
        [
          274.0,
          471.0
        ],
        [
          273.0,
          472.0
        ],
        [
          271.0,
          472.0
        ],
        [
          270.0,
          473.0
        ],
        [
          266.0,
          473.0
        ],
        [
          265.0,
          474.0
        ],
        [
          263.0,
          474.0
        ],
        [
          262.0,
          473.0
        ],
        [
          259.0,
          473.0
        ],
        [
          256.0,
          476.0
        ],
        [
          256.0,
          479.0
        ],
        [
          257.0,
          479.0
        ],
        [
          258.0,
          480.0
        ],
        [
          270.0,
          480.0
        ],
        [
          271.0,
          479.0
        ],
        [
          272.0,
          479.0
        ],
        [
          274.0,
          477.0
        ],
        [
          275.0,
          477.0
        ],
        [
          276.0,
          476.0
        ],
        [
          277.0,
          476.0
        ],
        [
          278.0,
          475.0
        ],
        [
          278.0,
          474.0
        ]
      ],
      "group_id": null,
      "shape_type": "polygon",
      "flags": {}
    }
  ],
  "imagePath": "..\\after_crop\\tile_3_1.jpg",
  "imageData": null,
  "imageHeight": 640,
  "imageWidth": 640
}