{
  "version": "0.3.3",
  "flags": {},
  "shapes": [
    {
      "label": "potato",
      "text": "",
      "points": [
        [
          248.0,
          116.0
        ],
        [
          247.0,
          117.0
        ],
        [
          245.0,
          117.0
        ],
        [
          244.0,
          118.0
        ],
        [
          243.0,
          118.0
        ],
        [
          237.0,
          124.0
        ],
        [
          231.0,
          124.0
        ],
        [
          230.0,
          125.0
        ],
        [
          228.0,
          125.0
        ],
        [
          227.0,
          126.0
        ],
        [
          225.0,
          126.0
        ],
        [
          219.0,
          132.0
        ],
        [
          219.0,
          133.0
        ],
        [
          218.0,
          134.0
        ],
        [
          218.0,
          135.0
        ],
        [
          217.0,
          136.0
        ],
        [
          217.0,
          140.0
        ],
        [
          219.0,
          142.0
        ],
        [
          219.0,
          143.0
        ],
        [
          220.0,
          144.0
        ],
        [
          220.0,
          147.0
        ],
        [
          221.0,
          148.0
        ],
        [
          221.0,
          149.0
        ],
        [
          222.0,
          150.0
        ],
        [
          223.0,
          150.0
        ],
        [
          225.0,
          152.0
        ],
        [
          226.0,
          152.0
        ],
        [
          229.0,
          155.0
        ],
        [
          229.0,
          156.0
        ],
        [
          231.0,
          158.0
        ],
        [
          231.0,
          160.0
        ],
        [
          232.0,
          161.0
        ],
        [
          232.0,
          163.0
        ],
        [
          233.0,
          164.0
        ],
        [
          233.0,
          165.0
        ],
        [
          234.0,
          166.0
        ],
        [
          234.0,
          167.0
        ],
        [
          235.0,
          168.0
        ],
        [
          235.0,
          169.0
        ],
        [
          236.0,
          170.0
        ],
        [
          236.0,
          171.0
        ],
        [
          237.0,
          172.0
        ],
        [
          237.0,
          173.0
        ],
        [
          238.0,
          174.0
        ],
        [
          239.0,
          174.0
        ],
        [
          240.0,
          175.0
        ],
        [
          242.0,
          175.0
        ],
        [
          243.0,
          176.0
        ],
        [
          247.0,
          176.0
        ],
        [
          250.0,
          173.0
        ],
        [
          250.0,
          170.0
        ],
        [
          251.0,
          169.0
        ],
        [
          251.0,
          162.0
        ],
        [
          252.0,
          161.0
        ],
        [
          252.0,
          160.0
        ],
        [
          253.0,
          159.0
        ],
        [
          256.0,
          159.0
        ],
        [
          257.0,
          160.0
        ],
        [
          261.0,
          160.0
        ],
        [
          262.0,
          159.0
        ],
        [
          263.0,
          159.0
        ],
        [
          263.0,
          157.0
        ],
        [
          264.0,
          156.0
        ],
        [
          264.0,
          154.0
        ],
        [
          265.0,
          153.0
        ],
        [
          265.0,
          152.0
        ],
        [
          269.0,
          148.0
        ],
        [
          270.0,
          148.0
        ],
        [
          275.0,
          143.0
        ],
        [
          275.0,
          139.0
        ],
        [
          274.0,
          138.0
        ],
        [
          274.0,
          137.0
        ],
        [
          273.0,
          137.0
        ],
        [
          272.0,
          136.0
        ],
        [
          271.0,
          136.0
        ],
        [
          270.0,
          135.0
        ],
        [
          266.0,
          135.0
        ],
        [
          265.0,
          134.0
        ],
        [
          264.0,
          134.0
        ],
        [
          262.0,
          132.0
        ],
        [
          261.0,
          132.0
        ],
        [
          260.0,
          131.0
        ],
        [
          259.0,
          131.0
        ],
        [
          256.0,
          128.0
        ],
        [
          256.0,
          127.0
        ],
        [
          255.0,
          126.0
        ],
        [
          255.0,
          122.0
        ],
        [
          254.0,
          121.0
        ],
        [
          254.0,
          120.0
        ],
        [
          251.0,
          117.0
        ],
        [
          249.0,
          117.0
        ]
      ],
      "group_id": null,
      "shape_type": "polygon",
      "flags": {}
    },
    {
      "label": "potato",
      "text": "",
      "points": [
        [
          253.0,
          385.0
        ],
        [
          253.0,
          386.0
        ],
        [
          252.0,
          387.0
        ],
        [
          252.0,
          388.0
        ],
        [
          251.0,
          389.0
        ],
        [
          251.0,
          390.0
        ],
        [
          250.0,
          391.0
        ],
        [
          250.0,
          392.0
        ],
        [
          249.0,
          393.0
        ],
        [
          248.0,
          393.0
        ],
        [
          247.0,
          394.0
        ],
        [
          246.0,
          394.0
        ],
        [
          245.0,
          395.0
        ],
        [
          243.0,
          395.0
        ],
        [
          242.0,
          396.0
        ],
        [
          240.0,
          396.0
        ],
        [
          239.0,
          397.0
        ],
        [
          238.0,
          397.0
        ],
        [
          237.0,
          398.0
        ],
        [
          237.0,
          399.0
        ],
        [
          236.0,
          400.0
        ],
        [
          236.0,
          403.0
        ],
        [
          237.0,
          404.0
        ],
        [
          237.0,
          405.0
        ],
        [
          239.0,
          407.0
        ],
        [
          240.0,
          407.0
        ],
        [
          242.0,
          409.0
        ],
        [
          244.0,
          409.0
        ],
        [
          245.0,
          410.0
        ],
        [
          247.0,
          410.0
        ],
        [
          251.0,
          414.0
        ],
        [
          251.0,
          418.0
        ],
        [
          252.0,
          419.0
        ],
        [
          252.0,
          421.0
        ],
        [
          253.0,
          422.0
        ],
        [
          253.0,
          423.0
        ],
        [
          255.0,
          425.0
        ],
        [
          256.0,
          425.0
        ],
        [
          258.0,
          427.0
        ],
        [
          259.0,
          427.0
        ],
        [
          260.0,
          428.0
        ],
        [
          261.0,
          428.0
        ],
        [
          262.0,
          429.0
        ],
        [
          263.0,
          429.0
        ],
        [
          264.0,
          430.0
        ],
        [
          265.0,
          429.0
        ],
        [
          270.0,
          429.0
        ],
        [
          271.0,
          428.0
        ],
        [
          272.0,
          428.0
        ],
        [
          275.0,
          425.0
        ],
        [
          275.0,
          423.0
        ],
        [
          276.0,
          422.0
        ],
        [
          276.0,
          417.0
        ],
        [
          275.0,
          416.0
        ],
        [
          275.0,
          415.0
        ],
        [
          273.0,
          413.0
        ],
        [
          273.0,
          411.0
        ],
        [
          272.0,
          410.0
        ],
        [
          272.0,
          405.0
        ],
        [
          271.0,
          404.0
        ],
        [
          271.0,
          400.0
        ],
        [
          270.0,
          399.0
        ],
        [
          270.0,
          397.0
        ],
        [
          268.0,
          395.0
        ],
        [
          268.0,
          394.0
        ],
        [
          267.0,
          393.0
        ],
        [
          266.0,
          393.0
        ],
        [
          265.0,
          392.0
        ],
        [
          265.0,
          391.0
        ],
        [
          264.0,
          390.0
        ],
        [
          264.0,
          388.0
        ],
        [
          263.0,
          387.0
        ],
        [
          262.0,
          387.0
        ],
        [
          261.0,
          386.0
        ],
        [
          259.0,
          386.0
        ],
        [
          258.0,
          385.0
        ]
      ],
      "group_id": null,
      "shape_type": "polygon",
      "flags": {}
    },
    {
      "label": "potato",
      "text": "",
      "points": [
        [
          497.0,
          253.0
        ],
        [
          492.0,
          257.0
        ],
        [
          491.0,
          259.0
        ],
        [
          491.0,
          261.0
        ],
        [
          490.0,
          262.0
        ],
        [
          490.0,
          264.0
        ],
        [
          487.0,
          267.0
        ],
        [
          484.0,
          267.0
        ],
        [
          483.0,
          268.0
        ],
        [
          479.0,
          268.0
        ],
        [
          471.0,
          272.0
        ],
        [
          470.0,
          274.0
        ],
        [
          470.0,
          276.0
        ],
        [
          469.0,
          277.0
        ],
        [
          469.0,
          280.0
        ],
        [
          470.0,
          281.0
        ],
        [
          470.0,
          284.0
        ],
        [
          471.0,
          285.0
        ],
        [
          471.0,
          287.0
        ],
        [
          474.0,
          290.0
        ],
        [
          476.0,
          294.0
        ],
        [
          476.0,
          301.0
        ],
        [
          473.0,
          305.0
        ],
        [
          472.0,
          304.0
        ],
        [
          468.0,
          304.0
        ],
        [
          467.0,
          303.0
        ],
        [
          464.0,
          303.0
        ],
        [
          463.0,
          304.0
        ],
        [
          452.0,
          304.0
        ],
        [
          450.0,
          306.0
        ],
        [
          450.0,
          311.0
        ],
        [
          451.0,
          312.0
        ],
        [
          451.0,
          316.0
        ],
        [
          452.0,
          317.0
        ],
        [
          452.0,
          320.0
        ],
        [
          454.0,
          322.0
        ],
        [
          454.0,
          323.0
        ],
        [
          457.0,
          325.0
        ],
        [
          459.0,
          325.0
        ],
        [
          462.0,
          323.0
        ],
        [
          464.0,
          323.0
        ],
        [
          468.0,
          321.0
        ],
        [
          472.0,
          321.0
        ],
        [
          473.0,
          320.0
        ],
        [
          476.0,
          323.0
        ],
        [
          476.0,
          325.0
        ],
        [
          477.0,
          326.0
        ],
        [
          477.0,
          334.0
        ],
        [
          476.0,
          335.0
        ],
        [
          476.0,
          341.0
        ],
        [
          477.0,
          342.0
        ],
        [
          477.0,
          344.0
        ],
        [
          481.0,
          349.0
        ],
        [
          489.0,
          353.0
        ],
        [
          490.0,
          354.0
        ],
        [
          490.0,
          356.0
        ],
        [
          492.0,
          358.0
        ],
        [
          495.0,
          358.0
        ],
        [
          499.0,
          356.0
        ],
        [
          503.0,
          356.0
        ],
        [
          504.0,
          357.0
        ],
        [
          506.0,
          357.0
        ],
        [
          510.0,
          359.0
        ],
        [
          513.0,
          362.0
        ],
        [
          523.0,
          364.0
        ],
        [
          525.0,
          366.0
        ],
        [
          525.0,
          369.0
        ],
        [
          526.0,
          371.0
        ],
        [
          530.0,
          375.0
        ],
        [
          531.0,
          375.0
        ],
        [
          544.0,
          388.0
        ],
        [
          551.0,
          388.0
        ],
        [
          553.0,
          384.0
        ],
        [
          553.0,
          377.0
        ],
        [
          551.0,
          373.0
        ],
        [
          545.0,
          366.0
        ],
        [
          545.0,
          363.0
        ],
        [
          547.0,
          361.0
        ],
        [
          547.0,
          351.0
        ],
        [
          549.0,
          347.0
        ],
        [
          552.0,
          344.0
        ],
        [
          554.0,
          343.0
        ],
        [
          556.0,
          343.0
        ],
        [
          558.0,
          341.0
        ],
        [
          558.0,
          331.0
        ],
        [
          557.0,
          330.0
        ],
        [
          557.0,
          326.0
        ],
        [
          556.0,
          325.0
        ],
        [
          556.0,
          323.0
        ],
        [
          553.0,
          320.0
        ],
        [
          553.0,
          316.0
        ],
        [
          559.0,
          310.0
        ],
        [
          559.0,
          308.0
        ],
        [
          562.0,
          302.0
        ],
        [
          562.0,
          300.0
        ],
        [
          561.0,
          299.0
        ],
        [
          561.0,
          295.0
        ],
        [
          562.0,
          294.0
        ],
        [
          562.0,
          289.0
        ],
        [
          563.0,
          288.0
        ],
        [
          563.0,
          284.0
        ],
        [
          559.0,
          277.0
        ],
        [
          559.0,
          275.0
        ],
        [
          558.0,
          274.0
        ],
        [
          558.0,
          270.0
        ],
        [
          556.0,
          267.0
        ],
        [
          554.0,
          267.0
        ],
        [
          553.0,
          266.0
        ],
        [
          551.0,
          266.0
        ],
        [
          549.0,
          267.0
        ],
        [
          545.0,
          271.0
        ],
        [
          544.0,
          271.0
        ],
        [
          541.0,
          268.0
        ],
        [
          532.0,
          268.0
        ],
        [
          531.0,
          267.0
        ],
        [
          525.0,
          267.0
        ],
        [
          524.0,
          268.0
        ],
        [
          521.0,
          268.0
        ],
        [
          520.0,
          269.0
        ],
        [
          518.0,
          269.0
        ],
        [
          516.0,
          267.0
        ],
        [
          516.0,
          263.0
        ],
        [
          511.0,
          253.0
        ],
        [
          509.0,
          252.0
        ],
        [
          504.0,
          252.0
        ],
        [
          503.0,
          253.0
        ]
      ],
      "group_id": null,
      "shape_type": "polygon",
      "flags": {}
    },
    {
      "label": "weed",
      "text": "",
      "points": [
        [
          90.0,
          103.0
        ],
        [
          90.0,
          106.0
        ],
        [
          92.0,
          108.0
        ],
        [
          94.0,
          108.0
        ],
        [
          95.0,
          109.0
        ],
        [
          106.0,
          109.0
        ],
        [
          109.0,
          106.0
        ],
        [
          109.0,
          101.0
        ],
        [
          108.0,
          100.0
        ],
        [
          108.0,
          98.0
        ],
        [
          106.0,
          96.0
        ],
        [
          105.0,
          96.0
        ],
        [
          103.0,
          94.0
        ],
        [
          99.0,
          94.0
        ],
        [
          98.0,
          95.0
        ],
        [
          98.0,
          96.0
        ],
        [
          96.0,
          98.0
        ],
        [
          95.0,
          98.0
        ],
        [
          92.0,
          101.0
        ],
        [
          91.0,
          101.0
        ],
        [
          91.0,
          102.0
        ]
      ],
      "group_id": null,
      "shape_type": "polygon",
      "flags": {}
    },
    {
      "label": "weed",
      "text": "",
      "points": [
        [
          66.0,
          155.0
        ],
        [
          65.0,
          156.0
        ],
        [
          65.0,
          157.0
        ],
        [
          63.0,
          159.0
        ],
        [
          63.0,
          160.0
        ],
        [
          61.0,
          162.0
        ],
        [
          60.0,
          162.0
        ],
        [
          59.0,
          163.0
        ],
        [
          59.0,
          164.0
        ],
        [
          58.0,
          165.0
        ],
        [
          57.0,
          165.0
        ],
        [
          55.0,
          163.0
        ],
        [
          51.0,
          163.0
        ],
        [
          51.0,
          165.0
        ],
        [
          50.0,
          166.0
        ],
        [
          51.0,
          167.0
        ],
        [
          51.0,
          168.0
        ],
        [
          52.0,
          169.0
        ],
        [
          53.0,
          169.0
        ],
        [
          54.0,
          170.0
        ],
        [
          54.0,
          172.0
        ],
        [
          52.0,
          174.0
        ],
        [
          51.0,
          174.0
        ],
        [
          49.0,
          176.0
        ],
        [
          49.0,
          178.0
        ],
        [
          51.0,
          180.0
        ],
        [
          55.0,
          180.0
        ],
        [
          56.0,
          179.0
        ],
        [
          58.0,
          179.0
        ],
        [
          60.0,
          181.0
        ],
        [
          61.0,
          181.0
        ],
        [
          65.0,
          185.0
        ],
        [
          69.0,
          185.0
        ],
        [
          69.0,
          181.0
        ],
        [
          68.0,
          180.0
        ],
        [
          68.0,
          178.0
        ],
        [
          67.0,
          177.0
        ],
        [
          67.0,
          176.0
        ],
        [
          62.0,
          171.0
        ],
        [
          62.0,
          169.0
        ],
        [
          66.0,
          165.0
        ],
        [
          66.0,
          164.0
        ],
        [
          67.0,
          163.0
        ],
        [
          67.0,
          162.0
        ],
        [
          68.0,
          161.0
        ],
        [
          68.0,
          155.0
        ]
      ],
      "group_id": null,
      "shape_type": "polygon",
      "flags": {}
    },
    {
      "label": "weed",
      "text": "",
      "points": [
        [
          94.0,
          177.0
        ],
        [
          91.0,
          177.0
        ],
        [
          90.0,
          178.0
        ],
        [
          89.0,
          178.0
        ],
        [
          81.0,
          186.0
        ],
        [
          81.0,
          187.0
        ],
        [
          80.0,
          188.0
        ],
        [
          79.0,
          188.0
        ],
        [
          77.0,
          190.0
        ],
        [
          72.0,
          190.0
        ],
        [
          72.0,
          191.0
        ],
        [
          71.0,
          192.0
        ],
        [
          71.0,
          197.0
        ],
        [
          69.0,
          199.0
        ],
        [
          69.0,
          200.0
        ],
        [
          68.0,
          201.0
        ],
        [
          67.0,
          201.0
        ],
        [
          66.0,
          202.0
        ],
        [
          65.0,
          202.0
        ],
        [
          63.0,
          204.0
        ],
        [
          63.0,
          206.0
        ],
        [
          64.0,
          207.0
        ],
        [
          66.0,
          207.0
        ],
        [
          67.0,
          208.0
        ],
        [
          69.0,
          208.0
        ],
        [
          71.0,
          210.0
        ],
        [
          71.0,
          211.0
        ],
        [
          72.0,
          212.0
        ],
        [
          72.0,
          213.0
        ],
        [
          73.0,
          214.0
        ],
        [
          73.0,
          217.0
        ],
        [
          74.0,
          218.0
        ],
        [
          74.0,
          220.0
        ],
        [
          75.0,
          221.0
        ],
        [
          75.0,
          223.0
        ],
        [
          77.0,
          225.0
        ],
        [
          77.0,
          226.0
        ],
        [
          80.0,
          229.0
        ],
        [
          83.0,
          229.0
        ],
        [
          84.0,
          228.0
        ],
        [
          84.0,
          226.0
        ],
        [
          85.0,
          225.0
        ],
        [
          85.0,
          213.0
        ],
        [
          86.0,
          212.0
        ],
        [
          86.0,
          211.0
        ],
        [
          88.0,
          209.0
        ],
        [
          89.0,
          209.0
        ],
        [
          90.0,
          208.0
        ],
        [
          91.0,
          208.0
        ],
        [
          94.0,
          205.0
        ],
        [
          94.0,
          202.0
        ],
        [
          93.0,
          201.0
        ],
        [
          93.0,
          183.0
        ],
        [
          94.0,
          182.0
        ]
      ],
      "group_id": null,
      "shape_type": "polygon",
      "flags": {}
    },
    {
      "label": "weed",
      "text": "",
      "points": [
        [
          59.0,
          393.0
        ],
        [
          58.0,
          394.0
        ],
        [
          58.0,
          395.0
        ],
        [
          57.0,
          396.0
        ],
        [
          56.0,
          396.0
        ],
        [
          56.0,
          397.0
        ],
        [
          55.0,
          398.0
        ],
        [
          55.0,
          399.0
        ],
        [
          54.0,
          400.0
        ],
        [
          54.0,
          403.0
        ],
        [
          55.0,
          404.0
        ],
        [
          55.0,
          405.0
        ],
        [
          58.0,
          408.0
        ],
        [
          59.0,
          408.0
        ],
        [
          60.0,
          409.0
        ],
        [
          61.0,
          409.0
        ],
        [
          62.0,
          410.0
        ],
        [
          68.0,
          410.0
        ],
        [
          69.0,
          409.0
        ],
        [
          69.0,
          407.0
        ],
        [
          70.0,
          406.0
        ],
        [
          70.0,
          402.0
        ],
        [
          69.0,
          401.0
        ],
        [
          69.0,
          400.0
        ],
        [
          68.0,
          399.0
        ],
        [
          68.0,
          398.0
        ],
        [
          67.0,
          397.0
        ],
        [
          67.0,
          396.0
        ],
        [
          65.0,
          394.0
        ],
        [
          64.0,
          394.0
        ],
        [
          63.0,
          393.0
        ]
      ],
      "group_id": null,
      "shape_type": "polygon",
      "flags": {}
    },
    {
      "label": "weed",
      "text": "",
      "points": [
        [
          26.0,
          497.0
        ],
        [
          25.0,
          497.0
        ],
        [
          24.0,
          496.0
        ],
        [
          21.0,
          496.0
        ],
        [
          20.0,
          497.0
        ],
        [
          19.0,
          497.0
        ],
        [
          16.0,
          500.0
        ],
        [
          16.0,
          501.0
        ],
        [
          15.0,
          502.0
        ],
        [
          15.0,
          503.0
        ],
        [
          14.0,
          504.0
        ],
        [
          14.0,
          506.0
        ],
        [
          13.0,
          507.0
        ],
        [
          13.0,
          508.0
        ],
        [
          10.0,
          511.0
        ],
        [
          8.0,
          511.0
        ],
        [
          7.0,
          510.0
        ],
        [
          6.0,
          510.0
        ],
        [
          5.0,
          509.0
        ],
        [
          0.0,
          509.0
        ],
        [
          0.0,
          542.0
        ],
        [
          2.0,
          542.0
        ],
        [
          3.0,
          541.0
        ],
        [
          4.0,
          541.0
        ],
        [
          5.0,
          540.0
        ],
        [
          6.0,
          540.0
        ],
        [
          7.0,
          539.0
        ],
        [
          8.0,
          539.0
        ],
        [
          9.0,
          538.0
        ],
        [
          9.0,
          537.0
        ],
        [
          10.0,
          536.0
        ],
        [
          10.0,
          532.0
        ],
        [
          11.0,
          531.0
        ],
        [
          11.0,
          530.0
        ],
        [
          14.0,
          527.0
        ],
        [
          14.0,
          521.0
        ],
        [
          16.0,
          519.0
        ],
        [
          23.0,
          519.0
        ],
        [
          24.0,
          518.0
        ],
        [
          25.0,
          518.0
        ],
        [
          26.0,
          517.0
        ],
        [
          26.0,
          516.0
        ],
        [
          27.0,
          515.0
        ],
        [
          27.0,
          513.0
        ],
        [
          28.0,
          512.0
        ],
        [
          28.0,
          506.0
        ],
        [
          29.0,
          505.0
        ],
        [
          29.0,
          500.0
        ]
      ],
      "group_id": null,
      "shape_type": "polygon",
      "flags": {}
    },
    {
      "label": "weed",
      "text": "",
      "points": [
        [
          57.0,
          584.0
        ],
        [
          56.0,
          585.0
        ],
        [
          56.0,
          588.0
        ],
        [
          57.0,
          589.0
        ],
        [
          57.0,
          595.0
        ],
        [
          58.0,
          596.0
        ],
        [
          58.0,
          597.0
        ],
        [
          64.0,
          603.0
        ],
        [
          64.0,
          604.0
        ],
        [
          66.0,
          606.0
        ],
        [
          67.0,
          606.0
        ],
        [
          68.0,
          607.0
        ],
        [
          69.0,
          607.0
        ],
        [
          70.0,
          608.0
        ],
        [
          70.0,
          609.0
        ],
        [
          71.0,
          610.0
        ],
        [
          71.0,
          613.0
        ],
        [
          72.0,
          614.0
        ],
        [
          72.0,
          616.0
        ],
        [
          73.0,
          617.0
        ],
        [
          73.0,
          618.0
        ],
        [
          74.0,
          619.0
        ],
        [
          75.0,
          619.0
        ],
        [
          76.0,
          620.0
        ],
        [
          82.0,
          620.0
        ],
        [
          83.0,
          619.0
        ],
        [
          83.0,
          618.0
        ],
        [
          84.0,
          617.0
        ],
        [
          84.0,
          611.0
        ],
        [
          83.0,
          610.0
        ],
        [
          83.0,
          609.0
        ],
        [
          82.0,
          608.0
        ],
        [
          82.0,
          607.0
        ],
        [
          81.0,
          606.0
        ],
        [
          81.0,
          605.0
        ],
        [
          83.0,
          603.0
        ],
        [
          83.0,
          597.0
        ],
        [
          82.0,
          596.0
        ],
        [
          82.0,
          593.0
        ],
        [
          81.0,
          592.0
        ],
        [
          81.0,
          590.0
        ],
        [
          80.0,
          589.0
        ],
        [
          79.0,
          589.0
        ],
        [
          78.0,
          588.0
        ],
        [
          76.0,
          588.0
        ],
        [
          75.0,
          589.0
        ],
        [
          74.0,
          589.0
        ],
        [
          72.0,
          591.0
        ],
        [
          71.0,
          591.0
        ],
        [
          70.0,
          590.0
        ],
        [
          68.0,
          590.0
        ],
        [
          66.0,
          588.0
        ],
        [
          64.0,
          588.0
        ],
        [
          62.0,
          586.0
        ],
        [
          62.0,
          585.0
        ],
        [
          61.0,
          585.0
        ],
        [
          60.0,
          584.0
        ]
      ],
      "group_id": null,
      "shape_type": "polygon",
      "flags": {}
    },
    {
      "label": "weed",
      "text": "",
      "points": [
        [
          62.0,
          541.0
        ],
        [
          62.0,
          543.0
        ],
        [
          63.0,
          544.0
        ],
        [
          63.0,
          545.0
        ],
        [
          68.0,
          550.0
        ],
        [
          71.0,
          550.0
        ],
        [
          72.0,
          551.0
        ],
        [
          73.0,
          551.0
        ],
        [
          74.0,
          550.0
        ],
        [
          76.0,
          550.0
        ],
        [
          77.0,
          549.0
        ],
        [
          90.0,
          549.0
        ],
        [
          91.0,
          550.0
        ],
        [
          92.0,
          549.0
        ],
        [
          95.0,
          549.0
        ],
        [
          95.0,
          546.0
        ],
        [
          94.0,
          546.0
        ],
        [
          93.0,
          545.0
        ],
        [
          92.0,
          545.0
        ],
        [
          91.0,
          544.0
        ],
        [
          89.0,
          544.0
        ],
        [
          88.0,
          543.0
        ],
        [
          86.0,
          543.0
        ],
        [
          85.0,
          542.0
        ],
        [
          83.0,
          542.0
        ],
        [
          82.0,
          541.0
        ],
        [
          79.0,
          541.0
        ],
        [
          78.0,
          540.0
        ],
        [
          63.0,
          540.0
        ]
      ],
      "group_id": null,
      "shape_type": "polygon",
      "flags": {}
    },
    {
      "label": "weed",
      "text": "",
      "points": [
        [
          638.0,
          478.0
        ],
        [
          636.0,
          478.0
        ],
        [
          634.0,
          480.0
        ],
        [
          626.0,
          480.0
        ],
        [
          624.0,
          482.0
        ],
        [
          624.0,
          489.0
        ],
        [
          625.0,
          490.0
        ],
        [
          625.0,
          494.0
        ],
        [
          624.0,
          495.0
        ],
        [
          624.0,
          496.0
        ],
        [
          623.0,
          497.0
        ],
        [
          623.0,
          501.0
        ],
        [
          624.0,
          501.0
        ],
        [
          625.0,
          502.0
        ],
        [
          627.0,
          502.0
        ],
        [
          628.0,
          503.0
        ],
        [
          629.0,
          503.0
        ],
        [
          630.0,
          504.0
        ],
        [
          634.0,
          504.0
        ],
        [
          635.0,
          505.0
        ],
        [
          635.0,
          509.0
        ],
        [
          634.0,
          510.0
        ],
        [
          633.0,
          510.0
        ],
        [
          632.0,
          511.0
        ],
        [
          630.0,
          511.0
        ],
        [
          632.0,
          513.0
        ],
        [
          632.0,
          516.0
        ],
        [
          631.0,
          517.0
        ],
        [
          631.0,
          518.0
        ],
        [
          629.0,
          520.0
        ],
        [
          629.0,
          521.0
        ],
        [
          627.0,
          523.0
        ],
        [
          627.0,
          526.0
        ],
        [
          628.0,
          526.0
        ],
        [
          629.0,
          525.0
        ],
        [
          631.0,
          525.0
        ],
        [
          633.0,
          523.0
        ],
        [
          634.0,
          523.0
        ],
        [
          635.0,
          522.0
        ],
        [
          636.0,
          522.0
        ],
        [
          638.0,
          520.0
        ],
        [
          638.0,
          517.0
        ],
        [
          639.0,
          516.0
        ],
        [
          639.0,
          479.0
        ]
      ],
      "group_id": null,
      "shape_type": "polygon",
      "flags": {}
    },
    {
      "label": "weed",
      "text": "",
      "points": [
        [
          319.0,
          192.0
        ],
        [
          320.0,
          193.0
        ],
        [
          320.0,
          195.0
        ],
        [
          321.0,
          196.0
        ],
        [
          322.0,
          196.0
        ],
        [
          323.0,
          197.0
        ],
        [
          327.0,
          197.0
        ],
        [
          328.0,
          196.0
        ],
        [
          329.0,
          196.0
        ],
        [
          331.0,
          194.0
        ],
        [
          331.0,
          193.0
        ],
        [
          333.0,
          191.0
        ],
        [
          334.0,
          191.0
        ],
        [
          337.0,
          188.0
        ],
        [
          337.0,
          185.0
        ],
        [
          336.0,
          184.0
        ],
        [
          336.0,
          183.0
        ],
        [
          335.0,
          182.0
        ],
        [
          335.0,
          181.0
        ],
        [
          338.0,
          178.0
        ],
        [
          339.0,
          178.0
        ],
        [
          340.0,
          179.0
        ],
        [
          343.0,
          179.0
        ],
        [
          344.0,
          180.0
        ],
        [
          349.0,
          180.0
        ],
        [
          350.0,
          181.0
        ],
        [
          351.0,
          181.0
        ],
        [
          353.0,
          183.0
        ],
        [
          354.0,
          183.0
        ],
        [
          355.0,
          184.0
        ],
        [
          359.0,
          184.0
        ],
        [
          360.0,
          185.0
        ],
        [
          364.0,
          185.0
        ],
        [
          364.0,
          182.0
        ],
        [
          363.0,
          181.0
        ],
        [
          363.0,
          180.0
        ],
        [
          359.0,
          176.0
        ],
        [
          358.0,
          176.0
        ],
        [
          357.0,
          175.0
        ],
        [
          356.0,
          175.0
        ],
        [
          355.0,
          174.0
        ],
        [
          354.0,
          174.0
        ],
        [
          352.0,
          172.0
        ],
        [
          352.0,
          171.0
        ],
        [
          347.0,
          166.0
        ],
        [
          347.0,
          165.0
        ],
        [
          346.0,
          164.0
        ],
        [
          346.0,
          163.0
        ],
        [
          345.0,
          162.0
        ],
        [
          344.0,
          162.0
        ],
        [
          343.0,
          161.0
        ],
        [
          342.0,
          161.0
        ],
        [
          341.0,
          162.0
        ],
        [
          336.0,
          162.0
        ],
        [
          335.0,
          161.0
        ],
        [
          334.0,
          161.0
        ],
        [
          332.0,
          163.0
        ],
        [
          332.0,
          167.0
        ],
        [
          331.0,
          168.0
        ],
        [
          331.0,
          170.0
        ],
        [
          329.0,
          172.0
        ],
        [
          329.0,
          173.0
        ],
        [
          328.0,
          174.0
        ],
        [
          328.0,
          176.0
        ],
        [
          329.0,
          177.0
        ],
        [
          329.0,
          181.0
        ],
        [
          327.0,
          183.0
        ],
        [
          326.0,
          183.0
        ],
        [
          325.0,
          184.0
        ],
        [
          323.0,
          184.0
        ],
        [
          319.0,
          188.0
        ]
      ],
      "group_id": null,
      "shape_type": "polygon",
      "flags": {}
    },
    {
      "label": "weed",
      "text": "",
      "points": [
        [
          90.0,
          262.0
        ],
        [
          88.0,
          262.0
        ],
        [
          87.0,
          263.0
        ],
        [
          87.0,
          273.0
        ],
        [
          88.0,
          274.0
        ],
        [
          88.0,
          275.0
        ],
        [
          87.0,
          276.0
        ],
        [
          87.0,
          284.0
        ],
        [
          86.0,
          285.0
        ],
        [
          86.0,
          298.0
        ],
        [
          87.0,
          299.0
        ],
        [
          89.0,
          299.0
        ],
        [
          91.0,
          297.0
        ],
        [
          91.0,
          296.0
        ],
        [
          94.0,
          293.0
        ],
        [
          94.0,
          292.0
        ],
        [
          95.0,
          291.0
        ],
        [
          95.0,
          290.0
        ],
        [
          96.0,
          289.0
        ],
        [
          96.0,
          286.0
        ],
        [
          97.0,
          285.0
        ],
        [
          97.0,
          276.0
        ],
        [
          96.0,
          275.0
        ],
        [
          96.0,
          272.0
        ],
        [
          95.0,
          271.0
        ],
        [
          95.0,
          269.0
        ],
        [
          94.0,
          268.0
        ],
        [
          94.0,
          267.0
        ],
        [
          93.0,
          266.0
        ],
        [
          93.0,
          265.0
        ]
      ],
      "group_id": null,
      "shape_type": "polygon",
      "flags": {}
    },
    {
      "label": "weed",
      "text": "",
      "points": [
        [
          50.0,
          354.0
        ],
        [
          50.0,
          358.0
        ],
        [
          51.0,
          359.0
        ],
        [
          51.0,
          360.0
        ],
        [
          54.0,
          363.0
        ],
        [
          60.0,
          363.0
        ],
        [
          61.0,
          362.0
        ],
        [
          62.0,
          362.0
        ],
        [
          62.0,
          361.0
        ],
        [
          65.0,
          358.0
        ],
        [
          68.0,
          358.0
        ],
        [
          69.0,
          359.0
        ],
        [
          71.0,
          359.0
        ],
        [
          72.0,
          360.0
        ],
        [
          73.0,
          359.0
        ],
        [
          73.0,
          356.0
        ],
        [
          71.0,
          354.0
        ],
        [
          65.0,
          354.0
        ],
        [
          63.0,
          352.0
        ],
        [
          62.0,
          352.0
        ],
        [
          61.0,
          351.0
        ],
        [
          52.0,
          351.0
        ],
        [
          51.0,
          352.0
        ],
        [
          51.0,
          353.0
        ]
      ],
      "group_id": null,
      "shape_type": "polygon",
      "flags": {}
    },
    {
      "label": "weed",
      "text": "",
      "points": [
        [
          334.0,
          608.0
        ],
        [
          330.0,
          612.0
        ],
        [
          330.0,
          617.0
        ],
        [
          331.0,
          618.0
        ],
        [
          331.0,
          619.0
        ],
        [
          332.0,
          620.0
        ],
        [
          332.0,
          621.0
        ],
        [
          333.0,
          621.0
        ],
        [
          334.0,
          622.0
        ],
        [
          336.0,
          622.0
        ],
        [
          337.0,
          623.0
        ],
        [
          338.0,
          623.0
        ],
        [
          339.0,
          624.0
        ],
        [
          340.0,
          624.0
        ],
        [
          341.0,
          625.0
        ],
        [
          346.0,
          625.0
        ],
        [
          348.0,
          623.0
        ],
        [
          348.0,
          621.0
        ],
        [
          347.0,
          620.0
        ],
        [
          347.0,
          616.0
        ],
        [
          346.0,
          615.0
        ],
        [
          346.0,
          612.0
        ],
        [
          345.0,
          611.0
        ],
        [
          344.0,
          611.0
        ],
        [
          343.0,
          610.0
        ],
        [
          342.0,
          610.0
        ],
        [
          341.0,
          609.0
        ],
        [
          339.0,
          609.0
        ],
        [
          338.0,
          608.0
        ]
      ],
      "group_id": null,
      "shape_type": "polygon",
      "flags": {}
    }
  ],
  "imagePath": "..\\after_crop\\tile_16_1.jpg",
  "imageData": null,
  "imageHeight": 640,
  "imageWidth": 640
}