{
  "version": "0.3.3",
  "flags": {},
  "shapes": [
    {
      "label": "potato",
      "text": "",
      "points": [
        [
          60.0,
          99.0
        ],
        [
          58.0,
          101.0
        ],
        [
          58.0,
          102.0
        ],
        [
          56.0,
          104.0
        ],
        [
          56.0,
          110.0
        ],
        [
          57.0,
          111.0
        ],
        [
          57.0,
          112.0
        ],
        [
          58.0,
          113.0
        ],
        [
          59.0,
          113.0
        ],
        [
          60.0,
          114.0
        ],
        [
          61.0,
          114.0
        ],
        [
          66.0,
          119.0
        ],
        [
          66.0,
          122.0
        ],
        [
          65.0,
          123.0
        ],
        [
          65.0,
          124.0
        ],
        [
          61.0,
          128.0
        ],
        [
          61.0,
          131.0
        ],
        [
          63.0,
          133.0
        ],
        [
          65.0,
          133.0
        ],
        [
          66.0,
          134.0
        ],
        [
          68.0,
          134.0
        ],
        [
          69.0,
          135.0
        ],
        [
          71.0,
          135.0
        ],
        [
          72.0,
          136.0
        ],
        [
          79.0,
          136.0
        ],
        [
          80.0,
          137.0
        ],
        [
          83.0,
          137.0
        ],
        [
          84.0,
          138.0
        ],
        [
          90.0,
          138.0
        ],
        [
          91.0,
          139.0
        ],
        [
          96.0,
          139.0
        ],
        [
          99.0,
          136.0
        ],
        [
          99.0,
          133.0
        ],
        [
          98.0,
          132.0
        ],
        [
          98.0,
          131.0
        ],
        [
          97.0,
          130.0
        ],
        [
          97.0,
          129.0
        ],
        [
          93.0,
          125.0
        ],
        [
          93.0,
          119.0
        ],
        [
          94.0,
          118.0
        ],
        [
          94.0,
          115.0
        ],
        [
          95.0,
          114.0
        ],
        [
          94.0,
          113.0
        ],
        [
          94.0,
          111.0
        ],
        [
          92.0,
          109.0
        ],
        [
          91.0,
          109.0
        ],
        [
          90.0,
          108.0
        ],
        [
          86.0,
          108.0
        ],
        [
          85.0,
          107.0
        ],
        [
          81.0,
          107.0
        ],
        [
          76.0,
          102.0
        ],
        [
          75.0,
          102.0
        ],
        [
          71.0,
          98.0
        ],
        [
          69.0,
          98.0
        ],
        [
          68.0,
          97.0
        ],
        [
          65.0,
          97.0
        ],
        [
          64.0,
          98.0
        ],
        [
          62.0,
          98.0
        ],
        [
          61.0,
          99.0
        ]
      ],
      "group_id": null,
      "shape_type": "polygon",
      "flags": {}
    },
    {
      "label": "potato",
      "text": "",
      "points": [
        [
          625.0,
          8.0
        ],
        [
          624.0,
          9.0
        ],
        [
          623.0,
          9.0
        ],
        [
          622.0,
          10.0
        ],
        [
          620.0,
          10.0
        ],
        [
          619.0,
          11.0
        ],
        [
          618.0,
          11.0
        ],
        [
          614.0,
          15.0
        ],
        [
          614.0,
          24.0
        ],
        [
          615.0,
          25.0
        ],
        [
          615.0,
          29.0
        ],
        [
          614.0,
          30.0
        ],
        [
          614.0,
          31.0
        ],
        [
          610.0,
          35.0
        ],
        [
          609.0,
          35.0
        ],
        [
          608.0,
          36.0
        ],
        [
          607.0,
          36.0
        ],
        [
          605.0,
          38.0
        ],
        [
          605.0,
          40.0
        ],
        [
          606.0,
          41.0
        ],
        [
          606.0,
          43.0
        ],
        [
          608.0,
          45.0
        ],
        [
          608.0,
          46.0
        ],
        [
          609.0,
          47.0
        ],
        [
          609.0,
          48.0
        ],
        [
          610.0,
          49.0
        ],
        [
          610.0,
          50.0
        ],
        [
          614.0,
          54.0
        ],
        [
          614.0,
          55.0
        ],
        [
          615.0,
          56.0
        ],
        [
          615.0,
          62.0
        ],
        [
          614.0,
          63.0
        ],
        [
          614.0,
          65.0
        ],
        [
          613.0,
          66.0
        ],
        [
          613.0,
          69.0
        ],
        [
          617.0,
          73.0
        ],
        [
          618.0,
          73.0
        ],
        [
          620.0,
          75.0
        ],
        [
          621.0,
          75.0
        ],
        [
          626.0,
          80.0
        ],
        [
          628.0,
          80.0
        ],
        [
          629.0,
          81.0
        ],
        [
          634.0,
          81.0
        ],
        [
          634.0,
          80.0
        ],
        [
          635.0,
          79.0
        ],
        [
          635.0,
          77.0
        ],
        [
          636.0,
          76.0
        ],
        [
          636.0,
          69.0
        ],
        [
          637.0,
          68.0
        ],
        [
          637.0,
          58.0
        ],
        [
          638.0,
          57.0
        ],
        [
          638.0,
          54.0
        ],
        [
          639.0,
          53.0
        ],
        [
          639.0,
          23.0
        ],
        [
          638.0,
          22.0
        ],
        [
          638.0,
          17.0
        ],
        [
          637.0,
          16.0
        ],
        [
          637.0,
          14.0
        ],
        [
          636.0,
          13.0
        ],
        [
          636.0,
          12.0
        ],
        [
          634.0,
          10.0
        ],
        [
          633.0,
          10.0
        ],
        [
          632.0,
          9.0
        ],
        [
          631.0,
          9.0
        ],
        [
          630.0,
          8.0
        ]
      ],
      "group_id": null,
      "shape_type": "polygon",
      "flags": {}
    },
    {
      "label": "potato",
      "text": "",
      "points": [
        [
          638.0,
          248.0
        ],
        [
          637.0,
          248.0
        ],
        [
          636.0,
          249.0
        ],
        [
          635.0,
          249.0
        ],
        [
          634.0,
          250.0
        ],
        [
          633.0,
          250.0
        ],
        [
          631.0,
          252.0
        ],
        [
          625.0,
          252.0
        ],
        [
          624.0,
          251.0
        ],
        [
          622.0,
          251.0
        ],
        [
          620.0,
          249.0
        ],
        [
          619.0,
          249.0
        ],
        [
          617.0,
          247.0
        ],
        [
          616.0,
          247.0
        ],
        [
          615.0,
          246.0
        ],
        [
          614.0,
          246.0
        ],
        [
          613.0,
          245.0
        ],
        [
          611.0,
          245.0
        ],
        [
          610.0,
          246.0
        ],
        [
          609.0,
          246.0
        ],
        [
          606.0,
          249.0
        ],
        [
          606.0,
          251.0
        ],
        [
          605.0,
          252.0
        ],
        [
          605.0,
          255.0
        ],
        [
          602.0,
          258.0
        ],
        [
          601.0,
          258.0
        ],
        [
          600.0,
          259.0
        ],
        [
          599.0,
          259.0
        ],
        [
          594.0,
          264.0
        ],
        [
          593.0,
          264.0
        ],
        [
          592.0,
          265.0
        ],
        [
          590.0,
          265.0
        ],
        [
          589.0,
          266.0
        ],
        [
          581.0,
          266.0
        ],
        [
          580.0,
          267.0
        ],
        [
          578.0,
          267.0
        ],
        [
          577.0,
          268.0
        ],
        [
          577.0,
          269.0
        ],
        [
          576.0,
          270.0
        ],
        [
          576.0,
          285.0
        ],
        [
          578.0,
          287.0
        ],
        [
          580.0,
          287.0
        ],
        [
          581.0,
          288.0
        ],
        [
          584.0,
          288.0
        ],
        [
          585.0,
          289.0
        ],
        [
          590.0,
          289.0
        ],
        [
          591.0,
          290.0
        ],
        [
          592.0,
          290.0
        ],
        [
          593.0,
          291.0
        ],
        [
          593.0,
          292.0
        ],
        [
          594.0,
          293.0
        ],
        [
          594.0,
          297.0
        ],
        [
          593.0,
          298.0
        ],
        [
          593.0,
          306.0
        ],
        [
          594.0,
          307.0
        ],
        [
          594.0,
          308.0
        ],
        [
          596.0,
          310.0
        ],
        [
          597.0,
          310.0
        ],
        [
          598.0,
          311.0
        ],
        [
          601.0,
          311.0
        ],
        [
          602.0,
          310.0
        ],
        [
          604.0,
          310.0
        ],
        [
          605.0,
          309.0
        ],
        [
          606.0,
          309.0
        ],
        [
          610.0,
          305.0
        ],
        [
          611.0,
          305.0
        ],
        [
          613.0,
          303.0
        ],
        [
          614.0,
          303.0
        ],
        [
          617.0,
          300.0
        ],
        [
          619.0,
          300.0
        ],
        [
          624.0,
          305.0
        ],
        [
          625.0,
          305.0
        ],
        [
          626.0,
          306.0
        ],
        [
          633.0,
          306.0
        ],
        [
          634.0,
          305.0
        ],
        [
          636.0,
          305.0
        ],
        [
          638.0,
          303.0
        ],
        [
          638.0,
          299.0
        ],
        [
          639.0,
          298.0
        ],
        [
          639.0,
          250.0
        ],
        [
          638.0,
          249.0
        ]
      ],
      "group_id": null,
      "shape_type": "polygon",
      "flags": {}
    },
    {
      "label": "potato",
      "text": "",
      "points": [
        [
          592.0,
          407.0
        ],
        [
          592.0,
          412.0
        ],
        [
          596.0,
          416.0
        ],
        [
          597.0,
          416.0
        ],
        [
          600.0,
          419.0
        ],
        [
          601.0,
          419.0
        ],
        [
          602.0,
          420.0
        ],
        [
          604.0,
          420.0
        ],
        [
          605.0,
          421.0
        ],
        [
          607.0,
          421.0
        ],
        [
          608.0,
          422.0
        ],
        [
          610.0,
          422.0
        ],
        [
          611.0,
          423.0
        ],
        [
          612.0,
          422.0
        ],
        [
          615.0,
          422.0
        ],
        [
          616.0,
          421.0
        ],
        [
          618.0,
          421.0
        ],
        [
          619.0,
          420.0
        ],
        [
          620.0,
          420.0
        ],
        [
          621.0,
          421.0
        ],
        [
          622.0,
          421.0
        ],
        [
          623.0,
          422.0
        ],
        [
          628.0,
          422.0
        ],
        [
          629.0,
          421.0
        ],
        [
          630.0,
          421.0
        ],
        [
          631.0,
          420.0
        ],
        [
          631.0,
          419.0
        ],
        [
          632.0,
          418.0
        ],
        [
          632.0,
          416.0
        ],
        [
          631.0,
          415.0
        ],
        [
          631.0,
          414.0
        ],
        [
          628.0,
          411.0
        ],
        [
          628.0,
          410.0
        ],
        [
          627.0,
          409.0
        ],
        [
          627.0,
          408.0
        ],
        [
          626.0,
          407.0
        ],
        [
          626.0,
          404.0
        ],
        [
          625.0,
          403.0
        ],
        [
          625.0,
          402.0
        ],
        [
          624.0,
          401.0
        ],
        [
          624.0,
          400.0
        ],
        [
          622.0,
          398.0
        ],
        [
          621.0,
          398.0
        ],
        [
          619.0,
          396.0
        ],
        [
          617.0,
          396.0
        ],
        [
          616.0,
          395.0
        ],
        [
          614.0,
          395.0
        ],
        [
          613.0,
          394.0
        ],
        [
          608.0,
          394.0
        ],
        [
          607.0,
          395.0
        ],
        [
          606.0,
          395.0
        ],
        [
          605.0,
          396.0
        ],
        [
          604.0,
          396.0
        ],
        [
          597.0,
          403.0
        ],
        [
          596.0,
          403.0
        ],
        [
          594.0,
          405.0
        ],
        [
          593.0,
          405.0
        ],
        [
          593.0,
          406.0
        ]
      ],
      "group_id": null,
      "shape_type": "polygon",
      "flags": {}
    },
    {
      "label": "potato",
      "text": "",
      "points": [
        [
          589.0,
          451.0
        ],
        [
          587.0,
          453.0
        ],
        [
          587.0,
          454.0
        ],
        [
          586.0,
          455.0
        ],
        [
          586.0,
          462.0
        ],
        [
          587.0,
          463.0
        ],
        [
          587.0,
          467.0
        ],
        [
          586.0,
          468.0
        ],
        [
          584.0,
          466.0
        ],
        [
          581.0,
          466.0
        ],
        [
          580.0,
          465.0
        ],
        [
          578.0,
          465.0
        ],
        [
          577.0,
          464.0
        ],
        [
          574.0,
          464.0
        ],
        [
          573.0,
          465.0
        ],
        [
          571.0,
          465.0
        ],
        [
          571.0,
          466.0
        ],
        [
          570.0,
          467.0
        ],
        [
          570.0,
          474.0
        ],
        [
          569.0,
          475.0
        ],
        [
          569.0,
          480.0
        ],
        [
          570.0,
          481.0
        ],
        [
          570.0,
          482.0
        ],
        [
          571.0,
          483.0
        ],
        [
          571.0,
          484.0
        ],
        [
          572.0,
          485.0
        ],
        [
          572.0,
          486.0
        ],
        [
          573.0,
          487.0
        ],
        [
          573.0,
          488.0
        ],
        [
          574.0,
          489.0
        ],
        [
          574.0,
          490.0
        ],
        [
          576.0,
          493.0
        ],
        [
          576.0,
          495.0
        ],
        [
          577.0,
          496.0
        ],
        [
          577.0,
          498.0
        ],
        [
          578.0,
          499.0
        ],
        [
          578.0,
          500.0
        ],
        [
          580.0,
          502.0
        ],
        [
          580.0,
          503.0
        ],
        [
          581.0,
          503.0
        ],
        [
          588.0,
          510.0
        ],
        [
          588.0,
          511.0
        ],
        [
          589.0,
          512.0
        ],
        [
          589.0,
          516.0
        ],
        [
          588.0,
          517.0
        ],
        [
          588.0,
          519.0
        ],
        [
          587.0,
          520.0
        ],
        [
          587.0,
          521.0
        ],
        [
          586.0,
          522.0
        ],
        [
          586.0,
          523.0
        ],
        [
          583.0,
          526.0
        ],
        [
          581.0,
          526.0
        ],
        [
          580.0,
          527.0
        ],
        [
          579.0,
          527.0
        ],
        [
          578.0,
          528.0
        ],
        [
          578.0,
          530.0
        ],
        [
          581.0,
          533.0
        ],
        [
          582.0,
          533.0
        ],
        [
          584.0,
          535.0
        ],
        [
          585.0,
          535.0
        ],
        [
          589.0,
          539.0
        ],
        [
          589.0,
          540.0
        ],
        [
          591.0,
          542.0
        ],
        [
          592.0,
          542.0
        ],
        [
          595.0,
          544.0
        ],
        [
          599.0,
          544.0
        ],
        [
          600.0,
          545.0
        ],
        [
          603.0,
          545.0
        ],
        [
          604.0,
          544.0
        ],
        [
          610.0,
          544.0
        ],
        [
          611.0,
          543.0
        ],
        [
          618.0,
          543.0
        ],
        [
          621.0,
          541.0
        ],
        [
          621.0,
          539.0
        ],
        [
          623.0,
          537.0
        ],
        [
          624.0,
          537.0
        ],
        [
          625.0,
          538.0
        ],
        [
          638.0,
          538.0
        ],
        [
          638.0,
          487.0
        ],
        [
          639.0,
          486.0
        ],
        [
          639.0,
          480.0
        ],
        [
          638.0,
          479.0
        ],
        [
          638.0,
          474.0
        ],
        [
          637.0,
          473.0
        ],
        [
          635.0,
          473.0
        ],
        [
          634.0,
          472.0
        ],
        [
          633.0,
          472.0
        ],
        [
          632.0,
          471.0
        ],
        [
          631.0,
          471.0
        ],
        [
          624.0,
          464.0
        ],
        [
          623.0,
          464.0
        ],
        [
          621.0,
          462.0
        ],
        [
          620.0,
          462.0
        ],
        [
          619.0,
          461.0
        ],
        [
          618.0,
          461.0
        ],
        [
          615.0,
          459.0
        ],
        [
          613.0,
          459.0
        ],
        [
          612.0,
          458.0
        ],
        [
          610.0,
          458.0
        ],
        [
          609.0,
          457.0
        ],
        [
          608.0,
          457.0
        ],
        [
          605.0,
          455.0
        ],
        [
          603.0,
          455.0
        ],
        [
          602.0,
          454.0
        ],
        [
          600.0,
          454.0
        ],
        [
          599.0,
          453.0
        ],
        [
          596.0,
          453.0
        ],
        [
          595.0,
          452.0
        ],
        [
          591.0,
          452.0
        ],
        [
          590.0,
          451.0
        ]
      ],
      "group_id": null,
      "shape_type": "polygon",
      "flags": {}
    },
    {
      "label": "potato",
      "text": "",
      "points": [
        [
          636.0,
          561.0
        ],
        [
          635.0,
          561.0
        ],
        [
          634.0,
          560.0
        ],
        [
          622.0,
          560.0
        ],
        [
          621.0,
          561.0
        ],
        [
          620.0,
          561.0
        ],
        [
          616.0,
          565.0
        ],
        [
          615.0,
          565.0
        ],
        [
          614.0,
          566.0
        ],
        [
          607.0,
          566.0
        ],
        [
          606.0,
          567.0
        ],
        [
          606.0,
          568.0
        ],
        [
          605.0,
          569.0
        ],
        [
          605.0,
          570.0
        ],
        [
          604.0,
          571.0
        ],
        [
          604.0,
          573.0
        ],
        [
          603.0,
          574.0
        ],
        [
          603.0,
          576.0
        ],
        [
          602.0,
          577.0
        ],
        [
          602.0,
          580.0
        ],
        [
          604.0,
          582.0
        ],
        [
          604.0,
          585.0
        ],
        [
          601.0,
          588.0
        ],
        [
          601.0,
          589.0
        ],
        [
          596.0,
          594.0
        ],
        [
          596.0,
          595.0
        ],
        [
          594.0,
          597.0
        ],
        [
          594.0,
          600.0
        ],
        [
          595.0,
          601.0
        ],
        [
          595.0,
          602.0
        ],
        [
          596.0,
          603.0
        ],
        [
          596.0,
          604.0
        ],
        [
          597.0,
          605.0
        ],
        [
          596.0,
          606.0
        ],
        [
          596.0,
          607.0
        ],
        [
          594.0,
          609.0
        ],
        [
          593.0,
          609.0
        ],
        [
          589.0,
          613.0
        ],
        [
          589.0,
          614.0
        ],
        [
          587.0,
          616.0
        ],
        [
          587.0,
          618.0
        ],
        [
          586.0,
          619.0
        ],
        [
          586.0,
          631.0
        ],
        [
          587.0,
          632.0
        ],
        [
          587.0,
          636.0
        ],
        [
          588.0,
          637.0
        ],
        [
          588.0,
          638.0
        ],
        [
          589.0,
          639.0
        ],
        [
          638.0,
          639.0
        ],
        [
          639.0,
          638.0
        ],
        [
          639.0,
          636.0
        ],
        [
          638.0,
          635.0
        ],
        [
          639.0,
          634.0
        ],
        [
          639.0,
          583.0
        ],
        [
          638.0,
          582.0
        ],
        [
          639.0,
          581.0
        ],
        [
          639.0,
          571.0
        ],
        [
          638.0,
          570.0
        ],
        [
          638.0,
          563.0
        ]
      ],
      "group_id": null,
      "shape_type": "polygon",
      "flags": {}
    },
    {
      "label": "potato",
      "text": "",
      "points": [
        [
          306.0,
          513.0
        ],
        [
          307.0,
          514.0
        ],
        [
          307.0,
          515.0
        ],
        [
          308.0,
          516.0
        ],
        [
          309.0,
          516.0
        ],
        [
          310.0,
          517.0
        ],
        [
          311.0,
          517.0
        ],
        [
          312.0,
          518.0
        ],
        [
          313.0,
          518.0
        ],
        [
          315.0,
          520.0
        ],
        [
          316.0,
          520.0
        ],
        [
          317.0,
          521.0
        ],
        [
          323.0,
          521.0
        ],
        [
          324.0,
          522.0
        ],
        [
          324.0,
          524.0
        ],
        [
          323.0,
          525.0
        ],
        [
          323.0,
          526.0
        ],
        [
          322.0,
          527.0
        ],
        [
          322.0,
          528.0
        ],
        [
          321.0,
          529.0
        ],
        [
          321.0,
          531.0
        ],
        [
          320.0,
          532.0
        ],
        [
          320.0,
          537.0
        ],
        [
          321.0,
          538.0
        ],
        [
          322.0,
          538.0
        ],
        [
          324.0,
          540.0
        ],
        [
          331.0,
          540.0
        ],
        [
          332.0,
          539.0
        ],
        [
          341.0,
          539.0
        ],
        [
          342.0,
          540.0
        ],
        [
          345.0,
          540.0
        ],
        [
          346.0,
          539.0
        ],
        [
          348.0,
          539.0
        ],
        [
          349.0,
          538.0
        ],
        [
          350.0,
          538.0
        ],
        [
          350.0,
          537.0
        ],
        [
          352.0,
          535.0
        ],
        [
          352.0,
          534.0
        ],
        [
          353.0,
          533.0
        ],
        [
          353.0,
          531.0
        ],
        [
          354.0,
          530.0
        ],
        [
          354.0,
          529.0
        ],
        [
          355.0,
          528.0
        ],
        [
          355.0,
          525.0
        ],
        [
          356.0,
          524.0
        ],
        [
          356.0,
          521.0
        ],
        [
          355.0,
          520.0
        ],
        [
          355.0,
          518.0
        ],
        [
          357.0,
          516.0
        ],
        [
          360.0,
          516.0
        ],
        [
          361.0,
          517.0
        ],
        [
          361.0,
          518.0
        ],
        [
          365.0,
          522.0
        ],
        [
          367.0,
          522.0
        ],
        [
          368.0,
          523.0
        ],
        [
          369.0,
          523.0
        ],
        [
          370.0,
          524.0
        ],
        [
          376.0,
          524.0
        ],
        [
          377.0,
          523.0
        ],
        [
          378.0,
          523.0
        ],
        [
          379.0,
          522.0
        ],
        [
          379.0,
          520.0
        ],
        [
          380.0,
          519.0
        ],
        [
          380.0,
          517.0
        ],
        [
          381.0,
          516.0
        ],
        [
          381.0,
          515.0
        ],
        [
          386.0,
          510.0
        ],
        [
          387.0,
          510.0
        ],
        [
          389.0,
          508.0
        ],
        [
          389.0,
          506.0
        ],
        [
          390.0,
          505.0
        ],
        [
          390.0,
          503.0
        ],
        [
          389.0,
          502.0
        ],
        [
          389.0,
          501.0
        ],
        [
          387.0,
          499.0
        ],
        [
          386.0,
          499.0
        ],
        [
          384.0,
          497.0
        ],
        [
          381.0,
          497.0
        ],
        [
          380.0,
          496.0
        ],
        [
          378.0,
          496.0
        ],
        [
          377.0,
          495.0
        ],
        [
          376.0,
          495.0
        ],
        [
          375.0,
          494.0
        ],
        [
          373.0,
          494.0
        ],
        [
          372.0,
          493.0
        ],
        [
          368.0,
          493.0
        ],
        [
          366.0,
          495.0
        ],
        [
          366.0,
          496.0
        ],
        [
          365.0,
          497.0
        ],
        [
          365.0,
          498.0
        ],
        [
          364.0,
          499.0
        ],
        [
          364.0,
          501.0
        ],
        [
          363.0,
          502.0
        ],
        [
          363.0,
          503.0
        ],
        [
          362.0,
          504.0
        ],
        [
          362.0,
          506.0
        ],
        [
          360.0,
          508.0
        ],
        [
          359.0,
          507.0
        ],
        [
          359.0,
          506.0
        ],
        [
          354.0,
          501.0
        ],
        [
          353.0,
          501.0
        ],
        [
          352.0,
          500.0
        ],
        [
          350.0,
          500.0
        ],
        [
          349.0,
          499.0
        ],
        [
          340.0,
          499.0
        ],
        [
          339.0,
          500.0
        ],
        [
          338.0,
          500.0
        ],
        [
          335.0,
          497.0
        ],
        [
          335.0,
          496.0
        ],
        [
          332.0,
          493.0
        ],
        [
          331.0,
          493.0
        ],
        [
          330.0,
          492.0
        ],
        [
          328.0,
          492.0
        ],
        [
          327.0,
          491.0
        ],
        [
          325.0,
          491.0
        ],
        [
          324.0,
          490.0
        ],
        [
          319.0,
          490.0
        ],
        [
          318.0,
          491.0
        ],
        [
          316.0,
          491.0
        ],
        [
          315.0,
          492.0
        ],
        [
          313.0,
          492.0
        ],
        [
          308.0,
          497.0
        ],
        [
          308.0,
          500.0
        ],
        [
          307.0,
          501.0
        ],
        [
          307.0,
          504.0
        ],
        [
          306.0,
          505.0
        ]
      ],
      "group_id": null,
      "shape_type": "polygon",
      "flags": {}
    },
    {
      "label": "potato",
      "text": "",
      "points": [
        [
          60.0,
          218.0
        ],
        [
          60.0,
          223.0
        ],
        [
          65.0,
          228.0
        ],
        [
          65.0,
          229.0
        ],
        [
          66.0,
          230.0
        ],
        [
          66.0,
          232.0
        ],
        [
          67.0,
          233.0
        ],
        [
          67.0,
          235.0
        ],
        [
          68.0,
          236.0
        ],
        [
          68.0,
          237.0
        ],
        [
          69.0,
          238.0
        ],
        [
          70.0,
          238.0
        ],
        [
          71.0,
          239.0
        ],
        [
          75.0,
          239.0
        ],
        [
          77.0,
          237.0
        ],
        [
          78.0,
          237.0
        ],
        [
          80.0,
          235.0
        ],
        [
          81.0,
          235.0
        ],
        [
          82.0,
          234.0
        ],
        [
          87.0,
          234.0
        ],
        [
          88.0,
          233.0
        ],
        [
          91.0,
          233.0
        ],
        [
          93.0,
          231.0
        ],
        [
          94.0,
          231.0
        ],
        [
          94.0,
          230.0
        ],
        [
          95.0,
          229.0
        ],
        [
          95.0,
          225.0
        ],
        [
          93.0,
          223.0
        ],
        [
          93.0,
          222.0
        ],
        [
          86.0,
          215.0
        ],
        [
          86.0,
          214.0
        ],
        [
          85.0,
          214.0
        ],
        [
          84.0,
          213.0
        ],
        [
          82.0,
          213.0
        ],
        [
          81.0,
          212.0
        ],
        [
          70.0,
          212.0
        ],
        [
          69.0,
          213.0
        ],
        [
          66.0,
          213.0
        ],
        [
          65.0,
          214.0
        ],
        [
          64.0,
          214.0
        ],
        [
          63.0,
          215.0
        ],
        [
          62.0,
          215.0
        ],
        [
          61.0,
          216.0
        ],
        [
          61.0,
          217.0
        ]
      ],
      "group_id": null,
      "shape_type": "polygon",
      "flags": {}
    },
    {
      "label": "weed",
      "text": "",
      "points": [
        [
          242.0,
          429.0
        ],
        [
          241.0,
          429.0
        ],
        [
          237.0,
          433.0
        ],
        [
          237.0,
          435.0
        ],
        [
          234.0,
          438.0
        ],
        [
          232.0,
          438.0
        ],
        [
          231.0,
          439.0
        ],
        [
          231.0,
          448.0
        ],
        [
          232.0,
          449.0
        ],
        [
          232.0,
          451.0
        ],
        [
          231.0,
          452.0
        ],
        [
          231.0,
          454.0
        ],
        [
          230.0,
          455.0
        ],
        [
          231.0,
          456.0
        ],
        [
          231.0,
          460.0
        ],
        [
          232.0,
          461.0
        ],
        [
          232.0,
          466.0
        ],
        [
          233.0,
          467.0
        ],
        [
          235.0,
          467.0
        ],
        [
          236.0,
          466.0
        ],
        [
          237.0,
          466.0
        ],
        [
          238.0,
          465.0
        ],
        [
          239.0,
          465.0
        ],
        [
          241.0,
          463.0
        ],
        [
          242.0,
          463.0
        ],
        [
          247.0,
          458.0
        ],
        [
          247.0,
          457.0
        ],
        [
          251.0,
          453.0
        ],
        [
          251.0,
          452.0
        ],
        [
          252.0,
          451.0
        ],
        [
          252.0,
          450.0
        ],
        [
          251.0,
          449.0
        ],
        [
          251.0,
          447.0
        ],
        [
          250.0,
          446.0
        ],
        [
          250.0,
          440.0
        ],
        [
          249.0,
          439.0
        ],
        [
          249.0,
          438.0
        ],
        [
          247.0,
          436.0
        ],
        [
          247.0,
          432.0
        ],
        [
          245.0,
          430.0
        ],
        [
          243.0,
          430.0
        ]
      ],
      "group_id": null,
      "shape_type": "polygon",
      "flags": {}
    },
    {
      "label": "weed",
      "text": "",
      "points": [
        [
          350.0,
          638.0
        ],
        [
          350.0,
          639.0
        ],
        [
          394.0,
          639.0
        ],
        [
          394.0,
          638.0
        ],
        [
          393.0,
          637.0
        ],
        [
          393.0,
          636.0
        ],
        [
          390.0,
          633.0
        ],
        [
          389.0,
          633.0
        ],
        [
          388.0,
          632.0
        ],
        [
          387.0,
          632.0
        ],
        [
          386.0,
          631.0
        ],
        [
          385.0,
          631.0
        ],
        [
          384.0,
          630.0
        ],
        [
          383.0,
          630.0
        ],
        [
          381.0,
          628.0
        ],
        [
          380.0,
          628.0
        ],
        [
          379.0,
          627.0
        ],
        [
          377.0,
          627.0
        ],
        [
          376.0,
          626.0
        ],
        [
          371.0,
          626.0
        ],
        [
          370.0,
          627.0
        ],
        [
          367.0,
          627.0
        ],
        [
          366.0,
          628.0
        ],
        [
          364.0,
          628.0
        ],
        [
          363.0,
          629.0
        ],
        [
          362.0,
          629.0
        ],
        [
          360.0,
          631.0
        ],
        [
          359.0,
          631.0
        ],
        [
          357.0,
          633.0
        ],
        [
          356.0,
          633.0
        ],
        [
          353.0,
          636.0
        ],
        [
          352.0,
          636.0
        ]
      ],
      "group_id": null,
      "shape_type": "polygon",
      "flags": {}
    },
    {
      "label": "weed",
      "text": "",
      "points": [
        [
          254.0,
          385.0
        ],
        [
          253.0,
          384.0
        ],
        [
          253.0,
          383.0
        ],
        [
          248.0,
          378.0
        ],
        [
          245.0,
          378.0
        ],
        [
          244.0,
          377.0
        ],
        [
          243.0,
          377.0
        ],
        [
          242.0,
          376.0
        ],
        [
          241.0,
          376.0
        ],
        [
          240.0,
          377.0
        ],
        [
          232.0,
          377.0
        ],
        [
          231.0,
          376.0
        ],
        [
          231.0,
          375.0
        ],
        [
          235.0,
          371.0
        ],
        [
          235.0,
          370.0
        ],
        [
          236.0,
          369.0
        ],
        [
          236.0,
          368.0
        ],
        [
          237.0,
          367.0
        ],
        [
          237.0,
          365.0
        ],
        [
          238.0,
          364.0
        ],
        [
          238.0,
          360.0
        ],
        [
          234.0,
          360.0
        ],
        [
          228.0,
          366.0
        ],
        [
          228.0,
          367.0
        ],
        [
          227.0,
          368.0
        ],
        [
          227.0,
          369.0
        ],
        [
          226.0,
          370.0
        ],
        [
          226.0,
          376.0
        ],
        [
          224.0,
          378.0
        ],
        [
          223.0,
          378.0
        ],
        [
          222.0,
          379.0
        ],
        [
          219.0,
          379.0
        ],
        [
          218.0,
          380.0
        ],
        [
          216.0,
          380.0
        ],
        [
          215.0,
          381.0
        ],
        [
          214.0,
          381.0
        ],
        [
          213.0,
          380.0
        ],
        [
          211.0,
          380.0
        ],
        [
          210.0,
          379.0
        ],
        [
          209.0,
          379.0
        ],
        [
          205.0,
          375.0
        ],
        [
          201.0,
          375.0
        ],
        [
          200.0,
          374.0
        ],
        [
          198.0,
          374.0
        ],
        [
          197.0,
          375.0
        ],
        [
          194.0,
          375.0
        ],
        [
          194.0,
          377.0
        ],
        [
          195.0,
          378.0
        ],
        [
          195.0,
          379.0
        ],
        [
          198.0,
          382.0
        ],
        [
          198.0,
          383.0
        ],
        [
          200.0,
          385.0
        ],
        [
          200.0,
          386.0
        ],
        [
          201.0,
          387.0
        ],
        [
          201.0,
          388.0
        ],
        [
          202.0,
          389.0
        ],
        [
          202.0,
          392.0
        ],
        [
          203.0,
          393.0
        ],
        [
          203.0,
          395.0
        ],
        [
          204.0,
          396.0
        ],
        [
          205.0,
          395.0
        ],
        [
          206.0,
          395.0
        ],
        [
          208.0,
          393.0
        ],
        [
          209.0,
          393.0
        ],
        [
          211.0,
          391.0
        ],
        [
          212.0,
          391.0
        ],
        [
          213.0,
          390.0
        ],
        [
          214.0,
          390.0
        ],
        [
          215.0,
          389.0
        ],
        [
          217.0,
          389.0
        ],
        [
          218.0,
          388.0
        ],
        [
          220.0,
          388.0
        ],
        [
          221.0,
          389.0
        ],
        [
          225.0,
          389.0
        ],
        [
          226.0,
          390.0
        ],
        [
          235.0,
          390.0
        ],
        [
          238.0,
          387.0
        ],
        [
          240.0,
          387.0
        ],
        [
          241.0,
          386.0
        ],
        [
          245.0,
          386.0
        ],
        [
          246.0,
          385.0
        ],
        [
          250.0,
          385.0
        ],
        [
          251.0,
          386.0
        ],
        [
          252.0,
          386.0
        ],
        [
          253.0,
          387.0
        ],
        [
          254.0,
          386.0
        ]
      ],
      "group_id": null,
      "shape_type": "polygon",
      "flags": {}
    },
    {
      "label": "weed",
      "text": "",
      "points": [
        [
          275.0,
          297.0
        ],
        [
          274.0,
          297.0
        ],
        [
          273.0,
          298.0
        ],
        [
          273.0,
          299.0
        ],
        [
          272.0,
          300.0
        ],
        [
          272.0,
          310.0
        ],
        [
          271.0,
          311.0
        ],
        [
          271.0,
          313.0
        ],
        [
          269.0,
          315.0
        ],
        [
          267.0,
          315.0
        ],
        [
          266.0,
          316.0
        ],
        [
          265.0,
          316.0
        ],
        [
          263.0,
          318.0
        ],
        [
          262.0,
          318.0
        ],
        [
          257.0,
          323.0
        ],
        [
          256.0,
          323.0
        ],
        [
          255.0,
          324.0
        ],
        [
          253.0,
          324.0
        ],
        [
          252.0,
          325.0
        ],
        [
          250.0,
          325.0
        ],
        [
          249.0,
          326.0
        ],
        [
          248.0,
          326.0
        ],
        [
          248.0,
          327.0
        ],
        [
          247.0,
          328.0
        ],
        [
          247.0,
          329.0
        ],
        [
          246.0,
          330.0
        ],
        [
          246.0,
          332.0
        ],
        [
          248.0,
          332.0
        ],
        [
          250.0,
          334.0
        ],
        [
          251.0,
          334.0
        ],
        [
          252.0,
          335.0
        ],
        [
          256.0,
          335.0
        ],
        [
          257.0,
          334.0
        ],
        [
          258.0,
          334.0
        ],
        [
          258.0,
          333.0
        ],
        [
          260.0,
          331.0
        ],
        [
          262.0,
          331.0
        ],
        [
          263.0,
          332.0
        ],
        [
          265.0,
          332.0
        ],
        [
          266.0,
          333.0
        ],
        [
          267.0,
          333.0
        ],
        [
          270.0,
          330.0
        ],
        [
          278.0,
          330.0
        ],
        [
          279.0,
          329.0
        ],
        [
          279.0,
          326.0
        ],
        [
          280.0,
          325.0
        ],
        [
          280.0,
          320.0
        ],
        [
          281.0,
          319.0
        ],
        [
          281.0,
          314.0
        ],
        [
          282.0,
          313.0
        ],
        [
          281.0,
          312.0
        ],
        [
          281.0,
          311.0
        ],
        [
          277.0,
          307.0
        ],
        [
          277.0,
          306.0
        ],
        [
          276.0,
          305.0
        ],
        [
          276.0,
          303.0
        ],
        [
          277.0,
          302.0
        ],
        [
          277.0,
          301.0
        ],
        [
          276.0,
          300.0
        ],
        [
          276.0,
          298.0
        ]
      ],
      "group_id": null,
      "shape_type": "polygon",
      "flags": {}
    },
    {
      "label": "weed",
      "text": "",
      "points": [
        [
          450.0,
          569.0
        ],
        [
          450.0,
          571.0
        ],
        [
          455.0,
          571.0
        ],
        [
          456.0,
          570.0
        ],
        [
          457.0,
          570.0
        ],
        [
          459.0,
          572.0
        ],
        [
          459.0,
          575.0
        ],
        [
          461.0,
          577.0
        ],
        [
          465.0,
          577.0
        ],
        [
          466.0,
          578.0
        ],
        [
          466.0,
          582.0
        ],
        [
          467.0,
          583.0
        ],
        [
          467.0,
          585.0
        ],
        [
          468.0,
          586.0
        ],
        [
          468.0,
          587.0
        ],
        [
          469.0,
          587.0
        ],
        [
          470.0,
          588.0
        ],
        [
          471.0,
          587.0
        ],
        [
          473.0,
          587.0
        ],
        [
          474.0,
          586.0
        ],
        [
          474.0,
          585.0
        ],
        [
          475.0,
          584.0
        ],
        [
          475.0,
          582.0
        ],
        [
          476.0,
          581.0
        ],
        [
          476.0,
          578.0
        ],
        [
          478.0,
          576.0
        ],
        [
          479.0,
          576.0
        ],
        [
          480.0,
          575.0
        ],
        [
          481.0,
          575.0
        ],
        [
          482.0,
          574.0
        ],
        [
          483.0,
          574.0
        ],
        [
          484.0,
          573.0
        ],
        [
          489.0,
          573.0
        ],
        [
          490.0,
          574.0
        ],
        [
          495.0,
          574.0
        ],
        [
          495.0,
          573.0
        ],
        [
          493.0,
          571.0
        ],
        [
          492.0,
          571.0
        ],
        [
          491.0,
          570.0
        ],
        [
          489.0,
          570.0
        ],
        [
          487.0,
          568.0
        ],
        [
          486.0,
          568.0
        ],
        [
          480.0,
          562.0
        ],
        [
          478.0,
          562.0
        ],
        [
          477.0,
          561.0
        ],
        [
          474.0,
          561.0
        ],
        [
          473.0,
          560.0
        ],
        [
          468.0,
          560.0
        ],
        [
          465.0,
          557.0
        ],
        [
          463.0,
          559.0
        ],
        [
          463.0,
          561.0
        ],
        [
          460.0,
          564.0
        ],
        [
          458.0,
          564.0
        ],
        [
          456.0,
          566.0
        ],
        [
          455.0,
          566.0
        ],
        [
          454.0,
          567.0
        ],
        [
          453.0,
          567.0
        ],
        [
          452.0,
          568.0
        ],
        [
          451.0,
          568.0
        ]
      ],
      "group_id": null,
      "shape_type": "polygon",
      "flags": {}
    },
    {
      "label": "weed",
      "text": "",
      "points": [
        [
          456.0,
          624.0
        ],
        [
          456.0,
          625.0
        ],
        [
          457.0,
          626.0
        ],
        [
          457.0,
          628.0
        ],
        [
          458.0,
          629.0
        ],
        [
          461.0,
          629.0
        ],
        [
          462.0,
          630.0
        ],
        [
          464.0,
          630.0
        ],
        [
          465.0,
          631.0
        ],
        [
          465.0,
          632.0
        ],
        [
          467.0,
          632.0
        ],
        [
          469.0,
          630.0
        ],
        [
          469.0,
          629.0
        ],
        [
          470.0,
          628.0
        ],
        [
          471.0,
          628.0
        ],
        [
          472.0,
          627.0
        ],
        [
          473.0,
          627.0
        ],
        [
          475.0,
          625.0
        ],
        [
          478.0,
          625.0
        ],
        [
          479.0,
          626.0
        ],
        [
          480.0,
          626.0
        ],
        [
          482.0,
          628.0
        ],
        [
          482.0,
          629.0
        ],
        [
          483.0,
          630.0
        ],
        [
          484.0,
          630.0
        ],
        [
          485.0,
          631.0
        ],
        [
          487.0,
          631.0
        ],
        [
          488.0,
          632.0
        ],
        [
          488.0,
          628.0
        ],
        [
          489.0,
          627.0
        ],
        [
          489.0,
          626.0
        ],
        [
          491.0,
          624.0
        ],
        [
          491.0,
          623.0
        ],
        [
          490.0,
          622.0
        ],
        [
          489.0,
          622.0
        ],
        [
          488.0,
          621.0
        ],
        [
          485.0,
          621.0
        ],
        [
          483.0,
          619.0
        ],
        [
          483.0,
          618.0
        ],
        [
          482.0,
          617.0
        ],
        [
          482.0,
          615.0
        ],
        [
          478.0,
          611.0
        ],
        [
          477.0,
          611.0
        ],
        [
          476.0,
          610.0
        ],
        [
          474.0,
          610.0
        ],
        [
          473.0,
          609.0
        ],
        [
          472.0,
          609.0
        ],
        [
          471.0,
          610.0
        ],
        [
          469.0,
          610.0
        ],
        [
          467.0,
          612.0
        ],
        [
          467.0,
          613.0
        ],
        [
          466.0,
          614.0
        ],
        [
          466.0,
          615.0
        ],
        [
          463.0,
          618.0
        ],
        [
          461.0,
          618.0
        ],
        [
          460.0,
          619.0
        ],
        [
          459.0,
          619.0
        ],
        [
          458.0,
          620.0
        ],
        [
          458.0,
          621.0
        ],
        [
          457.0,
          622.0
        ],
        [
          457.0,
          623.0
        ]
      ],
      "group_id": null,
      "shape_type": "polygon",
      "flags": {}
    },
    {
      "label": "weed",
      "text": "",
      "points": [
        [
          448.0,
          601.0
        ],
        [
          448.0,
          604.0
        ],
        [
          450.0,
          606.0
        ],
        [
          470.0,
          606.0
        ],
        [
          471.0,
          605.0
        ],
        [
          472.0,
          605.0
        ],
        [
          472.0,
          604.0
        ],
        [
          473.0,
          603.0
        ],
        [
          473.0,
          600.0
        ],
        [
          472.0,
          600.0
        ],
        [
          471.0,
          599.0
        ],
        [
          467.0,
          599.0
        ],
        [
          466.0,
          600.0
        ],
        [
          456.0,
          600.0
        ],
        [
          455.0,
          599.0
        ],
        [
          450.0,
          599.0
        ]
      ],
      "group_id": null,
      "shape_type": "polygon",
      "flags": {}
    }
  ],
  "imagePath": "..\\after_crop\\tile_1_8.jpg",
  "imageData": null,
  "imageHeight": 640,
  "imageWidth": 640
}