{
  "version": "0.3.3",
  "flags": {},
  "shapes": [
    {
      "label": "potato",
      "text": "",
      "points": [
        [
          409.0,
          386.0
        ],
        [
          407.0,
          389.0
        ],
        [
          407.0,
          391.0
        ],
        [
          404.0,
          394.0
        ],
        [
          386.0,
          398.0
        ],
        [
          383.0,
          400.0
        ],
        [
          380.0,
          400.0
        ],
        [
          373.0,
          403.0
        ],
        [
          367.0,
          409.0
        ],
        [
          364.0,
          417.0
        ],
        [
          365.0,
          426.0
        ],
        [
          367.0,
          428.0
        ],
        [
          373.0,
          430.0
        ],
        [
          376.0,
          433.0
        ],
        [
          381.0,
          444.0
        ],
        [
          381.0,
          451.0
        ],
        [
          379.0,
          453.0
        ],
        [
          379.0,
          456.0
        ],
        [
          386.0,
          462.0
        ],
        [
          385.0,
          473.0
        ],
        [
          391.0,
          482.0
        ],
        [
          392.0,
          485.0
        ],
        [
          392.0,
          494.0
        ],
        [
          390.0,
          497.0
        ],
        [
          390.0,
          499.0
        ],
        [
          379.0,
          511.0
        ],
        [
          372.0,
          514.0
        ],
        [
          368.0,
          519.0
        ],
        [
          366.0,
          523.0
        ],
        [
          367.0,
          534.0
        ],
        [
          364.0,
          537.0
        ],
        [
          357.0,
          541.0
        ],
        [
          356.0,
          543.0
        ],
        [
          356.0,
          551.0
        ],
        [
          359.0,
          553.0
        ],
        [
          383.0,
          551.0
        ],
        [
          385.0,
          553.0
        ],
        [
          392.0,
          556.0
        ],
        [
          398.0,
          562.0
        ],
        [
          405.0,
          566.0
        ],
        [
          407.0,
          566.0
        ],
        [
          410.0,
          568.0
        ],
        [
          418.0,
          568.0
        ],
        [
          422.0,
          565.0
        ],
        [
          431.0,
          565.0
        ],
        [
          436.0,
          563.0
        ],
        [
          439.0,
          560.0
        ],
        [
          439.0,
          556.0
        ],
        [
          443.0,
          546.0
        ],
        [
          447.0,
          543.0
        ],
        [
          454.0,
          542.0
        ],
        [
          458.0,
          544.0
        ],
        [
          463.0,
          551.0
        ],
        [
          466.0,
          552.0
        ],
        [
          475.0,
          552.0
        ],
        [
          476.0,
          553.0
        ],
        [
          482.0,
          549.0
        ],
        [
          482.0,
          545.0
        ],
        [
          480.0,
          541.0
        ],
        [
          472.0,
          535.0
        ],
        [
          468.0,
          533.0
        ],
        [
          458.0,
          532.0
        ],
        [
          456.0,
          530.0
        ],
        [
          455.0,
          524.0
        ],
        [
          448.0,
          517.0
        ],
        [
          444.0,
          515.0
        ],
        [
          441.0,
          512.0
        ],
        [
          440.0,
          507.0
        ],
        [
          446.0,
          500.0
        ],
        [
          444.0,
          497.0
        ],
        [
          440.0,
          495.0
        ],
        [
          437.0,
          492.0
        ],
        [
          436.0,
          489.0
        ],
        [
          436.0,
          478.0
        ],
        [
          435.0,
          476.0
        ],
        [
          432.0,
          474.0
        ],
        [
          430.0,
          477.0
        ],
        [
          430.0,
          480.0
        ],
        [
          425.0,
          483.0
        ],
        [
          421.0,
          481.0
        ],
        [
          415.0,
          474.0
        ],
        [
          415.0,
          469.0
        ],
        [
          417.0,
          466.0
        ],
        [
          418.0,
          460.0
        ],
        [
          420.0,
          456.0
        ],
        [
          424.0,
          452.0
        ],
        [
          435.0,
          450.0
        ],
        [
          440.0,
          446.0
        ],
        [
          440.0,
          441.0
        ],
        [
          429.0,
          428.0
        ],
        [
          430.0,
          424.0
        ],
        [
          433.0,
          422.0
        ],
        [
          449.0,
          421.0
        ],
        [
          452.0,
          419.0
        ],
        [
          454.0,
          413.0
        ],
        [
          453.0,
          410.0
        ],
        [
          447.0,
          405.0
        ],
        [
          444.0,
          405.0
        ],
        [
          443.0,
          404.0
        ],
        [
          431.0,
          405.0
        ],
        [
          421.0,
          399.0
        ],
        [
          417.0,
          399.0
        ],
        [
          414.0,
          394.0
        ],
        [
          414.0,
          388.0
        ],
        [
          412.0,
          386.0
        ]
      ],
      "group_id": null,
      "shape_type": "polygon",
      "flags": {}
    },
    {
      "label": "potato",
      "text": "",
      "points": [
        [
          424.0,
          608.0
        ],
        [
          421.0,
          608.0
        ],
        [
          420.0,
          607.0
        ],
        [
          419.0,
          608.0
        ],
        [
          417.0,
          608.0
        ],
        [
          414.0,
          611.0
        ],
        [
          414.0,
          612.0
        ],
        [
          410.0,
          616.0
        ],
        [
          410.0,
          617.0
        ],
        [
          408.0,
          619.0
        ],
        [
          408.0,
          620.0
        ],
        [
          407.0,
          621.0
        ],
        [
          407.0,
          626.0
        ],
        [
          404.0,
          629.0
        ],
        [
          403.0,
          629.0
        ],
        [
          402.0,
          630.0
        ],
        [
          402.0,
          636.0
        ],
        [
          403.0,
          637.0
        ],
        [
          403.0,
          639.0
        ],
        [
          422.0,
          639.0
        ],
        [
          422.0,
          635.0
        ],
        [
          423.0,
          634.0
        ],
        [
          423.0,
          633.0
        ],
        [
          424.0,
          632.0
        ],
        [
          424.0,
          631.0
        ],
        [
          425.0,
          630.0
        ],
        [
          425.0,
          629.0
        ],
        [
          427.0,
          627.0
        ],
        [
          427.0,
          626.0
        ],
        [
          428.0,
          625.0
        ],
        [
          428.0,
          615.0
        ],
        [
          427.0,
          614.0
        ],
        [
          427.0,
          611.0
        ]
      ],
      "group_id": null,
      "shape_type": "polygon",
      "flags": {}
    }
  ],
  "imagePath": "..\\after_crop\\tile_3_5.jpg",
  "imageData": null,
  "imageHeight": 640,
  "imageWidth": 640
}