{
  "version": "0.3.3",
  "flags": {},
  "shapes": [
    {
      "label": "potato",
      "text": "",
      "points": [
        [
          477.0,
          159.0
        ],
        [
          477.0,
          161.0
        ],
        [
          476.0,
          162.0
        ],
        [
          477.0,
          163.0
        ],
        [
          477.0,
          165.0
        ],
        [
          481.0,
          169.0
        ],
        [
          481.0,
          170.0
        ],
        [
          482.0,
          171.0
        ],
        [
          483.0,
          171.0
        ],
        [
          484.0,
          172.0
        ],
        [
          491.0,
          172.0
        ],
        [
          492.0,
          173.0
        ],
        [
          493.0,
          173.0
        ],
        [
          494.0,
          174.0
        ],
        [
          495.0,
          174.0
        ],
        [
          498.0,
          177.0
        ],
        [
          498.0,
          178.0
        ],
        [
          499.0,
          179.0
        ],
        [
          500.0,
          179.0
        ],
        [
          502.0,
          181.0
        ],
        [
          503.0,
          181.0
        ],
        [
          504.0,
          182.0
        ],
        [
          509.0,
          182.0
        ],
        [
          510.0,
          181.0
        ],
        [
          511.0,
          181.0
        ],
        [
          512.0,
          182.0
        ],
        [
          512.0,
          183.0
        ],
        [
          513.0,
          184.0
        ],
        [
          513.0,
          189.0
        ],
        [
          514.0,
          190.0
        ],
        [
          514.0,
          192.0
        ],
        [
          515.0,
          193.0
        ],
        [
          516.0,
          193.0
        ],
        [
          519.0,
          196.0
        ],
        [
          523.0,
          196.0
        ],
        [
          524.0,
          197.0
        ],
        [
          525.0,
          197.0
        ],
        [
          526.0,
          196.0
        ],
        [
          526.0,
          194.0
        ],
        [
          527.0,
          193.0
        ],
        [
          527.0,
          191.0
        ],
        [
          528.0,
          190.0
        ],
        [
          528.0,
          189.0
        ],
        [
          529.0,
          188.0
        ],
        [
          534.0,
          188.0
        ],
        [
          535.0,
          189.0
        ],
        [
          544.0,
          189.0
        ],
        [
          548.0,
          185.0
        ],
        [
          548.0,
          184.0
        ],
        [
          549.0,
          183.0
        ],
        [
          549.0,
          177.0
        ],
        [
          547.0,
          175.0
        ],
        [
          546.0,
          175.0
        ],
        [
          545.0,
          174.0
        ],
        [
          544.0,
          174.0
        ],
        [
          543.0,
          173.0
        ],
        [
          542.0,
          173.0
        ],
        [
          538.0,
          169.0
        ],
        [
          537.0,
          169.0
        ],
        [
          536.0,
          168.0
        ],
        [
          535.0,
          168.0
        ],
        [
          532.0,
          165.0
        ],
        [
          532.0,
          164.0
        ],
        [
          531.0,
          164.0
        ],
        [
          528.0,
          161.0
        ],
        [
          528.0,
          159.0
        ],
        [
          525.0,
          156.0
        ],
        [
          522.0,
          156.0
        ],
        [
          521.0,
          155.0
        ],
        [
          519.0,
          155.0
        ],
        [
          518.0,
          154.0
        ],
        [
          517.0,
          154.0
        ],
        [
          516.0,
          153.0
        ],
        [
          514.0,
          153.0
        ],
        [
          513.0,
          152.0
        ],
        [
          512.0,
          152.0
        ],
        [
          511.0,
          151.0
        ],
        [
          511.0,
          149.0
        ],
        [
          510.0,
          148.0
        ],
        [
          510.0,
          143.0
        ],
        [
          507.0,
          140.0
        ],
        [
          506.0,
          140.0
        ],
        [
          505.0,
          139.0
        ],
        [
          503.0,
          139.0
        ],
        [
          502.0,
          138.0
        ],
        [
          496.0,
          138.0
        ],
        [
          495.0,
          139.0
        ],
        [
          492.0,
          139.0
        ],
        [
          491.0,
          140.0
        ],
        [
          490.0,
          140.0
        ],
        [
          489.0,
          141.0
        ],
        [
          488.0,
          141.0
        ],
        [
          487.0,
          142.0
        ],
        [
          487.0,
          143.0
        ],
        [
          486.0,
          144.0
        ],
        [
          486.0,
          146.0
        ],
        [
          487.0,
          147.0
        ],
        [
          487.0,
          148.0
        ],
        [
          488.0,
          149.0
        ],
        [
          488.0,
          150.0
        ],
        [
          489.0,
          151.0
        ],
        [
          489.0,
          152.0
        ],
        [
          488.0,
          153.0
        ],
        [
          488.0,
          154.0
        ],
        [
          486.0,
          156.0
        ],
        [
          484.0,
          156.0
        ],
        [
          483.0,
          157.0
        ],
        [
          482.0,
          157.0
        ],
        [
          481.0,
          158.0
        ],
        [
          479.0,
          158.0
        ],
        [
          478.0,
          159.0
        ]
      ],
      "group_id": null,
      "shape_type": "polygon",
      "flags": {}
    },
    {
      "label": "weed",
      "text": "",
      "points": [
        [
          273.0,
          105.0
        ],
        [
          272.0,
          104.0
        ],
        [
          271.0,
          104.0
        ],
        [
          270.0,
          103.0
        ],
        [
          269.0,
          103.0
        ],
        [
          268.0,
          102.0
        ],
        [
          267.0,
          102.0
        ],
        [
          266.0,
          101.0
        ],
        [
          260.0,
          101.0
        ],
        [
          259.0,
          102.0
        ],
        [
          257.0,
          102.0
        ],
        [
          255.0,
          104.0
        ],
        [
          254.0,
          104.0
        ],
        [
          253.0,
          105.0
        ],
        [
          248.0,
          105.0
        ],
        [
          247.0,
          106.0
        ],
        [
          241.0,
          106.0
        ],
        [
          240.0,
          107.0
        ],
        [
          239.0,
          107.0
        ],
        [
          238.0,
          108.0
        ],
        [
          236.0,
          108.0
        ],
        [
          235.0,
          109.0
        ],
        [
          229.0,
          109.0
        ],
        [
          227.0,
          107.0
        ],
        [
          222.0,
          107.0
        ],
        [
          222.0,
          110.0
        ],
        [
          221.0,
          111.0
        ],
        [
          221.0,
          112.0
        ],
        [
          218.0,
          115.0
        ],
        [
          216.0,
          115.0
        ],
        [
          214.0,
          117.0
        ],
        [
          214.0,
          118.0
        ],
        [
          213.0,
          119.0
        ],
        [
          213.0,
          122.0
        ],
        [
          215.0,
          124.0
        ],
        [
          216.0,
          124.0
        ],
        [
          217.0,
          125.0
        ],
        [
          219.0,
          125.0
        ],
        [
          220.0,
          126.0
        ],
        [
          227.0,
          126.0
        ],
        [
          228.0,
          127.0
        ],
        [
          231.0,
          127.0
        ],
        [
          232.0,
          128.0
        ],
        [
          234.0,
          128.0
        ],
        [
          235.0,
          129.0
        ],
        [
          237.0,
          129.0
        ],
        [
          238.0,
          128.0
        ],
        [
          239.0,
          128.0
        ],
        [
          241.0,
          126.0
        ],
        [
          242.0,
          126.0
        ],
        [
          243.0,
          125.0
        ],
        [
          246.0,
          125.0
        ],
        [
          247.0,
          124.0
        ],
        [
          250.0,
          124.0
        ],
        [
          251.0,
          123.0
        ],
        [
          254.0,
          123.0
        ],
        [
          256.0,
          121.0
        ],
        [
          257.0,
          121.0
        ],
        [
          259.0,
          119.0
        ],
        [
          260.0,
          119.0
        ],
        [
          262.0,
          117.0
        ],
        [
          264.0,
          117.0
        ],
        [
          265.0,
          116.0
        ],
        [
          267.0,
          116.0
        ],
        [
          268.0,
          115.0
        ],
        [
          270.0,
          115.0
        ],
        [
          272.0,
          113.0
        ],
        [
          272.0,
          112.0
        ],
        [
          273.0,
          111.0
        ]
      ],
      "group_id": null,
      "shape_type": "polygon",
      "flags": {}
    }
  ],
  "imagePath": "..\\after_crop\\tile_10_1.jpg",
  "imageData": null,
  "imageHeight": 640,
  "imageWidth": 640
}