{
  "version": "0.3.3",
  "flags": {},
  "shapes": [
    {
      "label": "potato",
      "text": "",
      "points": [
        [
          72.0,
          58.0
        ],
        [
          69.0,
          61.0
        ],
        [
          69.0,
          63.0
        ],
        [
          68.0,
          64.0
        ],
        [
          68.0,
          69.0
        ],
        [
          69.0,
          70.0
        ],
        [
          69.0,
          74.0
        ],
        [
          70.0,
          75.0
        ],
        [
          70.0,
          76.0
        ],
        [
          69.0,
          77.0
        ],
        [
          69.0,
          78.0
        ],
        [
          65.0,
          82.0
        ],
        [
          65.0,
          85.0
        ],
        [
          67.0,
          87.0
        ],
        [
          67.0,
          88.0
        ],
        [
          68.0,
          89.0
        ],
        [
          68.0,
          92.0
        ],
        [
          69.0,
          93.0
        ],
        [
          69.0,
          96.0
        ],
        [
          65.0,
          100.0
        ],
        [
          64.0,
          100.0
        ],
        [
          62.0,
          102.0
        ],
        [
          62.0,
          104.0
        ],
        [
          61.0,
          105.0
        ],
        [
          61.0,
          106.0
        ],
        [
          59.0,
          109.0
        ],
        [
          58.0,
          109.0
        ],
        [
          56.0,
          111.0
        ],
        [
          54.0,
          111.0
        ],
        [
          53.0,
          112.0
        ],
        [
          52.0,
          112.0
        ],
        [
          50.0,
          114.0
        ],
        [
          50.0,
          119.0
        ],
        [
          51.0,
          120.0
        ],
        [
          51.0,
          121.0
        ],
        [
          52.0,
          121.0
        ],
        [
          53.0,
          122.0
        ],
        [
          55.0,
          122.0
        ],
        [
          58.0,
          124.0
        ],
        [
          60.0,
          124.0
        ],
        [
          61.0,
          125.0
        ],
        [
          62.0,
          125.0
        ],
        [
          64.0,
          127.0
        ],
        [
          64.0,
          129.0
        ],
        [
          65.0,
          130.0
        ],
        [
          65.0,
          136.0
        ],
        [
          66.0,
          137.0
        ],
        [
          66.0,
          141.0
        ],
        [
          68.0,
          143.0
        ],
        [
          68.0,
          144.0
        ],
        [
          69.0,
          145.0
        ],
        [
          70.0,
          145.0
        ],
        [
          71.0,
          146.0
        ],
        [
          71.0,
          147.0
        ],
        [
          74.0,
          150.0
        ],
        [
          75.0,
          150.0
        ],
        [
          79.0,
          154.0
        ],
        [
          80.0,
          154.0
        ],
        [
          81.0,
          155.0
        ],
        [
          83.0,
          155.0
        ],
        [
          84.0,
          154.0
        ],
        [
          86.0,
          154.0
        ],
        [
          89.0,
          151.0
        ],
        [
          89.0,
          148.0
        ],
        [
          90.0,
          147.0
        ],
        [
          90.0,
          141.0
        ],
        [
          91.0,
          140.0
        ],
        [
          91.0,
          136.0
        ],
        [
          93.0,
          133.0
        ],
        [
          94.0,
          133.0
        ],
        [
          95.0,
          132.0
        ],
        [
          96.0,
          132.0
        ],
        [
          99.0,
          130.0
        ],
        [
          99.0,
          129.0
        ],
        [
          101.0,
          126.0
        ],
        [
          101.0,
          124.0
        ],
        [
          102.0,
          123.0
        ],
        [
          102.0,
          122.0
        ],
        [
          106.0,
          118.0
        ],
        [
          107.0,
          118.0
        ],
        [
          108.0,
          117.0
        ],
        [
          110.0,
          117.0
        ],
        [
          113.0,
          115.0
        ],
        [
          114.0,
          115.0
        ],
        [
          115.0,
          116.0
        ],
        [
          117.0,
          116.0
        ],
        [
          118.0,
          115.0
        ],
        [
          118.0,
          114.0
        ],
        [
          122.0,
          110.0
        ],
        [
          123.0,
          110.0
        ],
        [
          124.0,
          109.0
        ],
        [
          126.0,
          109.0
        ],
        [
          130.0,
          105.0
        ],
        [
          130.0,
          104.0
        ],
        [
          133.0,
          101.0
        ],
        [
          133.0,
          100.0
        ],
        [
          134.0,
          99.0
        ],
        [
          133.0,
          98.0
        ],
        [
          133.0,
          97.0
        ],
        [
          131.0,
          95.0
        ],
        [
          130.0,
          95.0
        ],
        [
          128.0,
          93.0
        ],
        [
          126.0,
          93.0
        ],
        [
          122.0,
          89.0
        ],
        [
          121.0,
          89.0
        ],
        [
          120.0,
          88.0
        ],
        [
          118.0,
          88.0
        ],
        [
          117.0,
          87.0
        ],
        [
          116.0,
          87.0
        ],
        [
          113.0,
          84.0
        ],
        [
          112.0,
          84.0
        ],
        [
          110.0,
          82.0
        ],
        [
          109.0,
          83.0
        ],
        [
          108.0,
          83.0
        ],
        [
          106.0,
          85.0
        ],
        [
          104.0,
          85.0
        ],
        [
          103.0,
          84.0
        ],
        [
          100.0,
          86.0
        ],
        [
          93.0,
          86.0
        ],
        [
          91.0,
          84.0
        ],
        [
          91.0,
          83.0
        ],
        [
          90.0,
          82.0
        ],
        [
          90.0,
          72.0
        ],
        [
          89.0,
          71.0
        ],
        [
          89.0,
          70.0
        ],
        [
          86.0,
          67.0
        ],
        [
          86.0,
          65.0
        ],
        [
          81.0,
          60.0
        ],
        [
          80.0,
          60.0
        ],
        [
          77.0,
          58.0
        ]
      ],
      "group_id": null,
      "shape_type": "polygon",
      "flags": {}
    },
    {
      "label": "potato",
      "text": "",
      "points": [
        [
          101.0,
          342.0
        ],
        [
          100.0,
          341.0
        ],
        [
          99.0,
          341.0
        ],
        [
          98.0,
          340.0
        ],
        [
          97.0,
          340.0
        ],
        [
          96.0,
          341.0
        ],
        [
          95.0,
          341.0
        ],
        [
          94.0,
          340.0
        ],
        [
          92.0,
          340.0
        ],
        [
          86.0,
          334.0
        ],
        [
          85.0,
          334.0
        ],
        [
          84.0,
          333.0
        ],
        [
          75.0,
          333.0
        ],
        [
          72.0,
          336.0
        ],
        [
          72.0,
          337.0
        ],
        [
          69.0,
          340.0
        ],
        [
          66.0,
          340.0
        ],
        [
          65.0,
          341.0
        ],
        [
          64.0,
          341.0
        ],
        [
          56.0,
          349.0
        ],
        [
          56.0,
          355.0
        ],
        [
          57.0,
          356.0
        ],
        [
          57.0,
          364.0
        ],
        [
          56.0,
          365.0
        ],
        [
          56.0,
          368.0
        ],
        [
          54.0,
          370.0
        ],
        [
          54.0,
          371.0
        ],
        [
          53.0,
          372.0
        ],
        [
          52.0,
          372.0
        ],
        [
          51.0,
          373.0
        ],
        [
          50.0,
          373.0
        ],
        [
          49.0,
          374.0
        ],
        [
          48.0,
          374.0
        ],
        [
          47.0,
          375.0
        ],
        [
          47.0,
          376.0
        ],
        [
          46.0,
          377.0
        ],
        [
          46.0,
          378.0
        ],
        [
          45.0,
          379.0
        ],
        [
          45.0,
          382.0
        ],
        [
          44.0,
          383.0
        ],
        [
          44.0,
          386.0
        ],
        [
          45.0,
          387.0
        ],
        [
          45.0,
          389.0
        ],
        [
          47.0,
          391.0
        ],
        [
          48.0,
          391.0
        ],
        [
          49.0,
          392.0
        ],
        [
          52.0,
          392.0
        ],
        [
          53.0,
          391.0
        ],
        [
          56.0,
          391.0
        ],
        [
          57.0,
          390.0
        ],
        [
          58.0,
          390.0
        ],
        [
          59.0,
          389.0
        ],
        [
          60.0,
          389.0
        ],
        [
          61.0,
          388.0
        ],
        [
          62.0,
          388.0
        ],
        [
          63.0,
          387.0
        ],
        [
          68.0,
          387.0
        ],
        [
          69.0,
          388.0
        ],
        [
          70.0,
          388.0
        ],
        [
          72.0,
          390.0
        ],
        [
          74.0,
          390.0
        ],
        [
          75.0,
          391.0
        ],
        [
          77.0,
          391.0
        ],
        [
          78.0,
          390.0
        ],
        [
          81.0,
          390.0
        ],
        [
          82.0,
          389.0
        ],
        [
          83.0,
          389.0
        ],
        [
          84.0,
          388.0
        ],
        [
          85.0,
          388.0
        ],
        [
          87.0,
          386.0
        ],
        [
          87.0,
          385.0
        ],
        [
          88.0,
          384.0
        ],
        [
          88.0,
          382.0
        ],
        [
          87.0,
          381.0
        ],
        [
          87.0,
          380.0
        ],
        [
          83.0,
          376.0
        ],
        [
          84.0,
          375.0
        ],
        [
          90.0,
          375.0
        ],
        [
          91.0,
          374.0
        ],
        [
          92.0,
          374.0
        ],
        [
          94.0,
          372.0
        ],
        [
          95.0,
          372.0
        ],
        [
          96.0,
          371.0
        ],
        [
          96.0,
          370.0
        ],
        [
          97.0,
          369.0
        ],
        [
          97.0,
          364.0
        ],
        [
          96.0,
          363.0
        ],
        [
          96.0,
          362.0
        ],
        [
          92.0,
          358.0
        ],
        [
          92.0,
          354.0
        ],
        [
          98.0,
          348.0
        ],
        [
          99.0,
          348.0
        ],
        [
          101.0,
          346.0
        ]
      ],
      "group_id": null,
      "shape_type": "polygon",
      "flags": {}
    },
    {
      "label": "potato",
      "text": "",
      "points": [
        [
          43.0,
          426.0
        ],
        [
          43.0,
          436.0
        ],
        [
          44.0,
          437.0
        ],
        [
          44.0,
          438.0
        ],
        [
          45.0,
          439.0
        ],
        [
          46.0,
          439.0
        ],
        [
          49.0,
          442.0
        ],
        [
          50.0,
          442.0
        ],
        [
          51.0,
          443.0
        ],
        [
          52.0,
          443.0
        ],
        [
          54.0,
          445.0
        ],
        [
          54.0,
          446.0
        ],
        [
          55.0,
          447.0
        ],
        [
          55.0,
          448.0
        ],
        [
          53.0,
          450.0
        ],
        [
          53.0,
          453.0
        ],
        [
          52.0,
          454.0
        ],
        [
          52.0,
          455.0
        ],
        [
          53.0,
          456.0
        ],
        [
          53.0,
          457.0
        ],
        [
          54.0,
          458.0
        ],
        [
          54.0,
          459.0
        ],
        [
          55.0,
          459.0
        ],
        [
          57.0,
          461.0
        ],
        [
          57.0,
          462.0
        ],
        [
          58.0,
          463.0
        ],
        [
          58.0,
          464.0
        ],
        [
          59.0,
          465.0
        ],
        [
          59.0,
          466.0
        ],
        [
          60.0,
          467.0
        ],
        [
          60.0,
          470.0
        ],
        [
          59.0,
          471.0
        ],
        [
          59.0,
          475.0
        ],
        [
          58.0,
          476.0
        ],
        [
          58.0,
          479.0
        ],
        [
          59.0,
          480.0
        ],
        [
          59.0,
          482.0
        ],
        [
          60.0,
          483.0
        ],
        [
          62.0,
          483.0
        ],
        [
          63.0,
          484.0
        ],
        [
          70.0,
          484.0
        ],
        [
          71.0,
          483.0
        ],
        [
          72.0,
          483.0
        ],
        [
          73.0,
          482.0
        ],
        [
          74.0,
          482.0
        ],
        [
          77.0,
          479.0
        ],
        [
          77.0,
          478.0
        ],
        [
          78.0,
          477.0
        ],
        [
          78.0,
          475.0
        ],
        [
          81.0,
          472.0
        ],
        [
          82.0,
          472.0
        ],
        [
          88.0,
          466.0
        ],
        [
          90.0,
          466.0
        ],
        [
          91.0,
          467.0
        ],
        [
          92.0,
          467.0
        ],
        [
          94.0,
          469.0
        ],
        [
          101.0,
          469.0
        ],
        [
          103.0,
          467.0
        ],
        [
          103.0,
          466.0
        ],
        [
          104.0,
          465.0
        ],
        [
          104.0,
          460.0
        ],
        [
          103.0,
          459.0
        ],
        [
          103.0,
          458.0
        ],
        [
          98.0,
          453.0
        ],
        [
          98.0,
          450.0
        ],
        [
          99.0,
          449.0
        ],
        [
          99.0,
          443.0
        ],
        [
          97.0,
          441.0
        ],
        [
          97.0,
          440.0
        ],
        [
          90.0,
          433.0
        ],
        [
          89.0,
          433.0
        ],
        [
          88.0,
          432.0
        ],
        [
          81.0,
          432.0
        ],
        [
          80.0,
          431.0
        ],
        [
          79.0,
          431.0
        ],
        [
          77.0,
          429.0
        ],
        [
          70.0,
          429.0
        ],
        [
          64.0,
          423.0
        ],
        [
          63.0,
          423.0
        ],
        [
          62.0,
          422.0
        ],
        [
          56.0,
          422.0
        ],
        [
          55.0,
          421.0
        ],
        [
          50.0,
          421.0
        ],
        [
          49.0,
          422.0
        ],
        [
          48.0,
          422.0
        ],
        [
          47.0,
          423.0
        ],
        [
          46.0,
          423.0
        ]
      ],
      "group_id": null,
      "shape_type": "polygon",
      "flags": {}
    },
    {
      "label": "potato",
      "text": "",
      "points": [
        [
          339.0,
          480.0
        ],
        [
          335.0,
          480.0
        ],
        [
          334.0,
          481.0
        ],
        [
          334.0,
          482.0
        ],
        [
          331.0,
          485.0
        ],
        [
          330.0,
          485.0
        ],
        [
          329.0,
          486.0
        ],
        [
          328.0,
          486.0
        ],
        [
          327.0,
          487.0
        ],
        [
          320.0,
          490.0
        ],
        [
          317.0,
          493.0
        ],
        [
          314.0,
          494.0
        ],
        [
          311.0,
          497.0
        ],
        [
          311.0,
          506.0
        ],
        [
          304.0,
          512.0
        ],
        [
          304.0,
          514.0
        ],
        [
          303.0,
          515.0
        ],
        [
          304.0,
          516.0
        ],
        [
          304.0,
          518.0
        ],
        [
          306.0,
          521.0
        ],
        [
          306.0,
          523.0
        ],
        [
          304.0,
          526.0
        ],
        [
          304.0,
          534.0
        ],
        [
          303.0,
          535.0
        ],
        [
          303.0,
          538.0
        ],
        [
          302.0,
          539.0
        ],
        [
          302.0,
          541.0
        ],
        [
          296.0,
          547.0
        ],
        [
          296.0,
          555.0
        ],
        [
          298.0,
          558.0
        ],
        [
          299.0,
          558.0
        ],
        [
          300.0,
          559.0
        ],
        [
          310.0,
          559.0
        ],
        [
          313.0,
          561.0
        ],
        [
          313.0,
          567.0
        ],
        [
          308.0,
          574.0
        ],
        [
          308.0,
          576.0
        ],
        [
          309.0,
          577.0
        ],
        [
          310.0,
          580.0
        ],
        [
          314.0,
          584.0
        ],
        [
          315.0,
          584.0
        ],
        [
          317.0,
          586.0
        ],
        [
          320.0,
          586.0
        ],
        [
          321.0,
          587.0
        ],
        [
          322.0,
          587.0
        ],
        [
          327.0,
          592.0
        ],
        [
          332.0,
          592.0
        ],
        [
          333.0,
          591.0
        ],
        [
          334.0,
          591.0
        ],
        [
          336.0,
          586.0
        ],
        [
          339.0,
          583.0
        ],
        [
          340.0,
          583.0
        ],
        [
          341.0,
          582.0
        ],
        [
          344.0,
          582.0
        ],
        [
          345.0,
          581.0
        ],
        [
          347.0,
          581.0
        ],
        [
          349.0,
          579.0
        ],
        [
          350.0,
          574.0
        ],
        [
          352.0,
          572.0
        ],
        [
          354.0,
          572.0
        ],
        [
          355.0,
          571.0
        ],
        [
          358.0,
          571.0
        ],
        [
          359.0,
          570.0
        ],
        [
          361.0,
          570.0
        ],
        [
          362.0,
          569.0
        ],
        [
          368.0,
          569.0
        ],
        [
          369.0,
          568.0
        ],
        [
          371.0,
          568.0
        ],
        [
          372.0,
          567.0
        ],
        [
          373.0,
          567.0
        ],
        [
          375.0,
          565.0
        ],
        [
          376.0,
          565.0
        ],
        [
          378.0,
          563.0
        ],
        [
          379.0,
          563.0
        ],
        [
          379.0,
          562.0
        ],
        [
          380.0,
          561.0
        ],
        [
          380.0,
          555.0
        ],
        [
          381.0,
          554.0
        ],
        [
          381.0,
          552.0
        ],
        [
          382.0,
          551.0
        ],
        [
          384.0,
          551.0
        ],
        [
          385.0,
          552.0
        ],
        [
          385.0,
          553.0
        ],
        [
          387.0,
          555.0
        ],
        [
          391.0,
          555.0
        ],
        [
          393.0,
          553.0
        ],
        [
          394.0,
          553.0
        ],
        [
          395.0,
          552.0
        ],
        [
          395.0,
          550.0
        ],
        [
          396.0,
          549.0
        ],
        [
          395.0,
          548.0
        ],
        [
          394.0,
          545.0
        ],
        [
          401.0,
          539.0
        ],
        [
          401.0,
          538.0
        ],
        [
          403.0,
          536.0
        ],
        [
          403.0,
          535.0
        ],
        [
          404.0,
          534.0
        ],
        [
          404.0,
          531.0
        ],
        [
          400.0,
          527.0
        ],
        [
          399.0,
          527.0
        ],
        [
          397.0,
          525.0
        ],
        [
          396.0,
          525.0
        ],
        [
          395.0,
          524.0
        ],
        [
          386.0,
          524.0
        ],
        [
          385.0,
          525.0
        ],
        [
          383.0,
          525.0
        ],
        [
          378.0,
          520.0
        ],
        [
          377.0,
          520.0
        ],
        [
          376.0,
          519.0
        ],
        [
          375.0,
          520.0
        ],
        [
          372.0,
          520.0
        ],
        [
          371.0,
          521.0
        ],
        [
          368.0,
          521.0
        ],
        [
          364.0,
          517.0
        ],
        [
          364.0,
          516.0
        ],
        [
          362.0,
          514.0
        ],
        [
          362.0,
          513.0
        ],
        [
          361.0,
          513.0
        ],
        [
          360.0,
          512.0
        ],
        [
          358.0,
          512.0
        ],
        [
          357.0,
          511.0
        ],
        [
          355.0,
          511.0
        ],
        [
          354.0,
          510.0
        ],
        [
          350.0,
          510.0
        ],
        [
          349.0,
          509.0
        ],
        [
          348.0,
          509.0
        ],
        [
          346.0,
          507.0
        ],
        [
          345.0,
          504.0
        ],
        [
          343.0,
          502.0
        ],
        [
          343.0,
          501.0
        ],
        [
          342.0,
          500.0
        ],
        [
          342.0,
          496.0
        ],
        [
          341.0,
          495.0
        ],
        [
          341.0,
          491.0
        ],
        [
          342.0,
          490.0
        ],
        [
          342.0,
          484.0
        ],
        [
          341.0,
          483.0
        ],
        [
          341.0,
          482.0
        ]
      ],
      "group_id": null,
      "shape_type": "polygon",
      "flags": {}
    },
    {
      "label": "potato",
      "text": "",
      "points": [
        [
          335.0,
          0.0
        ],
        [
          335.0,
          1.0
        ],
        [
          331.0,
          5.0
        ],
        [
          330.0,
          5.0
        ],
        [
          325.0,
          10.0
        ],
        [
          325.0,
          11.0
        ],
        [
          324.0,
          12.0
        ],
        [
          324.0,
          14.0
        ],
        [
          323.0,
          15.0
        ],
        [
          323.0,
          23.0
        ],
        [
          322.0,
          24.0
        ],
        [
          322.0,
          31.0
        ],
        [
          323.0,
          32.0
        ],
        [
          323.0,
          33.0
        ],
        [
          324.0,
          34.0
        ],
        [
          324.0,
          35.0
        ],
        [
          325.0,
          36.0
        ],
        [
          325.0,
          37.0
        ],
        [
          326.0,
          38.0
        ],
        [
          331.0,
          38.0
        ],
        [
          331.0,
          37.0
        ],
        [
          332.0,
          36.0
        ],
        [
          332.0,
          35.0
        ],
        [
          335.0,
          32.0
        ],
        [
          336.0,
          32.0
        ],
        [
          337.0,
          31.0
        ],
        [
          338.0,
          31.0
        ],
        [
          339.0,
          30.0
        ],
        [
          340.0,
          30.0
        ],
        [
          341.0,
          29.0
        ],
        [
          342.0,
          29.0
        ],
        [
          343.0,
          28.0
        ],
        [
          346.0,
          28.0
        ],
        [
          352.0,
          34.0
        ],
        [
          353.0,
          34.0
        ],
        [
          354.0,
          35.0
        ],
        [
          356.0,
          35.0
        ],
        [
          357.0,
          36.0
        ],
        [
          358.0,
          35.0
        ],
        [
          359.0,
          35.0
        ],
        [
          361.0,
          33.0
        ],
        [
          361.0,
          32.0
        ],
        [
          362.0,
          31.0
        ],
        [
          362.0,
          30.0
        ],
        [
          363.0,
          29.0
        ],
        [
          363.0,
          28.0
        ],
        [
          365.0,
          26.0
        ],
        [
          365.0,
          25.0
        ],
        [
          366.0,
          24.0
        ],
        [
          366.0,
          21.0
        ],
        [
          365.0,
          20.0
        ],
        [
          365.0,
          19.0
        ],
        [
          364.0,
          18.0
        ],
        [
          364.0,
          17.0
        ],
        [
          363.0,
          16.0
        ],
        [
          363.0,
          8.0
        ],
        [
          362.0,
          7.0
        ],
        [
          362.0,
          2.0
        ],
        [
          361.0,
          1.0
        ],
        [
          361.0,
          0.0
        ]
      ],
      "group_id": null,
      "shape_type": "polygon",
      "flags": {}
    },
    {
      "label": "weed",
      "text": "",
      "points": [
        [
          233.0,
          133.0
        ],
        [
          232.0,
          133.0
        ],
        [
          231.0,
          134.0
        ],
        [
          230.0,
          134.0
        ],
        [
          230.0,
          135.0
        ],
        [
          228.0,
          137.0
        ],
        [
          227.0,
          137.0
        ],
        [
          222.0,
          142.0
        ],
        [
          220.0,
          140.0
        ],
        [
          215.0,
          140.0
        ],
        [
          214.0,
          141.0
        ],
        [
          214.0,
          142.0
        ],
        [
          213.0,
          143.0
        ],
        [
          213.0,
          145.0
        ],
        [
          212.0,
          146.0
        ],
        [
          212.0,
          147.0
        ],
        [
          208.0,
          151.0
        ],
        [
          208.0,
          153.0
        ],
        [
          209.0,
          154.0
        ],
        [
          209.0,
          156.0
        ],
        [
          211.0,
          158.0
        ],
        [
          211.0,
          160.0
        ],
        [
          212.0,
          161.0
        ],
        [
          212.0,
          166.0
        ],
        [
          213.0,
          167.0
        ],
        [
          213.0,
          168.0
        ],
        [
          214.0,
          169.0
        ],
        [
          215.0,
          169.0
        ],
        [
          216.0,
          170.0
        ],
        [
          217.0,
          170.0
        ],
        [
          221.0,
          174.0
        ],
        [
          222.0,
          174.0
        ],
        [
          223.0,
          175.0
        ],
        [
          225.0,
          175.0
        ],
        [
          226.0,
          176.0
        ],
        [
          227.0,
          175.0
        ],
        [
          230.0,
          175.0
        ],
        [
          231.0,
          174.0
        ],
        [
          232.0,
          174.0
        ],
        [
          233.0,
          173.0
        ],
        [
          234.0,
          173.0
        ],
        [
          238.0,
          169.0
        ],
        [
          238.0,
          168.0
        ],
        [
          239.0,
          167.0
        ],
        [
          239.0,
          166.0
        ],
        [
          238.0,
          165.0
        ],
        [
          238.0,
          164.0
        ],
        [
          236.0,
          162.0
        ],
        [
          236.0,
          159.0
        ],
        [
          241.0,
          154.0
        ],
        [
          244.0,
          154.0
        ],
        [
          245.0,
          153.0
        ],
        [
          246.0,
          153.0
        ],
        [
          246.0,
          152.0
        ],
        [
          247.0,
          151.0
        ],
        [
          247.0,
          146.0
        ],
        [
          246.0,
          145.0
        ],
        [
          245.0,
          145.0
        ],
        [
          244.0,
          144.0
        ],
        [
          241.0,
          144.0
        ],
        [
          240.0,
          143.0
        ],
        [
          239.0,
          143.0
        ],
        [
          237.0,
          141.0
        ],
        [
          237.0,
          139.0
        ],
        [
          236.0,
          138.0
        ],
        [
          235.0,
          138.0
        ],
        [
          233.0,
          136.0
        ]
      ],
      "group_id": null,
      "shape_type": "polygon",
      "flags": {}
    },
    {
      "label": "potato",
      "text": "",
      "points": [
        [
          39.0,
          638.0
        ],
        [
          39.0,
          639.0
        ],
        [
          75.0,
          639.0
        ],
        [
          75.0,
          638.0
        ],
        [
          70.0,
          633.0
        ],
        [
          70.0,
          632.0
        ],
        [
          69.0,
          631.0
        ],
        [
          65.0,
          631.0
        ],
        [
          64.0,
          632.0
        ],
        [
          63.0,
          632.0
        ],
        [
          62.0,
          633.0
        ],
        [
          60.0,
          633.0
        ],
        [
          58.0,
          631.0
        ],
        [
          57.0,
          631.0
        ],
        [
          54.0,
          628.0
        ],
        [
          52.0,
          630.0
        ],
        [
          51.0,
          630.0
        ],
        [
          50.0,
          631.0
        ],
        [
          49.0,
          631.0
        ],
        [
          46.0,
          634.0
        ],
        [
          45.0,
          634.0
        ],
        [
          44.0,
          635.0
        ],
        [
          43.0,
          635.0
        ],
        [
          42.0,
          636.0
        ],
        [
          41.0,
          636.0
        ]
      ],
      "group_id": null,
      "shape_type": "polygon",
      "flags": {}
    },
    {
      "label": "potato",
      "text": "",
      "points": [
        [
          86.0,
          638.0
        ],
        [
          86.0,
          639.0
        ],
        [
          113.0,
          639.0
        ],
        [
          113.0,
          635.0
        ],
        [
          112.0,
          634.0
        ],
        [
          112.0,
          626.0
        ],
        [
          111.0,
          625.0
        ],
        [
          107.0,
          625.0
        ],
        [
          106.0,
          624.0
        ],
        [
          98.0,
          624.0
        ],
        [
          97.0,
          625.0
        ],
        [
          96.0,
          625.0
        ],
        [
          95.0,
          626.0
        ],
        [
          94.0,
          626.0
        ],
        [
          89.0,
          631.0
        ],
        [
          89.0,
          632.0
        ],
        [
          88.0,
          633.0
        ],
        [
          88.0,
          635.0
        ],
        [
          87.0,
          636.0
        ],
        [
          87.0,
          637.0
        ]
      ],
      "group_id": null,
      "shape_type": "polygon",
      "flags": {}
    }
  ],
  "imagePath": "..\\after_crop\\tile_4_9.jpg",
  "imageData": null,
  "imageHeight": 640,
  "imageWidth": 640
}