{
  "version": "0.3.3",
  "flags": {},
  "shapes": [
    {
      "label": "potato",
      "text": "",
      "points": [
        [
          72.0,
          16.0
        ],
        [
          65.0,
          16.0
        ],
        [
          61.0,
          20.0
        ],
        [
          61.0,
          22.0
        ],
        [
          60.0,
          23.0
        ],
        [
          60.0,
          24.0
        ],
        [
          58.0,
          27.0
        ],
        [
          57.0,
          27.0
        ],
        [
          55.0,
          29.0
        ],
        [
          54.0,
          29.0
        ],
        [
          53.0,
          30.0
        ],
        [
          51.0,
          30.0
        ],
        [
          49.0,
          32.0
        ],
        [
          48.0,
          32.0
        ],
        [
          46.0,
          34.0
        ],
        [
          45.0,
          34.0
        ],
        [
          44.0,
          35.0
        ],
        [
          42.0,
          35.0
        ],
        [
          41.0,
          36.0
        ],
        [
          39.0,
          36.0
        ],
        [
          38.0,
          35.0
        ],
        [
          36.0,
          35.0
        ],
        [
          35.0,
          34.0
        ],
        [
          31.0,
          34.0
        ],
        [
          30.0,
          35.0
        ],
        [
          29.0,
          35.0
        ],
        [
          28.0,
          36.0
        ],
        [
          27.0,
          36.0
        ],
        [
          26.0,
          37.0
        ],
        [
          25.0,
          37.0
        ],
        [
          24.0,
          38.0
        ],
        [
          23.0,
          38.0
        ],
        [
          23.0,
          40.0
        ],
        [
          26.0,
          43.0
        ],
        [
          26.0,
          44.0
        ],
        [
          27.0,
          45.0
        ],
        [
          27.0,
          50.0
        ],
        [
          25.0,
          52.0
        ],
        [
          24.0,
          52.0
        ],
        [
          23.0,
          53.0
        ],
        [
          22.0,
          53.0
        ],
        [
          21.0,
          54.0
        ],
        [
          20.0,
          54.0
        ],
        [
          19.0,
          55.0
        ],
        [
          18.0,
          55.0
        ],
        [
          16.0,
          58.0
        ],
        [
          16.0,
          60.0
        ],
        [
          15.0,
          61.0
        ],
        [
          15.0,
          62.0
        ],
        [
          12.0,
          65.0
        ],
        [
          12.0,
          70.0
        ],
        [
          13.0,
          71.0
        ],
        [
          13.0,
          72.0
        ],
        [
          15.0,
          74.0
        ],
        [
          15.0,
          76.0
        ],
        [
          16.0,
          77.0
        ],
        [
          16.0,
          78.0
        ],
        [
          21.0,
          83.0
        ],
        [
          22.0,
          83.0
        ],
        [
          24.0,
          85.0
        ],
        [
          27.0,
          85.0
        ],
        [
          28.0,
          86.0
        ],
        [
          31.0,
          86.0
        ],
        [
          40.0,
          95.0
        ],
        [
          41.0,
          95.0
        ],
        [
          42.0,
          96.0
        ],
        [
          43.0,
          96.0
        ],
        [
          45.0,
          98.0
        ],
        [
          46.0,
          98.0
        ],
        [
          51.0,
          103.0
        ],
        [
          53.0,
          103.0
        ],
        [
          54.0,
          104.0
        ],
        [
          67.0,
          104.0
        ],
        [
          70.0,
          101.0
        ],
        [
          71.0,
          101.0
        ],
        [
          71.0,
          100.0
        ],
        [
          82.0,
          89.0
        ],
        [
          83.0,
          89.0
        ],
        [
          84.0,
          88.0
        ],
        [
          88.0,
          88.0
        ],
        [
          89.0,
          87.0
        ],
        [
          91.0,
          87.0
        ],
        [
          92.0,
          86.0
        ],
        [
          93.0,
          86.0
        ],
        [
          94.0,
          85.0
        ],
        [
          94.0,
          83.0
        ],
        [
          95.0,
          82.0
        ],
        [
          95.0,
          80.0
        ],
        [
          97.0,
          77.0
        ],
        [
          99.0,
          77.0
        ],
        [
          102.0,
          79.0
        ],
        [
          106.0,
          79.0
        ],
        [
          107.0,
          78.0
        ],
        [
          109.0,
          78.0
        ],
        [
          110.0,
          77.0
        ],
        [
          110.0,
          73.0
        ],
        [
          109.0,
          72.0
        ],
        [
          109.0,
          71.0
        ],
        [
          108.0,
          70.0
        ],
        [
          108.0,
          69.0
        ],
        [
          107.0,
          68.0
        ],
        [
          107.0,
          67.0
        ],
        [
          104.0,
          64.0
        ],
        [
          103.0,
          64.0
        ],
        [
          101.0,
          62.0
        ],
        [
          101.0,
          61.0
        ],
        [
          100.0,
          60.0
        ],
        [
          100.0,
          59.0
        ],
        [
          99.0,
          58.0
        ],
        [
          99.0,
          57.0
        ],
        [
          95.0,
          53.0
        ],
        [
          95.0,
          51.0
        ],
        [
          94.0,
          50.0
        ],
        [
          94.0,
          39.0
        ],
        [
          93.0,
          38.0
        ],
        [
          93.0,
          37.0
        ],
        [
          92.0,
          36.0
        ],
        [
          92.0,
          35.0
        ],
        [
          87.0,
          30.0
        ],
        [
          87.0,
          29.0
        ],
        [
          83.0,
          24.0
        ],
        [
          82.0,
          24.0
        ],
        [
          76.0,
          18.0
        ],
        [
          75.0,
          18.0
        ]
      ],
      "group_id": null,
      "shape_type": "polygon",
      "flags": {}
    },
    {
      "label": "potato",
      "text": "",
      "points": [
        [
          338.0,
          345.0
        ],
        [
          336.0,
          343.0
        ],
        [
          336.0,
          342.0
        ],
        [
          335.0,
          342.0
        ],
        [
          334.0,
          341.0
        ],
        [
          333.0,
          341.0
        ],
        [
          332.0,
          340.0
        ],
        [
          331.0,
          340.0
        ],
        [
          330.0,
          339.0
        ],
        [
          326.0,
          339.0
        ],
        [
          325.0,
          340.0
        ],
        [
          321.0,
          340.0
        ],
        [
          320.0,
          341.0
        ],
        [
          319.0,
          341.0
        ],
        [
          317.0,
          343.0
        ],
        [
          315.0,
          343.0
        ],
        [
          314.0,
          342.0
        ],
        [
          313.0,
          342.0
        ],
        [
          312.0,
          341.0
        ],
        [
          311.0,
          341.0
        ],
        [
          310.0,
          340.0
        ],
        [
          308.0,
          340.0
        ],
        [
          307.0,
          341.0
        ],
        [
          306.0,
          341.0
        ],
        [
          305.0,
          342.0
        ],
        [
          304.0,
          342.0
        ],
        [
          304.0,
          343.0
        ],
        [
          303.0,
          344.0
        ],
        [
          303.0,
          345.0
        ],
        [
          302.0,
          346.0
        ],
        [
          302.0,
          349.0
        ],
        [
          301.0,
          350.0
        ],
        [
          301.0,
          352.0
        ],
        [
          300.0,
          353.0
        ],
        [
          300.0,
          356.0
        ],
        [
          299.0,
          357.0
        ],
        [
          299.0,
          358.0
        ],
        [
          298.0,
          359.0
        ],
        [
          298.0,
          364.0
        ],
        [
          297.0,
          365.0
        ],
        [
          297.0,
          368.0
        ],
        [
          296.0,
          369.0
        ],
        [
          296.0,
          370.0
        ],
        [
          293.0,
          373.0
        ],
        [
          282.0,
          373.0
        ],
        [
          281.0,
          374.0
        ],
        [
          281.0,
          377.0
        ],
        [
          284.0,
          380.0
        ],
        [
          285.0,
          380.0
        ],
        [
          286.0,
          381.0
        ],
        [
          287.0,
          381.0
        ],
        [
          289.0,
          383.0
        ],
        [
          291.0,
          383.0
        ],
        [
          292.0,
          384.0
        ],
        [
          294.0,
          384.0
        ],
        [
          295.0,
          385.0
        ],
        [
          301.0,
          385.0
        ],
        [
          302.0,
          386.0
        ],
        [
          303.0,
          386.0
        ],
        [
          304.0,
          387.0
        ],
        [
          309.0,
          387.0
        ],
        [
          310.0,
          386.0
        ],
        [
          311.0,
          386.0
        ],
        [
          312.0,
          385.0
        ],
        [
          314.0,
          385.0
        ],
        [
          315.0,
          384.0
        ],
        [
          316.0,
          384.0
        ],
        [
          317.0,
          383.0
        ],
        [
          318.0,
          383.0
        ],
        [
          319.0,
          382.0
        ],
        [
          320.0,
          382.0
        ],
        [
          321.0,
          381.0
        ],
        [
          322.0,
          381.0
        ],
        [
          323.0,
          380.0
        ],
        [
          324.0,
          380.0
        ],
        [
          325.0,
          381.0
        ],
        [
          331.0,
          381.0
        ],
        [
          332.0,
          382.0
        ],
        [
          334.0,
          382.0
        ],
        [
          335.0,
          383.0
        ],
        [
          339.0,
          383.0
        ],
        [
          340.0,
          382.0
        ],
        [
          340.0,
          380.0
        ],
        [
          341.0,
          379.0
        ],
        [
          341.0,
          364.0
        ],
        [
          338.0,
          361.0
        ],
        [
          338.0,
          360.0
        ],
        [
          337.0,
          359.0
        ],
        [
          337.0,
          356.0
        ],
        [
          338.0,
          355.0
        ],
        [
          338.0,
          353.0
        ],
        [
          339.0,
          352.0
        ],
        [
          339.0,
          347.0
        ],
        [
          338.0,
          346.0
        ]
      ],
      "group_id": null,
      "shape_type": "polygon",
      "flags": {}
    },
    {
      "label": "potato",
      "text": "",
      "points": [
        [
          577.0,
          574.0
        ],
        [
          577.0,
          575.0
        ],
        [
          576.0,
          576.0
        ],
        [
          576.0,
          577.0
        ],
        [
          575.0,
          578.0
        ],
        [
          575.0,
          582.0
        ],
        [
          574.0,
          583.0
        ],
        [
          574.0,
          590.0
        ],
        [
          576.0,
          592.0
        ],
        [
          577.0,
          592.0
        ],
        [
          578.0,
          593.0
        ],
        [
          578.0,
          594.0
        ],
        [
          579.0,
          595.0
        ],
        [
          579.0,
          601.0
        ],
        [
          580.0,
          602.0
        ],
        [
          581.0,
          602.0
        ],
        [
          582.0,
          603.0
        ],
        [
          583.0,
          603.0
        ],
        [
          584.0,
          604.0
        ],
        [
          585.0,
          604.0
        ],
        [
          587.0,
          606.0
        ],
        [
          587.0,
          607.0
        ],
        [
          588.0,
          608.0
        ],
        [
          588.0,
          612.0
        ],
        [
          589.0,
          613.0
        ],
        [
          589.0,
          614.0
        ],
        [
          590.0,
          615.0
        ],
        [
          590.0,
          616.0
        ],
        [
          592.0,
          618.0
        ],
        [
          593.0,
          618.0
        ],
        [
          594.0,
          619.0
        ],
        [
          595.0,
          619.0
        ],
        [
          596.0,
          620.0
        ],
        [
          598.0,
          620.0
        ],
        [
          599.0,
          619.0
        ],
        [
          601.0,
          619.0
        ],
        [
          602.0,
          618.0
        ],
        [
          611.0,
          618.0
        ],
        [
          612.0,
          617.0
        ],
        [
          612.0,
          616.0
        ],
        [
          614.0,
          614.0
        ],
        [
          614.0,
          613.0
        ],
        [
          616.0,
          611.0
        ],
        [
          617.0,
          611.0
        ],
        [
          618.0,
          610.0
        ],
        [
          631.0,
          610.0
        ],
        [
          632.0,
          609.0
        ],
        [
          634.0,
          609.0
        ],
        [
          634.0,
          608.0
        ],
        [
          636.0,
          606.0
        ],
        [
          636.0,
          600.0
        ],
        [
          635.0,
          599.0
        ],
        [
          635.0,
          598.0
        ],
        [
          630.0,
          593.0
        ],
        [
          630.0,
          592.0
        ],
        [
          629.0,
          591.0
        ],
        [
          629.0,
          590.0
        ],
        [
          630.0,
          589.0
        ],
        [
          630.0,
          588.0
        ],
        [
          631.0,
          587.0
        ],
        [
          631.0,
          583.0
        ],
        [
          630.0,
          583.0
        ],
        [
          629.0,
          582.0
        ],
        [
          625.0,
          582.0
        ],
        [
          624.0,
          581.0
        ],
        [
          622.0,
          581.0
        ],
        [
          621.0,
          580.0
        ],
        [
          618.0,
          580.0
        ],
        [
          617.0,
          579.0
        ],
        [
          616.0,
          579.0
        ],
        [
          615.0,
          578.0
        ],
        [
          612.0,
          578.0
        ],
        [
          611.0,
          577.0
        ],
        [
          610.0,
          578.0
        ],
        [
          600.0,
          578.0
        ],
        [
          599.0,
          577.0
        ],
        [
          597.0,
          577.0
        ],
        [
          596.0,
          576.0
        ],
        [
          595.0,
          576.0
        ],
        [
          594.0,
          575.0
        ],
        [
          592.0,
          575.0
        ],
        [
          591.0,
          574.0
        ],
        [
          589.0,
          574.0
        ],
        [
          588.0,
          573.0
        ],
        [
          578.0,
          573.0
        ]
      ],
      "group_id": null,
      "shape_type": "polygon",
      "flags": {}
    },
    {
      "label": "potato",
      "text": "",
      "points": [
        [
          73.0,
          540.0
        ],
        [
          71.0,
          538.0
        ],
        [
          70.0,
          538.0
        ],
        [
          69.0,
          537.0
        ],
        [
          68.0,
          537.0
        ],
        [
          67.0,
          536.0
        ],
        [
          66.0,
          536.0
        ],
        [
          65.0,
          535.0
        ],
        [
          64.0,
          535.0
        ],
        [
          62.0,
          533.0
        ],
        [
          57.0,
          533.0
        ],
        [
          56.0,
          534.0
        ],
        [
          56.0,
          539.0
        ],
        [
          55.0,
          540.0
        ],
        [
          55.0,
          542.0
        ],
        [
          49.0,
          548.0
        ],
        [
          48.0,
          548.0
        ],
        [
          47.0,
          549.0
        ],
        [
          42.0,
          549.0
        ],
        [
          41.0,
          550.0
        ],
        [
          41.0,
          551.0
        ],
        [
          40.0,
          552.0
        ],
        [
          40.0,
          554.0
        ],
        [
          39.0,
          555.0
        ],
        [
          39.0,
          556.0
        ],
        [
          37.0,
          558.0
        ],
        [
          34.0,
          558.0
        ],
        [
          33.0,
          557.0
        ],
        [
          32.0,
          557.0
        ],
        [
          31.0,
          556.0
        ],
        [
          30.0,
          556.0
        ],
        [
          29.0,
          557.0
        ],
        [
          26.0,
          557.0
        ],
        [
          25.0,
          558.0
        ],
        [
          24.0,
          558.0
        ],
        [
          23.0,
          559.0
        ],
        [
          22.0,
          559.0
        ],
        [
          21.0,
          560.0
        ],
        [
          20.0,
          560.0
        ],
        [
          19.0,
          561.0
        ],
        [
          19.0,
          562.0
        ],
        [
          18.0,
          563.0
        ],
        [
          19.0,
          564.0
        ],
        [
          19.0,
          565.0
        ],
        [
          20.0,
          566.0
        ],
        [
          20.0,
          567.0
        ],
        [
          21.0,
          568.0
        ],
        [
          21.0,
          569.0
        ],
        [
          23.0,
          571.0
        ],
        [
          27.0,
          571.0
        ],
        [
          28.0,
          572.0
        ],
        [
          37.0,
          572.0
        ],
        [
          38.0,
          573.0
        ],
        [
          40.0,
          573.0
        ],
        [
          41.0,
          574.0
        ],
        [
          45.0,
          574.0
        ],
        [
          46.0,
          575.0
        ],
        [
          47.0,
          575.0
        ],
        [
          48.0,
          574.0
        ],
        [
          49.0,
          574.0
        ],
        [
          50.0,
          573.0
        ],
        [
          51.0,
          573.0
        ],
        [
          56.0,
          568.0
        ],
        [
          57.0,
          568.0
        ],
        [
          58.0,
          567.0
        ],
        [
          59.0,
          567.0
        ],
        [
          60.0,
          566.0
        ],
        [
          65.0,
          566.0
        ],
        [
          66.0,
          565.0
        ],
        [
          67.0,
          565.0
        ],
        [
          71.0,
          561.0
        ],
        [
          71.0,
          551.0
        ],
        [
          72.0,
          550.0
        ],
        [
          72.0,
          548.0
        ],
        [
          73.0,
          547.0
        ],
        [
          73.0,
          545.0
        ],
        [
          74.0,
          544.0
        ],
        [
          73.0,
          543.0
        ]
      ],
      "group_id": null,
      "shape_type": "polygon",
      "flags": {}
    },
    {
      "label": "weed",
      "text": "",
      "points": [
        [
          211.0,
          456.0
        ],
        [
          210.0,
          457.0
        ],
        [
          210.0,
          458.0
        ],
        [
          209.0,
          459.0
        ],
        [
          209.0,
          460.0
        ],
        [
          208.0,
          461.0
        ],
        [
          208.0,
          467.0
        ],
        [
          207.0,
          468.0
        ],
        [
          207.0,
          473.0
        ],
        [
          206.0,
          474.0
        ],
        [
          206.0,
          475.0
        ],
        [
          205.0,
          476.0
        ],
        [
          204.0,
          476.0
        ],
        [
          202.0,
          478.0
        ],
        [
          202.0,
          479.0
        ],
        [
          200.0,
          481.0
        ],
        [
          199.0,
          481.0
        ],
        [
          199.0,
          483.0
        ],
        [
          200.0,
          484.0
        ],
        [
          201.0,
          484.0
        ],
        [
          202.0,
          483.0
        ],
        [
          203.0,
          483.0
        ],
        [
          206.0,
          480.0
        ],
        [
          207.0,
          480.0
        ],
        [
          208.0,
          479.0
        ],
        [
          212.0,
          479.0
        ],
        [
          213.0,
          478.0
        ],
        [
          223.0,
          478.0
        ],
        [
          228.0,
          483.0
        ],
        [
          228.0,
          484.0
        ],
        [
          233.0,
          489.0
        ],
        [
          234.0,
          489.0
        ],
        [
          235.0,
          488.0
        ],
        [
          236.0,
          488.0
        ],
        [
          236.0,
          484.0
        ],
        [
          235.0,
          483.0
        ],
        [
          235.0,
          482.0
        ],
        [
          233.0,
          480.0
        ],
        [
          233.0,
          479.0
        ],
        [
          232.0,
          478.0
        ],
        [
          232.0,
          476.0
        ],
        [
          231.0,
          475.0
        ],
        [
          231.0,
          470.0
        ],
        [
          232.0,
          469.0
        ],
        [
          232.0,
          462.0
        ],
        [
          234.0,
          460.0
        ],
        [
          237.0,
          463.0
        ],
        [
          238.0,
          463.0
        ],
        [
          238.0,
          461.0
        ],
        [
          239.0,
          460.0
        ],
        [
          240.0,
          460.0
        ],
        [
          241.0,
          459.0
        ],
        [
          242.0,
          460.0
        ],
        [
          242.0,
          461.0
        ],
        [
          243.0,
          462.0
        ],
        [
          243.0,
          463.0
        ],
        [
          240.0,
          466.0
        ],
        [
          240.0,
          467.0
        ],
        [
          239.0,
          468.0
        ],
        [
          239.0,
          469.0
        ],
        [
          241.0,
          471.0
        ],
        [
          242.0,
          471.0
        ],
        [
          244.0,
          469.0
        ],
        [
          244.0,
          467.0
        ],
        [
          245.0,
          466.0
        ],
        [
          245.0,
          459.0
        ],
        [
          244.0,
          458.0
        ],
        [
          240.0,
          458.0
        ],
        [
          239.0,
          457.0
        ],
        [
          238.0,
          457.0
        ],
        [
          237.0,
          456.0
        ],
        [
          234.0,
          456.0
        ],
        [
          232.0,
          458.0
        ],
        [
          226.0,
          458.0
        ],
        [
          225.0,
          457.0
        ],
        [
          224.0,
          457.0
        ],
        [
          223.0,
          456.0
        ],
        [
          222.0,
          456.0
        ],
        [
          221.0,
          455.0
        ],
        [
          220.0,
          455.0
        ],
        [
          219.0,
          454.0
        ],
        [
          214.0,
          454.0
        ],
        [
          212.0,
          456.0
        ]
      ],
      "group_id": null,
      "shape_type": "polygon",
      "flags": {}
    },
    {
      "label": "weed",
      "text": "",
      "points": [
        [
          320.0,
          464.0
        ],
        [
          319.0,
          465.0
        ],
        [
          318.0,
          465.0
        ],
        [
          317.0,
          466.0
        ],
        [
          316.0,
          466.0
        ],
        [
          315.0,
          467.0
        ],
        [
          314.0,
          467.0
        ],
        [
          314.0,
          468.0
        ],
        [
          313.0,
          469.0
        ],
        [
          313.0,
          471.0
        ],
        [
          314.0,
          472.0
        ],
        [
          314.0,
          473.0
        ],
        [
          315.0,
          474.0
        ],
        [
          315.0,
          475.0
        ],
        [
          316.0,
          476.0
        ],
        [
          316.0,
          478.0
        ],
        [
          317.0,
          479.0
        ],
        [
          317.0,
          481.0
        ],
        [
          318.0,
          482.0
        ],
        [
          318.0,
          483.0
        ],
        [
          319.0,
          484.0
        ],
        [
          319.0,
          485.0
        ],
        [
          323.0,
          489.0
        ],
        [
          327.0,
          489.0
        ],
        [
          330.0,
          486.0
        ],
        [
          331.0,
          486.0
        ],
        [
          331.0,
          485.0
        ],
        [
          334.0,
          482.0
        ],
        [
          334.0,
          481.0
        ],
        [
          335.0,
          480.0
        ],
        [
          335.0,
          474.0
        ],
        [
          330.0,
          469.0
        ],
        [
          330.0,
          468.0
        ],
        [
          326.0,
          464.0
        ]
      ],
      "group_id": null,
      "shape_type": "polygon",
      "flags": {}
    },
    {
      "label": "weed",
      "text": "",
      "points": [
        [
          258.0,
          558.0
        ],
        [
          256.0,
          560.0
        ],
        [
          256.0,
          562.0
        ],
        [
          255.0,
          563.0
        ],
        [
          255.0,
          565.0
        ],
        [
          256.0,
          566.0
        ],
        [
          256.0,
          569.0
        ],
        [
          257.0,
          570.0
        ],
        [
          257.0,
          571.0
        ],
        [
          258.0,
          572.0
        ],
        [
          258.0,
          573.0
        ],
        [
          259.0,
          574.0
        ],
        [
          259.0,
          581.0
        ],
        [
          260.0,
          582.0
        ],
        [
          260.0,
          583.0
        ],
        [
          262.0,
          585.0
        ],
        [
          263.0,
          585.0
        ],
        [
          264.0,
          586.0
        ],
        [
          267.0,
          586.0
        ],
        [
          270.0,
          589.0
        ],
        [
          270.0,
          591.0
        ],
        [
          269.0,
          592.0
        ],
        [
          269.0,
          593.0
        ],
        [
          271.0,
          595.0
        ],
        [
          273.0,
          595.0
        ],
        [
          274.0,
          594.0
        ],
        [
          274.0,
          590.0
        ],
        [
          275.0,
          589.0
        ],
        [
          275.0,
          575.0
        ],
        [
          274.0,
          574.0
        ],
        [
          274.0,
          573.0
        ],
        [
          273.0,
          572.0
        ],
        [
          273.0,
          569.0
        ],
        [
          272.0,
          568.0
        ],
        [
          272.0,
          567.0
        ],
        [
          271.0,
          566.0
        ],
        [
          271.0,
          565.0
        ],
        [
          270.0,
          564.0
        ],
        [
          269.0,
          564.0
        ],
        [
          264.0,
          559.0
        ],
        [
          264.0,
          558.0
        ]
      ],
      "group_id": null,
      "shape_type": "polygon",
      "flags": {}
    },
    {
      "label": "weed",
      "text": "",
      "points": [
        [
          266.0,
          110.0
        ],
        [
          265.0,
          111.0
        ],
        [
          264.0,
          111.0
        ],
        [
          263.0,
          112.0
        ],
        [
          263.0,
          122.0
        ],
        [
          264.0,
          123.0
        ],
        [
          264.0,
          127.0
        ],
        [
          270.0,
          133.0
        ],
        [
          270.0,
          136.0
        ],
        [
          271.0,
          137.0
        ],
        [
          272.0,
          137.0
        ],
        [
          273.0,
          136.0
        ],
        [
          274.0,
          136.0
        ],
        [
          276.0,
          134.0
        ],
        [
          276.0,
          133.0
        ],
        [
          277.0,
          132.0
        ],
        [
          277.0,
          126.0
        ],
        [
          276.0,
          125.0
        ],
        [
          277.0,
          124.0
        ],
        [
          277.0,
          120.0
        ],
        [
          278.0,
          119.0
        ],
        [
          278.0,
          113.0
        ],
        [
          276.0,
          111.0
        ],
        [
          274.0,
          111.0
        ],
        [
          273.0,
          110.0
        ]
      ],
      "group_id": null,
      "shape_type": "polygon",
      "flags": {}
    },
    {
      "label": "weed",
      "text": "",
      "points": [
        [
          184.0,
          216.0
        ],
        [
          184.0,
          219.0
        ],
        [
          185.0,
          220.0
        ],
        [
          185.0,
          221.0
        ],
        [
          189.0,
          225.0
        ],
        [
          192.0,
          225.0
        ],
        [
          193.0,
          226.0
        ],
        [
          200.0,
          226.0
        ],
        [
          201.0,
          225.0
        ],
        [
          203.0,
          225.0
        ],
        [
          204.0,
          224.0
        ],
        [
          205.0,
          224.0
        ],
        [
          206.0,
          223.0
        ],
        [
          206.0,
          214.0
        ],
        [
          205.0,
          214.0
        ],
        [
          204.0,
          213.0
        ],
        [
          199.0,
          213.0
        ],
        [
          198.0,
          212.0
        ],
        [
          196.0,
          212.0
        ],
        [
          195.0,
          211.0
        ],
        [
          190.0,
          211.0
        ],
        [
          189.0,
          212.0
        ],
        [
          188.0,
          212.0
        ],
        [
          187.0,
          213.0
        ],
        [
          186.0,
          213.0
        ],
        [
          185.0,
          214.0
        ],
        [
          185.0,
          215.0
        ]
      ],
      "group_id": null,
      "shape_type": "polygon",
      "flags": {}
    },
    {
      "label": "weed",
      "text": "",
      "points": [
        [
          638.0,
          454.0
        ],
        [
          637.0,
          454.0
        ],
        [
          636.0,
          455.0
        ],
        [
          635.0,
          455.0
        ],
        [
          634.0,
          456.0
        ],
        [
          633.0,
          456.0
        ],
        [
          632.0,
          457.0
        ],
        [
          630.0,
          457.0
        ],
        [
          629.0,
          458.0
        ],
        [
          627.0,
          458.0
        ],
        [
          622.0,
          463.0
        ],
        [
          623.0,
          464.0
        ],
        [
          623.0,
          469.0
        ],
        [
          624.0,
          470.0
        ],
        [
          624.0,
          476.0
        ],
        [
          626.0,
          478.0
        ],
        [
          635.0,
          478.0
        ],
        [
          636.0,
          477.0
        ],
        [
          638.0,
          477.0
        ],
        [
          638.0,
          476.0
        ],
        [
          639.0,
          475.0
        ],
        [
          639.0,
          456.0
        ],
        [
          638.0,
          455.0
        ]
      ],
      "group_id": null,
      "shape_type": "polygon",
      "flags": {}
    },
    {
      "label": "weed",
      "text": "",
      "points": [
        [
          464.0,
          43.0
        ],
        [
          464.0,
          44.0
        ],
        [
          463.0,
          45.0
        ],
        [
          463.0,
          50.0
        ],
        [
          465.0,
          52.0
        ],
        [
          470.0,
          52.0
        ],
        [
          473.0,
          55.0
        ],
        [
          473.0,
          56.0
        ],
        [
          476.0,
          59.0
        ],
        [
          477.0,
          59.0
        ],
        [
          480.0,
          62.0
        ],
        [
          481.0,
          62.0
        ],
        [
          482.0,
          63.0
        ],
        [
          484.0,
          63.0
        ],
        [
          485.0,
          64.0
        ],
        [
          486.0,
          64.0
        ],
        [
          487.0,
          65.0
        ],
        [
          488.0,
          65.0
        ],
        [
          489.0,
          66.0
        ],
        [
          490.0,
          66.0
        ],
        [
          491.0,
          67.0
        ],
        [
          492.0,
          67.0
        ],
        [
          493.0,
          68.0
        ],
        [
          494.0,
          68.0
        ],
        [
          495.0,
          69.0
        ],
        [
          495.0,
          70.0
        ],
        [
          494.0,
          71.0
        ],
        [
          494.0,
          73.0
        ],
        [
          496.0,
          73.0
        ],
        [
          496.0,
          71.0
        ],
        [
          495.0,
          70.0
        ],
        [
          495.0,
          67.0
        ],
        [
          496.0,
          66.0
        ],
        [
          496.0,
          59.0
        ],
        [
          495.0,
          58.0
        ],
        [
          495.0,
          50.0
        ],
        [
          494.0,
          49.0
        ],
        [
          494.0,
          48.0
        ],
        [
          492.0,
          48.0
        ],
        [
          490.0,
          46.0
        ],
        [
          489.0,
          46.0
        ],
        [
          488.0,
          45.0
        ],
        [
          486.0,
          45.0
        ],
        [
          485.0,
          44.0
        ],
        [
          484.0,
          44.0
        ],
        [
          482.0,
          42.0
        ],
        [
          482.0,
          41.0
        ],
        [
          481.0,
          40.0
        ],
        [
          481.0,
          39.0
        ],
        [
          480.0,
          38.0
        ],
        [
          479.0,
          38.0
        ],
        [
          478.0,
          39.0
        ],
        [
          477.0,
          39.0
        ],
        [
          476.0,
          40.0
        ],
        [
          476.0,
          41.0
        ],
        [
          474.0,
          43.0
        ],
        [
          473.0,
          43.0
        ],
        [
          472.0,
          42.0
        ],
        [
          465.0,
          42.0
        ]
      ],
      "group_id": null,
      "shape_type": "polygon",
      "flags": {}
    },
    {
      "label": "weed",
      "text": "",
      "points": [
        [
          448.0,
          73.0
        ],
        [
          444.0,
          73.0
        ],
        [
          443.0,
          74.0
        ],
        [
          440.0,
          74.0
        ],
        [
          439.0,
          75.0
        ],
        [
          438.0,
          75.0
        ],
        [
          433.0,
          80.0
        ],
        [
          433.0,
          81.0
        ],
        [
          432.0,
          82.0
        ],
        [
          432.0,
          83.0
        ],
        [
          431.0,
          84.0
        ],
        [
          431.0,
          92.0
        ],
        [
          430.0,
          93.0
        ],
        [
          430.0,
          95.0
        ],
        [
          429.0,
          96.0
        ],
        [
          429.0,
          97.0
        ],
        [
          428.0,
          98.0
        ],
        [
          428.0,
          100.0
        ],
        [
          427.0,
          101.0
        ],
        [
          427.0,
          105.0
        ],
        [
          428.0,
          106.0
        ],
        [
          428.0,
          110.0
        ],
        [
          436.0,
          110.0
        ],
        [
          436.0,
          107.0
        ],
        [
          439.0,
          104.0
        ],
        [
          439.0,
          102.0
        ],
        [
          438.0,
          101.0
        ],
        [
          438.0,
          100.0
        ],
        [
          437.0,
          99.0
        ],
        [
          437.0,
          91.0
        ],
        [
          438.0,
          90.0
        ],
        [
          438.0,
          89.0
        ],
        [
          440.0,
          87.0
        ],
        [
          440.0,
          86.0
        ],
        [
          445.0,
          81.0
        ],
        [
          446.0,
          81.0
        ],
        [
          447.0,
          80.0
        ],
        [
          447.0,
          79.0
        ],
        [
          448.0,
          78.0
        ],
        [
          448.0,
          77.0
        ],
        [
          449.0,
          76.0
        ],
        [
          449.0,
          75.0
        ],
        [
          448.0,
          74.0
        ]
      ],
      "group_id": null,
      "shape_type": "polygon",
      "flags": {}
    },
    {
      "label": "weed",
      "text": "",
      "points": [
        [
          607.0,
          95.0
        ],
        [
          604.0,
          98.0
        ],
        [
          603.0,
          98.0
        ],
        [
          600.0,
          101.0
        ],
        [
          600.0,
          108.0
        ],
        [
          601.0,
          109.0
        ],
        [
          601.0,
          110.0
        ],
        [
          603.0,
          112.0
        ],
        [
          604.0,
          112.0
        ],
        [
          605.0,
          113.0
        ],
        [
          606.0,
          113.0
        ],
        [
          608.0,
          115.0
        ],
        [
          609.0,
          115.0
        ],
        [
          611.0,
          117.0
        ],
        [
          611.0,
          119.0
        ],
        [
          612.0,
          120.0
        ],
        [
          612.0,
          122.0
        ],
        [
          611.0,
          123.0
        ],
        [
          611.0,
          126.0
        ],
        [
          610.0,
          127.0
        ],
        [
          610.0,
          129.0
        ],
        [
          611.0,
          130.0
        ],
        [
          619.0,
          130.0
        ],
        [
          621.0,
          128.0
        ],
        [
          621.0,
          127.0
        ],
        [
          622.0,
          126.0
        ],
        [
          622.0,
          122.0
        ],
        [
          621.0,
          121.0
        ],
        [
          621.0,
          120.0
        ],
        [
          619.0,
          118.0
        ],
        [
          618.0,
          118.0
        ],
        [
          617.0,
          117.0
        ],
        [
          616.0,
          117.0
        ],
        [
          614.0,
          115.0
        ],
        [
          614.0,
          114.0
        ],
        [
          613.0,
          113.0
        ],
        [
          613.0,
          112.0
        ],
        [
          612.0,
          111.0
        ],
        [
          612.0,
          110.0
        ],
        [
          613.0,
          109.0
        ],
        [
          613.0,
          107.0
        ],
        [
          614.0,
          106.0
        ],
        [
          614.0,
          105.0
        ],
        [
          613.0,
          104.0
        ],
        [
          613.0,
          103.0
        ],
        [
          614.0,
          102.0
        ],
        [
          614.0,
          97.0
        ],
        [
          612.0,
          95.0
        ]
      ],
      "group_id": null,
      "shape_type": "polygon",
      "flags": {}
    }
  ],
  "imagePath": "..\\after_crop\\tile_1_6.jpg",
  "imageData": null,
  "imageHeight": 640,
  "imageWidth": 640
}