{
  "version": "0.3.3",
  "flags": {},
  "shapes": [
    {
      "label": "potato",
      "text": "",
      "points": [
        [
          13.0,
          15.0
        ],
        [
          8.0,
          15.0
        ],
        [
          7.0,
          16.0
        ],
        [
          5.0,
          16.0
        ],
        [
          1.0,
          20.0
        ],
        [
          0.0,
          20.0
        ],
        [
          0.0,
          57.0
        ],
        [
          1.0,
          57.0
        ],
        [
          3.0,
          59.0
        ],
        [
          4.0,
          59.0
        ],
        [
          5.0,
          60.0
        ],
        [
          6.0,
          60.0
        ],
        [
          7.0,
          59.0
        ],
        [
          11.0,
          59.0
        ],
        [
          12.0,
          58.0
        ],
        [
          14.0,
          58.0
        ],
        [
          16.0,
          56.0
        ],
        [
          16.0,
          55.0
        ],
        [
          17.0,
          54.0
        ],
        [
          17.0,
          53.0
        ],
        [
          16.0,
          52.0
        ],
        [
          16.0,
          50.0
        ],
        [
          13.0,
          47.0
        ],
        [
          13.0,
          46.0
        ],
        [
          12.0,
          45.0
        ],
        [
          12.0,
          42.0
        ],
        [
          13.0,
          41.0
        ],
        [
          13.0,
          40.0
        ],
        [
          14.0,
          39.0
        ],
        [
          14.0,
          38.0
        ],
        [
          18.0,
          34.0
        ],
        [
          18.0,
          33.0
        ],
        [
          19.0,
          32.0
        ],
        [
          19.0,
          31.0
        ],
        [
          20.0,
          30.0
        ],
        [
          20.0,
          27.0
        ],
        [
          21.0,
          26.0
        ],
        [
          21.0,
          22.0
        ],
        [
          20.0,
          21.0
        ],
        [
          20.0,
          20.0
        ],
        [
          16.0,
          16.0
        ],
        [
          14.0,
          16.0
        ]
      ],
      "group_id": null,
      "shape_type": "polygon",
      "flags": {}
    },
    {
      "label": "potato",
      "text": "",
      "points": [
        [
          32.0,
          245.0
        ],
        [
          30.0,
          245.0
        ],
        [
          28.0,
          247.0
        ],
        [
          27.0,
          247.0
        ],
        [
          26.0,
          248.0
        ],
        [
          25.0,
          248.0
        ],
        [
          24.0,
          249.0
        ],
        [
          23.0,
          249.0
        ],
        [
          22.0,
          250.0
        ],
        [
          19.0,
          250.0
        ],
        [
          18.0,
          249.0
        ],
        [
          17.0,
          249.0
        ],
        [
          13.0,
          245.0
        ],
        [
          12.0,
          245.0
        ],
        [
          11.0,
          244.0
        ],
        [
          10.0,
          244.0
        ],
        [
          9.0,
          243.0
        ],
        [
          6.0,
          243.0
        ],
        [
          5.0,
          242.0
        ],
        [
          0.0,
          242.0
        ],
        [
          0.0,
          313.0
        ],
        [
          1.0,
          313.0
        ],
        [
          2.0,
          312.0
        ],
        [
          3.0,
          312.0
        ],
        [
          6.0,
          309.0
        ],
        [
          7.0,
          309.0
        ],
        [
          10.0,
          306.0
        ],
        [
          11.0,
          306.0
        ],
        [
          12.0,
          305.0
        ],
        [
          13.0,
          305.0
        ],
        [
          14.0,
          304.0
        ],
        [
          15.0,
          304.0
        ],
        [
          19.0,
          300.0
        ],
        [
          19.0,
          299.0
        ],
        [
          23.0,
          295.0
        ],
        [
          28.0,
          295.0
        ],
        [
          29.0,
          294.0
        ],
        [
          30.0,
          294.0
        ],
        [
          32.0,
          292.0
        ],
        [
          32.0,
          291.0
        ],
        [
          37.0,
          286.0
        ],
        [
          37.0,
          285.0
        ],
        [
          40.0,
          282.0
        ],
        [
          40.0,
          280.0
        ],
        [
          41.0,
          279.0
        ],
        [
          40.0,
          278.0
        ],
        [
          40.0,
          276.0
        ],
        [
          38.0,
          274.0
        ],
        [
          38.0,
          273.0
        ],
        [
          37.0,
          273.0
        ],
        [
          36.0,
          272.0
        ],
        [
          35.0,
          272.0
        ],
        [
          32.0,
          269.0
        ],
        [
          32.0,
          265.0
        ],
        [
          33.0,
          264.0
        ],
        [
          33.0,
          263.0
        ],
        [
          37.0,
          259.0
        ],
        [
          37.0,
          258.0
        ],
        [
          38.0,
          257.0
        ],
        [
          38.0,
          252.0
        ],
        [
          36.0,
          250.0
        ],
        [
          36.0,
          249.0
        ],
        [
          34.0,
          247.0
        ],
        [
          34.0,
          246.0
        ],
        [
          33.0,
          246.0
        ]
      ],
      "group_id": null,
      "shape_type": "polygon",
      "flags": {}
    },
    {
      "label": "potato",
      "text": "",
      "points": [
        [
          32.0,
          381.0
        ],
        [
          28.0,
          381.0
        ],
        [
          16.0,
          389.0
        ],
        [
          5.0,
          393.0
        ],
        [
          3.0,
          395.0
        ],
        [
          2.0,
          400.0
        ],
        [
          0.0,
          401.0
        ],
        [
          0.0,
          639.0
        ],
        [
          42.0,
          639.0
        ],
        [
          44.0,
          637.0
        ],
        [
          43.0,
          626.0
        ],
        [
          46.0,
          621.0
        ],
        [
          61.0,
          622.0
        ],
        [
          62.0,
          621.0
        ],
        [
          68.0,
          620.0
        ],
        [
          72.0,
          615.0
        ],
        [
          72.0,
          611.0
        ],
        [
          66.0,
          603.0
        ],
        [
          65.0,
          599.0
        ],
        [
          63.0,
          597.0
        ],
        [
          58.0,
          595.0
        ],
        [
          54.0,
          591.0
        ],
        [
          54.0,
          589.0
        ],
        [
          52.0,
          586.0
        ],
        [
          52.0,
          579.0
        ],
        [
          50.0,
          575.0
        ],
        [
          51.0,
          574.0
        ],
        [
          52.0,
          566.0
        ],
        [
          55.0,
          560.0
        ],
        [
          55.0,
          556.0
        ],
        [
          50.0,
          552.0
        ],
        [
          47.0,
          551.0
        ],
        [
          35.0,
          551.0
        ],
        [
          32.0,
          549.0
        ],
        [
          29.0,
          549.0
        ],
        [
          26.0,
          546.0
        ],
        [
          28.0,
          533.0
        ],
        [
          35.0,
          521.0
        ],
        [
          38.0,
          519.0
        ],
        [
          40.0,
          516.0
        ],
        [
          39.0,
          513.0
        ],
        [
          37.0,
          511.0
        ],
        [
          36.0,
          501.0
        ],
        [
          35.0,
          500.0
        ],
        [
          36.0,
          482.0
        ],
        [
          31.0,
          475.0
        ],
        [
          29.0,
          470.0
        ],
        [
          30.0,
          468.0
        ],
        [
          30.0,
          459.0
        ],
        [
          28.0,
          454.0
        ],
        [
          28.0,
          442.0
        ],
        [
          26.0,
          438.0
        ],
        [
          22.0,
          434.0
        ],
        [
          22.0,
          431.0
        ],
        [
          23.0,
          430.0
        ],
        [
          33.0,
          429.0
        ],
        [
          39.0,
          425.0
        ],
        [
          37.0,
          421.0
        ],
        [
          31.0,
          415.0
        ],
        [
          28.0,
          408.0
        ],
        [
          28.0,
          405.0
        ],
        [
          33.0,
          401.0
        ],
        [
          36.0,
          395.0
        ],
        [
          36.0,
          386.0
        ]
      ],
      "group_id": null,
      "shape_type": "polygon",
      "flags": {}
    },
    {
      "label": "potato",
      "text": "",
      "points": [
        [
          260.0,
          205.0
        ],
        [
          259.0,
          206.0
        ],
        [
          257.0,
          206.0
        ],
        [
          256.0,
          207.0
        ],
        [
          255.0,
          207.0
        ],
        [
          253.0,
          209.0
        ],
        [
          252.0,
          209.0
        ],
        [
          251.0,
          210.0
        ],
        [
          250.0,
          210.0
        ],
        [
          244.0,
          216.0
        ],
        [
          238.0,
          216.0
        ],
        [
          237.0,
          217.0
        ],
        [
          236.0,
          217.0
        ],
        [
          234.0,
          219.0
        ],
        [
          234.0,
          222.0
        ],
        [
          233.0,
          223.0
        ],
        [
          233.0,
          230.0
        ],
        [
          234.0,
          231.0
        ],
        [
          234.0,
          232.0
        ],
        [
          237.0,
          235.0
        ],
        [
          238.0,
          235.0
        ],
        [
          242.0,
          239.0
        ],
        [
          242.0,
          240.0
        ],
        [
          243.0,
          241.0
        ],
        [
          243.0,
          245.0
        ],
        [
          242.0,
          246.0
        ],
        [
          242.0,
          248.0
        ],
        [
          241.0,
          249.0
        ],
        [
          241.0,
          253.0
        ],
        [
          242.0,
          254.0
        ],
        [
          242.0,
          257.0
        ],
        [
          244.0,
          259.0
        ],
        [
          245.0,
          259.0
        ],
        [
          246.0,
          260.0
        ],
        [
          248.0,
          260.0
        ],
        [
          251.0,
          257.0
        ],
        [
          251.0,
          256.0
        ],
        [
          252.0,
          255.0
        ],
        [
          252.0,
          253.0
        ],
        [
          254.0,
          251.0
        ],
        [
          255.0,
          251.0
        ],
        [
          256.0,
          250.0
        ],
        [
          257.0,
          251.0
        ],
        [
          258.0,
          251.0
        ],
        [
          259.0,
          252.0
        ],
        [
          260.0,
          252.0
        ],
        [
          261.0,
          253.0
        ],
        [
          262.0,
          253.0
        ],
        [
          268.0,
          259.0
        ],
        [
          268.0,
          260.0
        ],
        [
          270.0,
          262.0
        ],
        [
          272.0,
          262.0
        ],
        [
          273.0,
          261.0
        ],
        [
          276.0,
          261.0
        ],
        [
          277.0,
          260.0
        ],
        [
          278.0,
          260.0
        ],
        [
          279.0,
          259.0
        ],
        [
          279.0,
          256.0
        ],
        [
          280.0,
          255.0
        ],
        [
          280.0,
          253.0
        ],
        [
          279.0,
          252.0
        ],
        [
          279.0,
          247.0
        ],
        [
          278.0,
          246.0
        ],
        [
          278.0,
          241.0
        ],
        [
          286.0,
          233.0
        ],
        [
          286.0,
          230.0
        ],
        [
          280.0,
          224.0
        ],
        [
          280.0,
          223.0
        ],
        [
          279.0,
          222.0
        ],
        [
          280.0,
          221.0
        ],
        [
          280.0,
          220.0
        ],
        [
          281.0,
          219.0
        ],
        [
          281.0,
          218.0
        ],
        [
          282.0,
          217.0
        ],
        [
          282.0,
          213.0
        ],
        [
          281.0,
          212.0
        ],
        [
          281.0,
          210.0
        ],
        [
          278.0,
          207.0
        ],
        [
          276.0,
          207.0
        ],
        [
          275.0,
          206.0
        ],
        [
          271.0,
          206.0
        ],
        [
          270.0,
          205.0
        ]
      ],
      "group_id": null,
      "shape_type": "polygon",
      "flags": {}
    },
    {
      "label": "potato",
      "text": "",
      "points": [
        [
          225.0,
          325.0
        ],
        [
          225.0,
          326.0
        ],
        [
          224.0,
          327.0
        ],
        [
          224.0,
          330.0
        ],
        [
          223.0,
          331.0
        ],
        [
          223.0,
          335.0
        ],
        [
          224.0,
          336.0
        ],
        [
          224.0,
          341.0
        ],
        [
          225.0,
          342.0
        ],
        [
          225.0,
          346.0
        ],
        [
          224.0,
          347.0
        ],
        [
          224.0,
          349.0
        ],
        [
          223.0,
          350.0
        ],
        [
          223.0,
          352.0
        ],
        [
          222.0,
          353.0
        ],
        [
          222.0,
          358.0
        ],
        [
          223.0,
          359.0
        ],
        [
          223.0,
          360.0
        ],
        [
          225.0,
          362.0
        ],
        [
          232.0,
          362.0
        ],
        [
          233.0,
          363.0
        ],
        [
          237.0,
          363.0
        ],
        [
          238.0,
          364.0
        ],
        [
          242.0,
          364.0
        ],
        [
          243.0,
          365.0
        ],
        [
          246.0,
          365.0
        ],
        [
          249.0,
          368.0
        ],
        [
          249.0,
          376.0
        ],
        [
          250.0,
          377.0
        ],
        [
          250.0,
          380.0
        ],
        [
          251.0,
          381.0
        ],
        [
          251.0,
          382.0
        ],
        [
          252.0,
          383.0
        ],
        [
          252.0,
          384.0
        ],
        [
          253.0,
          385.0
        ],
        [
          254.0,
          385.0
        ],
        [
          255.0,
          386.0
        ],
        [
          256.0,
          386.0
        ],
        [
          259.0,
          389.0
        ],
        [
          260.0,
          389.0
        ],
        [
          261.0,
          390.0
        ],
        [
          262.0,
          390.0
        ],
        [
          263.0,
          391.0
        ],
        [
          266.0,
          391.0
        ],
        [
          267.0,
          390.0
        ],
        [
          269.0,
          390.0
        ],
        [
          270.0,
          389.0
        ],
        [
          270.0,
          388.0
        ],
        [
          271.0,
          387.0
        ],
        [
          271.0,
          383.0
        ],
        [
          270.0,
          382.0
        ],
        [
          270.0,
          379.0
        ],
        [
          268.0,
          377.0
        ],
        [
          267.0,
          377.0
        ],
        [
          263.0,
          373.0
        ],
        [
          263.0,
          372.0
        ],
        [
          262.0,
          371.0
        ],
        [
          262.0,
          367.0
        ],
        [
          264.0,
          365.0
        ],
        [
          268.0,
          365.0
        ],
        [
          269.0,
          364.0
        ],
        [
          271.0,
          364.0
        ],
        [
          273.0,
          362.0
        ],
        [
          274.0,
          362.0
        ],
        [
          275.0,
          361.0
        ],
        [
          276.0,
          361.0
        ],
        [
          277.0,
          360.0
        ],
        [
          278.0,
          360.0
        ],
        [
          280.0,
          358.0
        ],
        [
          280.0,
          357.0
        ],
        [
          281.0,
          356.0
        ],
        [
          281.0,
          353.0
        ],
        [
          278.0,
          350.0
        ],
        [
          277.0,
          350.0
        ],
        [
          276.0,
          349.0
        ],
        [
          272.0,
          349.0
        ],
        [
          271.0,
          348.0
        ],
        [
          268.0,
          348.0
        ],
        [
          267.0,
          349.0
        ],
        [
          266.0,
          348.0
        ],
        [
          264.0,
          348.0
        ],
        [
          262.0,
          346.0
        ],
        [
          262.0,
          342.0
        ],
        [
          261.0,
          341.0
        ],
        [
          261.0,
          338.0
        ],
        [
          259.0,
          336.0
        ],
        [
          256.0,
          336.0
        ],
        [
          255.0,
          335.0
        ],
        [
          243.0,
          335.0
        ],
        [
          242.0,
          334.0
        ],
        [
          239.0,
          334.0
        ],
        [
          236.0,
          331.0
        ],
        [
          236.0,
          330.0
        ],
        [
          234.0,
          328.0
        ],
        [
          234.0,
          327.0
        ],
        [
          233.0,
          327.0
        ],
        [
          231.0,
          325.0
        ]
      ],
      "group_id": null,
      "shape_type": "polygon",
      "flags": {}
    },
    {
      "label": "potato",
      "text": "",
      "points": [
        [
          198.0,
          492.0
        ],
        [
          193.0,
          502.0
        ],
        [
          193.0,
          507.0
        ],
        [
          194.0,
          509.0
        ],
        [
          197.0,
          512.0
        ],
        [
          205.0,
          516.0
        ],
        [
          210.0,
          522.0
        ],
        [
          211.0,
          524.0
        ],
        [
          211.0,
          526.0
        ],
        [
          214.0,
          528.0
        ],
        [
          220.0,
          528.0
        ],
        [
          226.0,
          525.0
        ],
        [
          228.0,
          527.0
        ],
        [
          228.0,
          531.0
        ],
        [
          224.0,
          536.0
        ],
        [
          224.0,
          544.0
        ],
        [
          225.0,
          546.0
        ],
        [
          229.0,
          550.0
        ],
        [
          231.0,
          551.0
        ],
        [
          235.0,
          551.0
        ],
        [
          236.0,
          550.0
        ],
        [
          239.0,
          550.0
        ],
        [
          246.0,
          546.0
        ],
        [
          248.0,
          546.0
        ],
        [
          250.0,
          544.0
        ],
        [
          254.0,
          542.0
        ],
        [
          255.0,
          540.0
        ],
        [
          255.0,
          535.0
        ],
        [
          258.0,
          532.0
        ],
        [
          263.0,
          532.0
        ],
        [
          267.0,
          536.0
        ],
        [
          267.0,
          537.0
        ],
        [
          270.0,
          540.0
        ],
        [
          270.0,
          541.0
        ],
        [
          281.0,
          546.0
        ],
        [
          284.0,
          549.0
        ],
        [
          285.0,
          551.0
        ],
        [
          285.0,
          554.0
        ],
        [
          283.0,
          557.0
        ],
        [
          283.0,
          562.0
        ],
        [
          286.0,
          566.0
        ],
        [
          288.0,
          566.0
        ],
        [
          289.0,
          567.0
        ],
        [
          299.0,
          567.0
        ],
        [
          300.0,
          568.0
        ],
        [
          308.0,
          568.0
        ],
        [
          309.0,
          567.0
        ],
        [
          311.0,
          567.0
        ],
        [
          315.0,
          563.0
        ],
        [
          316.0,
          560.0
        ],
        [
          314.0,
          557.0
        ],
        [
          314.0,
          554.0
        ],
        [
          313.0,
          553.0
        ],
        [
          313.0,
          549.0
        ],
        [
          312.0,
          548.0
        ],
        [
          312.0,
          545.0
        ],
        [
          310.0,
          543.0
        ],
        [
          308.0,
          542.0
        ],
        [
          306.0,
          542.0
        ],
        [
          303.0,
          539.0
        ],
        [
          303.0,
          537.0
        ],
        [
          304.0,
          535.0
        ],
        [
          312.0,
          526.0
        ],
        [
          312.0,
          524.0
        ],
        [
          314.0,
          520.0
        ],
        [
          314.0,
          516.0
        ],
        [
          315.0,
          515.0
        ],
        [
          315.0,
          512.0
        ],
        [
          314.0,
          511.0
        ],
        [
          314.0,
          509.0
        ],
        [
          313.0,
          507.0
        ],
        [
          311.0,
          505.0
        ],
        [
          310.0,
          505.0
        ],
        [
          307.0,
          501.0
        ],
        [
          307.0,
          486.0
        ],
        [
          306.0,
          485.0
        ],
        [
          306.0,
          483.0
        ],
        [
          303.0,
          481.0
        ],
        [
          301.0,
          481.0
        ],
        [
          300.0,
          480.0
        ],
        [
          297.0,
          480.0
        ],
        [
          295.0,
          479.0
        ],
        [
          293.0,
          477.0
        ],
        [
          291.0,
          472.0
        ],
        [
          288.0,
          468.0
        ],
        [
          288.0,
          463.0
        ],
        [
          290.0,
          460.0
        ],
        [
          290.0,
          456.0
        ],
        [
          289.0,
          455.0
        ],
        [
          289.0,
          452.0
        ],
        [
          286.0,
          449.0
        ],
        [
          276.0,
          449.0
        ],
        [
          272.0,
          451.0
        ],
        [
          267.0,
          455.0
        ],
        [
          264.0,
          456.0
        ],
        [
          258.0,
          461.0
        ],
        [
          257.0,
          461.0
        ],
        [
          253.0,
          464.0
        ],
        [
          250.0,
          464.0
        ],
        [
          249.0,
          465.0
        ],
        [
          247.0,
          465.0
        ],
        [
          245.0,
          467.0
        ],
        [
          241.0,
          469.0
        ],
        [
          237.0,
          469.0
        ],
        [
          236.0,
          470.0
        ],
        [
          230.0,
          470.0
        ],
        [
          229.0,
          471.0
        ],
        [
          226.0,
          471.0
        ],
        [
          223.0,
          474.0
        ],
        [
          220.0,
          480.0
        ],
        [
          210.0,
          485.0
        ],
        [
          208.0,
          485.0
        ],
        [
          204.0,
          487.0
        ]
      ],
      "group_id": null,
      "shape_type": "polygon",
      "flags": {}
    },
    {
      "label": "potato",
      "text": "",
      "points": [
        [
          510.0,
          67.0
        ],
        [
          506.0,
          71.0
        ],
        [
          506.0,
          72.0
        ],
        [
          504.0,
          74.0
        ],
        [
          504.0,
          76.0
        ],
        [
          502.0,
          79.0
        ],
        [
          502.0,
          85.0
        ],
        [
          501.0,
          86.0
        ],
        [
          501.0,
          90.0
        ],
        [
          500.0,
          91.0
        ],
        [
          500.0,
          92.0
        ],
        [
          499.0,
          93.0
        ],
        [
          499.0,
          94.0
        ],
        [
          497.0,
          97.0
        ],
        [
          497.0,
          105.0
        ],
        [
          498.0,
          106.0
        ],
        [
          498.0,
          107.0
        ],
        [
          501.0,
          110.0
        ],
        [
          501.0,
          113.0
        ],
        [
          502.0,
          114.0
        ],
        [
          502.0,
          117.0
        ],
        [
          503.0,
          118.0
        ],
        [
          503.0,
          119.0
        ],
        [
          507.0,
          123.0
        ],
        [
          509.0,
          123.0
        ],
        [
          510.0,
          124.0
        ],
        [
          511.0,
          123.0
        ],
        [
          512.0,
          123.0
        ],
        [
          513.0,
          122.0
        ],
        [
          515.0,
          122.0
        ],
        [
          516.0,
          121.0
        ],
        [
          520.0,
          121.0
        ],
        [
          522.0,
          123.0
        ],
        [
          522.0,
          125.0
        ],
        [
          527.0,
          130.0
        ],
        [
          528.0,
          130.0
        ],
        [
          529.0,
          131.0
        ],
        [
          531.0,
          131.0
        ],
        [
          532.0,
          132.0
        ],
        [
          537.0,
          132.0
        ],
        [
          538.0,
          131.0
        ],
        [
          539.0,
          131.0
        ],
        [
          542.0,
          128.0
        ],
        [
          542.0,
          127.0
        ],
        [
          543.0,
          126.0
        ],
        [
          543.0,
          123.0
        ],
        [
          544.0,
          122.0
        ],
        [
          544.0,
          113.0
        ],
        [
          545.0,
          112.0
        ],
        [
          545.0,
          111.0
        ],
        [
          548.0,
          108.0
        ],
        [
          548.0,
          107.0
        ],
        [
          550.0,
          104.0
        ],
        [
          550.0,
          102.0
        ],
        [
          551.0,
          101.0
        ],
        [
          551.0,
          99.0
        ],
        [
          552.0,
          98.0
        ],
        [
          552.0,
          97.0
        ],
        [
          553.0,
          96.0
        ],
        [
          553.0,
          95.0
        ],
        [
          557.0,
          91.0
        ],
        [
          557.0,
          90.0
        ],
        [
          558.0,
          89.0
        ],
        [
          558.0,
          88.0
        ],
        [
          559.0,
          87.0
        ],
        [
          560.0,
          87.0
        ],
        [
          562.0,
          85.0
        ],
        [
          563.0,
          85.0
        ],
        [
          564.0,
          86.0
        ],
        [
          564.0,
          91.0
        ],
        [
          565.0,
          92.0
        ],
        [
          568.0,
          92.0
        ],
        [
          570.0,
          89.0
        ],
        [
          573.0,
          89.0
        ],
        [
          574.0,
          88.0
        ],
        [
          574.0,
          87.0
        ],
        [
          572.0,
          84.0
        ],
        [
          571.0,
          84.0
        ],
        [
          568.0,
          82.0
        ],
        [
          565.0,
          82.0
        ],
        [
          564.0,
          83.0
        ],
        [
          562.0,
          83.0
        ],
        [
          561.0,
          82.0
        ],
        [
          561.0,
          81.0
        ],
        [
          558.0,
          78.0
        ],
        [
          557.0,
          78.0
        ],
        [
          555.0,
          76.0
        ],
        [
          554.0,
          76.0
        ],
        [
          553.0,
          75.0
        ],
        [
          549.0,
          75.0
        ],
        [
          547.0,
          77.0
        ],
        [
          547.0,
          78.0
        ],
        [
          546.0,
          79.0
        ],
        [
          545.0,
          79.0
        ],
        [
          543.0,
          81.0
        ],
        [
          542.0,
          81.0
        ],
        [
          541.0,
          82.0
        ],
        [
          540.0,
          82.0
        ],
        [
          539.0,
          83.0
        ],
        [
          538.0,
          83.0
        ],
        [
          535.0,
          85.0
        ],
        [
          535.0,
          86.0
        ],
        [
          533.0,
          88.0
        ],
        [
          533.0,
          89.0
        ],
        [
          532.0,
          90.0
        ],
        [
          532.0,
          95.0
        ],
        [
          531.0,
          96.0
        ],
        [
          531.0,
          99.0
        ],
        [
          530.0,
          100.0
        ],
        [
          530.0,
          101.0
        ],
        [
          528.0,
          103.0
        ],
        [
          525.0,
          103.0
        ],
        [
          524.0,
          102.0
        ],
        [
          524.0,
          101.0
        ],
        [
          523.0,
          100.0
        ],
        [
          523.0,
          99.0
        ],
        [
          521.0,
          97.0
        ],
        [
          521.0,
          96.0
        ],
        [
          520.0,
          95.0
        ],
        [
          520.0,
          93.0
        ],
        [
          521.0,
          92.0
        ],
        [
          521.0,
          81.0
        ],
        [
          520.0,
          80.0
        ],
        [
          520.0,
          78.0
        ],
        [
          519.0,
          77.0
        ],
        [
          519.0,
          68.0
        ],
        [
          515.0,
          68.0
        ],
        [
          514.0,
          67.0
        ]
      ],
      "group_id": null,
      "shape_type": "polygon",
      "flags": {}
    },
    {
      "label": "potato",
      "text": "",
      "points": [
        [
          515.0,
          187.0
        ],
        [
          511.0,
          187.0
        ],
        [
          508.0,
          190.0
        ],
        [
          508.0,
          191.0
        ],
        [
          507.0,
          192.0
        ],
        [
          507.0,
          202.0
        ],
        [
          508.0,
          203.0
        ],
        [
          508.0,
          205.0
        ],
        [
          507.0,
          206.0
        ],
        [
          507.0,
          209.0
        ],
        [
          506.0,
          210.0
        ],
        [
          506.0,
          214.0
        ],
        [
          505.0,
          215.0
        ],
        [
          505.0,
          221.0
        ],
        [
          506.0,
          222.0
        ],
        [
          506.0,
          225.0
        ],
        [
          509.0,
          228.0
        ],
        [
          509.0,
          229.0
        ],
        [
          510.0,
          230.0
        ],
        [
          510.0,
          235.0
        ],
        [
          510.0,
          234.0
        ],
        [
          513.0,
          231.0
        ],
        [
          514.0,
          231.0
        ],
        [
          516.0,
          229.0
        ],
        [
          516.0,
          227.0
        ],
        [
          517.0,
          226.0
        ],
        [
          517.0,
          225.0
        ],
        [
          519.0,
          223.0
        ],
        [
          520.0,
          223.0
        ],
        [
          521.0,
          222.0
        ],
        [
          529.0,
          222.0
        ],
        [
          530.0,
          221.0
        ],
        [
          531.0,
          221.0
        ],
        [
          533.0,
          219.0
        ],
        [
          533.0,
          213.0
        ],
        [
          532.0,
          212.0
        ],
        [
          532.0,
          211.0
        ],
        [
          530.0,
          209.0
        ],
        [
          529.0,
          209.0
        ],
        [
          527.0,
          207.0
        ],
        [
          526.0,
          207.0
        ],
        [
          525.0,
          206.0
        ],
        [
          523.0,
          206.0
        ],
        [
          521.0,
          204.0
        ],
        [
          521.0,
          202.0
        ],
        [
          522.0,
          201.0
        ],
        [
          522.0,
          194.0
        ],
        [
          520.0,
          192.0
        ],
        [
          520.0,
          191.0
        ],
        [
          517.0,
          188.0
        ],
        [
          516.0,
          188.0
        ]
      ],
      "group_id": null,
      "shape_type": "polygon",
      "flags": {}
    },
    {
      "label": "potato",
      "text": "",
      "points": [
        [
          20.0,
          192.0
        ],
        [
          19.0,
          192.0
        ],
        [
          16.0,
          189.0
        ],
        [
          8.0,
          189.0
        ],
        [
          7.0,
          190.0
        ],
        [
          6.0,
          190.0
        ],
        [
          4.0,
          192.0
        ],
        [
          3.0,
          192.0
        ],
        [
          1.0,
          194.0
        ],
        [
          0.0,
          194.0
        ],
        [
          0.0,
          205.0
        ],
        [
          1.0,
          205.0
        ],
        [
          2.0,
          206.0
        ],
        [
          3.0,
          206.0
        ],
        [
          4.0,
          207.0
        ],
        [
          10.0,
          207.0
        ],
        [
          11.0,
          206.0
        ],
        [
          12.0,
          206.0
        ],
        [
          13.0,
          205.0
        ],
        [
          13.0,
          204.0
        ],
        [
          19.0,
          198.0
        ],
        [
          19.0,
          197.0
        ],
        [
          20.0,
          196.0
        ]
      ],
      "group_id": null,
      "shape_type": "polygon",
      "flags": {}
    },
    {
      "label": "potato",
      "text": "",
      "points": [
        [
          243.0,
          0.0
        ],
        [
          243.0,
          7.0
        ],
        [
          244.0,
          8.0
        ],
        [
          244.0,
          9.0
        ],
        [
          245.0,
          10.0
        ],
        [
          245.0,
          11.0
        ],
        [
          249.0,
          15.0
        ],
        [
          249.0,
          16.0
        ],
        [
          250.0,
          17.0
        ],
        [
          250.0,
          18.0
        ],
        [
          255.0,
          23.0
        ],
        [
          255.0,
          24.0
        ],
        [
          257.0,
          26.0
        ],
        [
          257.0,
          27.0
        ],
        [
          258.0,
          28.0
        ],
        [
          258.0,
          29.0
        ],
        [
          259.0,
          30.0
        ],
        [
          259.0,
          31.0
        ],
        [
          261.0,
          33.0
        ],
        [
          262.0,
          33.0
        ],
        [
          263.0,
          34.0
        ],
        [
          264.0,
          34.0
        ],
        [
          266.0,
          36.0
        ],
        [
          268.0,
          36.0
        ],
        [
          270.0,
          34.0
        ],
        [
          270.0,
          33.0
        ],
        [
          271.0,
          32.0
        ],
        [
          271.0,
          29.0
        ],
        [
          270.0,
          28.0
        ],
        [
          270.0,
          25.0
        ],
        [
          269.0,
          24.0
        ],
        [
          269.0,
          20.0
        ],
        [
          268.0,
          19.0
        ],
        [
          268.0,
          16.0
        ],
        [
          274.0,
          10.0
        ],
        [
          275.0,
          10.0
        ],
        [
          277.0,
          12.0
        ],
        [
          278.0,
          12.0
        ],
        [
          279.0,
          13.0
        ],
        [
          280.0,
          13.0
        ],
        [
          281.0,
          14.0
        ],
        [
          289.0,
          14.0
        ],
        [
          290.0,
          13.0
        ],
        [
          291.0,
          13.0
        ],
        [
          295.0,
          9.0
        ],
        [
          295.0,
          4.0
        ],
        [
          294.0,
          3.0
        ],
        [
          294.0,
          2.0
        ],
        [
          293.0,
          1.0
        ],
        [
          293.0,
          0.0
        ]
      ],
      "group_id": null,
      "shape_type": "polygon",
      "flags": {}
    },
    {
      "label": "weed",
      "text": "",
      "points": [
        [
          359.0,
          75.0
        ],
        [
          353.0,
          81.0
        ],
        [
          353.0,
          82.0
        ],
        [
          352.0,
          83.0
        ],
        [
          352.0,
          84.0
        ],
        [
          351.0,
          85.0
        ],
        [
          351.0,
          88.0
        ],
        [
          356.0,
          93.0
        ],
        [
          356.0,
          94.0
        ],
        [
          359.0,
          97.0
        ],
        [
          359.0,
          98.0
        ],
        [
          360.0,
          99.0
        ],
        [
          360.0,
          100.0
        ],
        [
          362.0,
          102.0
        ],
        [
          366.0,
          102.0
        ],
        [
          367.0,
          103.0
        ],
        [
          368.0,
          103.0
        ],
        [
          369.0,
          104.0
        ],
        [
          370.0,
          104.0
        ],
        [
          371.0,
          105.0
        ],
        [
          374.0,
          105.0
        ],
        [
          375.0,
          106.0
        ],
        [
          377.0,
          106.0
        ],
        [
          378.0,
          107.0
        ],
        [
          380.0,
          107.0
        ],
        [
          381.0,
          106.0
        ],
        [
          382.0,
          106.0
        ],
        [
          385.0,
          103.0
        ],
        [
          385.0,
          102.0
        ],
        [
          389.0,
          98.0
        ],
        [
          390.0,
          98.0
        ],
        [
          390.0,
          97.0
        ],
        [
          392.0,
          95.0
        ],
        [
          392.0,
          94.0
        ],
        [
          395.0,
          91.0
        ],
        [
          396.0,
          91.0
        ],
        [
          395.0,
          90.0
        ],
        [
          393.0,
          90.0
        ],
        [
          391.0,
          88.0
        ],
        [
          389.0,
          88.0
        ],
        [
          388.0,
          87.0
        ],
        [
          381.0,
          87.0
        ],
        [
          378.0,
          84.0
        ],
        [
          378.0,
          80.0
        ],
        [
          377.0,
          79.0
        ],
        [
          377.0,
          76.0
        ],
        [
          372.0,
          71.0
        ],
        [
          368.0,
          71.0
        ],
        [
          367.0,
          72.0
        ],
        [
          366.0,
          72.0
        ],
        [
          365.0,
          73.0
        ],
        [
          363.0,
          73.0
        ],
        [
          362.0,
          74.0
        ],
        [
          361.0,
          74.0
        ],
        [
          360.0,
          75.0
        ]
      ],
      "group_id": null,
      "shape_type": "polygon",
      "flags": {}
    },
    {
      "label": "weed",
      "text": "",
      "points": [
        [
          375.0,
          307.0
        ],
        [
          371.0,
          311.0
        ],
        [
          370.0,
          311.0
        ],
        [
          369.0,
          312.0
        ],
        [
          368.0,
          312.0
        ],
        [
          367.0,
          313.0
        ],
        [
          366.0,
          313.0
        ],
        [
          365.0,
          314.0
        ],
        [
          364.0,
          314.0
        ],
        [
          363.0,
          315.0
        ],
        [
          362.0,
          315.0
        ],
        [
          361.0,
          316.0
        ],
        [
          359.0,
          316.0
        ],
        [
          358.0,
          317.0
        ],
        [
          357.0,
          317.0
        ],
        [
          356.0,
          318.0
        ],
        [
          355.0,
          318.0
        ],
        [
          353.0,
          320.0
        ],
        [
          350.0,
          320.0
        ],
        [
          350.0,
          321.0
        ],
        [
          349.0,
          322.0
        ],
        [
          349.0,
          326.0
        ],
        [
          348.0,
          327.0
        ],
        [
          348.0,
          336.0
        ],
        [
          347.0,
          337.0
        ],
        [
          347.0,
          338.0
        ],
        [
          348.0,
          339.0
        ],
        [
          348.0,
          340.0
        ],
        [
          349.0,
          340.0
        ],
        [
          350.0,
          339.0
        ],
        [
          350.0,
          338.0
        ],
        [
          354.0,
          334.0
        ],
        [
          356.0,
          334.0
        ],
        [
          357.0,
          333.0
        ],
        [
          357.0,
          332.0
        ],
        [
          358.0,
          331.0
        ],
        [
          358.0,
          329.0
        ],
        [
          363.0,
          324.0
        ],
        [
          363.0,
          323.0
        ],
        [
          367.0,
          319.0
        ],
        [
          368.0,
          319.0
        ],
        [
          369.0,
          318.0
        ],
        [
          370.0,
          318.0
        ],
        [
          373.0,
          315.0
        ],
        [
          374.0,
          315.0
        ],
        [
          376.0,
          313.0
        ],
        [
          376.0,
          311.0
        ],
        [
          377.0,
          310.0
        ],
        [
          376.0,
          309.0
        ],
        [
          376.0,
          308.0
        ]
      ],
      "group_id": null,
      "shape_type": "polygon",
      "flags": {}
    }
  ],
  "imagePath": "..\\after_crop\\tile_2_8.jpg",
  "imageData": null,
  "imageHeight": 640,
  "imageWidth": 640
}