{
  "version": "0.3.3",
  "flags": {},
  "shapes": [
    {
      "label": "potato",
      "text": "",
      "points": [
        [
          529.0,
          0.0
        ],
        [
          529.0,
          2.0
        ],
        [
          528.0,
          3.0
        ],
        [
          528.0,
          17.0
        ],
        [
          525.0,
          20.0
        ],
        [
          517.0,
          20.0
        ],
        [
          514.0,
          23.0
        ],
        [
          511.0,
          31.0
        ],
        [
          510.0,
          32.0
        ],
        [
          504.0,
          33.0
        ],
        [
          502.0,
          35.0
        ],
        [
          502.0,
          44.0
        ],
        [
          503.0,
          46.0
        ],
        [
          511.0,
          49.0
        ],
        [
          514.0,
          49.0
        ],
        [
          517.0,
          52.0
        ],
        [
          519.0,
          52.0
        ],
        [
          520.0,
          53.0
        ],
        [
          525.0,
          52.0
        ],
        [
          530.0,
          46.0
        ],
        [
          532.0,
          46.0
        ],
        [
          534.0,
          48.0
        ],
        [
          534.0,
          50.0
        ],
        [
          535.0,
          51.0
        ],
        [
          534.0,
          52.0
        ],
        [
          534.0,
          56.0
        ],
        [
          529.0,
          62.0
        ],
        [
          527.0,
          63.0
        ],
        [
          520.0,
          63.0
        ],
        [
          518.0,
          64.0
        ],
        [
          509.0,
          73.0
        ],
        [
          508.0,
          75.0
        ],
        [
          509.0,
          80.0
        ],
        [
          512.0,
          83.0
        ],
        [
          521.0,
          88.0
        ],
        [
          533.0,
          90.0
        ],
        [
          540.0,
          94.0
        ],
        [
          546.0,
          95.0
        ],
        [
          550.0,
          99.0
        ],
        [
          548.0,
          102.0
        ],
        [
          541.0,
          104.0
        ],
        [
          538.0,
          108.0
        ],
        [
          538.0,
          113.0
        ],
        [
          546.0,
          119.0
        ],
        [
          552.0,
          119.0
        ],
        [
          554.0,
          117.0
        ],
        [
          554.0,
          114.0
        ],
        [
          557.0,
          111.0
        ],
        [
          559.0,
          111.0
        ],
        [
          562.0,
          113.0
        ],
        [
          567.0,
          113.0
        ],
        [
          571.0,
          109.0
        ],
        [
          571.0,
          108.0
        ],
        [
          574.0,
          106.0
        ],
        [
          576.0,
          108.0
        ],
        [
          576.0,
          115.0
        ],
        [
          577.0,
          116.0
        ],
        [
          582.0,
          117.0
        ],
        [
          593.0,
          129.0
        ],
        [
          597.0,
          131.0
        ],
        [
          599.0,
          131.0
        ],
        [
          601.0,
          129.0
        ],
        [
          601.0,
          120.0
        ],
        [
          599.0,
          115.0
        ],
        [
          600.0,
          108.0
        ],
        [
          599.0,
          107.0
        ],
        [
          600.0,
          106.0
        ],
        [
          600.0,
          104.0
        ],
        [
          602.0,
          102.0
        ],
        [
          612.0,
          100.0
        ],
        [
          615.0,
          98.0
        ],
        [
          616.0,
          99.0
        ],
        [
          618.0,
          99.0
        ],
        [
          622.0,
          103.0
        ],
        [
          623.0,
          106.0
        ],
        [
          625.0,
          108.0
        ],
        [
          627.0,
          108.0
        ],
        [
          634.0,
          102.0
        ],
        [
          635.0,
          99.0
        ],
        [
          638.0,
          95.0
        ],
        [
          638.0,
          66.0
        ],
        [
          639.0,
          65.0
        ],
        [
          638.0,
          57.0
        ],
        [
          639.0,
          56.0
        ],
        [
          639.0,
          49.0
        ],
        [
          638.0,
          48.0
        ],
        [
          638.0,
          33.0
        ],
        [
          636.0,
          29.0
        ],
        [
          636.0,
          26.0
        ],
        [
          638.0,
          22.0
        ],
        [
          637.0,
          18.0
        ],
        [
          632.0,
          16.0
        ],
        [
          626.0,
          15.0
        ],
        [
          623.0,
          11.0
        ],
        [
          620.0,
          3.0
        ],
        [
          619.0,
          3.0
        ],
        [
          617.0,
          0.0
        ],
        [
          572.0,
          0.0
        ],
        [
          570.0,
          3.0
        ],
        [
          565.0,
          6.0
        ],
        [
          559.0,
          6.0
        ],
        [
          558.0,
          5.0
        ],
        [
          557.0,
          0.0
        ]
      ],
      "group_id": null,
      "shape_type": "polygon",
      "flags": {}
    },
    {
      "label": "potato",
      "text": "",
      "points": [
        [
          332.0,
          138.0
        ],
        [
          328.0,
          138.0
        ],
        [
          327.0,
          139.0
        ],
        [
          317.0,
          139.0
        ],
        [
          316.0,
          140.0
        ],
        [
          312.0,
          140.0
        ],
        [
          311.0,
          141.0
        ],
        [
          307.0,
          141.0
        ],
        [
          304.0,
          144.0
        ],
        [
          304.0,
          152.0
        ],
        [
          305.0,
          153.0
        ],
        [
          305.0,
          156.0
        ],
        [
          306.0,
          157.0
        ],
        [
          306.0,
          161.0
        ],
        [
          305.0,
          162.0
        ],
        [
          305.0,
          163.0
        ],
        [
          304.0,
          164.0
        ],
        [
          304.0,
          167.0
        ],
        [
          303.0,
          168.0
        ],
        [
          303.0,
          178.0
        ],
        [
          304.0,
          179.0
        ],
        [
          304.0,
          182.0
        ],
        [
          305.0,
          183.0
        ],
        [
          305.0,
          184.0
        ],
        [
          306.0,
          184.0
        ],
        [
          307.0,
          185.0
        ],
        [
          308.0,
          185.0
        ],
        [
          309.0,
          186.0
        ],
        [
          311.0,
          186.0
        ],
        [
          312.0,
          187.0
        ],
        [
          313.0,
          187.0
        ],
        [
          314.0,
          188.0
        ],
        [
          316.0,
          188.0
        ],
        [
          317.0,
          189.0
        ],
        [
          321.0,
          189.0
        ],
        [
          322.0,
          188.0
        ],
        [
          323.0,
          188.0
        ],
        [
          327.0,
          184.0
        ],
        [
          334.0,
          184.0
        ],
        [
          335.0,
          183.0
        ],
        [
          339.0,
          183.0
        ],
        [
          340.0,
          182.0
        ],
        [
          343.0,
          182.0
        ],
        [
          344.0,
          181.0
        ],
        [
          347.0,
          181.0
        ],
        [
          348.0,
          180.0
        ],
        [
          349.0,
          180.0
        ],
        [
          349.0,
          178.0
        ],
        [
          350.0,
          177.0
        ],
        [
          350.0,
          173.0
        ],
        [
          349.0,
          172.0
        ],
        [
          349.0,
          171.0
        ],
        [
          345.0,
          167.0
        ],
        [
          345.0,
          166.0
        ],
        [
          344.0,
          165.0
        ],
        [
          344.0,
          164.0
        ],
        [
          341.0,
          161.0
        ],
        [
          340.0,
          161.0
        ],
        [
          339.0,
          160.0
        ],
        [
          337.0,
          160.0
        ],
        [
          336.0,
          159.0
        ],
        [
          335.0,
          159.0
        ],
        [
          333.0,
          157.0
        ],
        [
          333.0,
          152.0
        ],
        [
          334.0,
          151.0
        ],
        [
          334.0,
          149.0
        ],
        [
          335.0,
          148.0
        ],
        [
          335.0,
          145.0
        ],
        [
          336.0,
          144.0
        ],
        [
          335.0,
          143.0
        ],
        [
          335.0,
          140.0
        ],
        [
          334.0,
          139.0
        ],
        [
          333.0,
          139.0
        ]
      ],
      "group_id": null,
      "shape_type": "polygon",
      "flags": {}
    },
    {
      "label": "potato",
      "text": "",
      "points": [
        [
          365.0,
          230.0
        ],
        [
          363.0,
          228.0
        ],
        [
          362.0,
          228.0
        ],
        [
          361.0,
          227.0
        ],
        [
          360.0,
          227.0
        ],
        [
          358.0,
          225.0
        ],
        [
          357.0,
          225.0
        ],
        [
          355.0,
          223.0
        ],
        [
          354.0,
          223.0
        ],
        [
          353.0,
          222.0
        ],
        [
          353.0,
          221.0
        ],
        [
          349.0,
          217.0
        ],
        [
          347.0,
          217.0
        ],
        [
          346.0,
          216.0
        ],
        [
          344.0,
          216.0
        ],
        [
          343.0,
          215.0
        ],
        [
          342.0,
          215.0
        ],
        [
          341.0,
          214.0
        ],
        [
          340.0,
          214.0
        ],
        [
          339.0,
          213.0
        ],
        [
          338.0,
          213.0
        ],
        [
          337.0,
          214.0
        ],
        [
          334.0,
          214.0
        ],
        [
          333.0,
          215.0
        ],
        [
          325.0,
          215.0
        ],
        [
          324.0,
          216.0
        ],
        [
          320.0,
          216.0
        ],
        [
          319.0,
          217.0
        ],
        [
          316.0,
          217.0
        ],
        [
          315.0,
          218.0
        ],
        [
          310.0,
          218.0
        ],
        [
          309.0,
          219.0
        ],
        [
          304.0,
          219.0
        ],
        [
          302.0,
          221.0
        ],
        [
          302.0,
          222.0
        ],
        [
          301.0,
          223.0
        ],
        [
          301.0,
          225.0
        ],
        [
          300.0,
          226.0
        ],
        [
          300.0,
          227.0
        ],
        [
          299.0,
          228.0
        ],
        [
          299.0,
          230.0
        ],
        [
          298.0,
          231.0
        ],
        [
          298.0,
          233.0
        ],
        [
          297.0,
          234.0
        ],
        [
          297.0,
          242.0
        ],
        [
          298.0,
          243.0
        ],
        [
          298.0,
          251.0
        ],
        [
          299.0,
          252.0
        ],
        [
          299.0,
          253.0
        ],
        [
          300.0,
          253.0
        ],
        [
          301.0,
          254.0
        ],
        [
          305.0,
          254.0
        ],
        [
          306.0,
          253.0
        ],
        [
          310.0,
          253.0
        ],
        [
          312.0,
          255.0
        ],
        [
          312.0,
          256.0
        ],
        [
          316.0,
          260.0
        ],
        [
          316.0,
          263.0
        ],
        [
          319.0,
          263.0
        ],
        [
          320.0,
          262.0
        ],
        [
          329.0,
          262.0
        ],
        [
          331.0,
          264.0
        ],
        [
          332.0,
          264.0
        ],
        [
          333.0,
          265.0
        ],
        [
          336.0,
          265.0
        ],
        [
          337.0,
          264.0
        ],
        [
          338.0,
          264.0
        ],
        [
          339.0,
          263.0
        ],
        [
          345.0,
          263.0
        ],
        [
          346.0,
          262.0
        ],
        [
          350.0,
          262.0
        ],
        [
          351.0,
          261.0
        ],
        [
          352.0,
          261.0
        ],
        [
          357.0,
          256.0
        ],
        [
          358.0,
          256.0
        ],
        [
          360.0,
          254.0
        ],
        [
          360.0,
          252.0
        ],
        [
          361.0,
          251.0
        ],
        [
          361.0,
          250.0
        ],
        [
          362.0,
          249.0
        ],
        [
          362.0,
          242.0
        ],
        [
          363.0,
          241.0
        ],
        [
          363.0,
          238.0
        ],
        [
          364.0,
          237.0
        ],
        [
          364.0,
          236.0
        ],
        [
          365.0,
          235.0
        ]
      ],
      "group_id": null,
      "shape_type": "polygon",
      "flags": {}
    },
    {
      "label": "potato",
      "text": "",
      "points": [
        [
          338.0,
          354.0
        ],
        [
          334.0,
          354.0
        ],
        [
          332.0,
          356.0
        ],
        [
          332.0,
          357.0
        ],
        [
          330.0,
          359.0
        ],
        [
          330.0,
          360.0
        ],
        [
          328.0,
          362.0
        ],
        [
          328.0,
          363.0
        ],
        [
          326.0,
          365.0
        ],
        [
          323.0,
          365.0
        ],
        [
          319.0,
          361.0
        ],
        [
          318.0,
          361.0
        ],
        [
          317.0,
          360.0
        ],
        [
          312.0,
          360.0
        ],
        [
          311.0,
          361.0
        ],
        [
          305.0,
          361.0
        ],
        [
          304.0,
          362.0
        ],
        [
          301.0,
          362.0
        ],
        [
          300.0,
          363.0
        ],
        [
          298.0,
          363.0
        ],
        [
          296.0,
          365.0
        ],
        [
          295.0,
          365.0
        ],
        [
          294.0,
          366.0
        ],
        [
          294.0,
          367.0
        ],
        [
          293.0,
          368.0
        ],
        [
          293.0,
          370.0
        ],
        [
          292.0,
          371.0
        ],
        [
          292.0,
          374.0
        ],
        [
          293.0,
          375.0
        ],
        [
          293.0,
          377.0
        ],
        [
          294.0,
          378.0
        ],
        [
          294.0,
          379.0
        ],
        [
          296.0,
          381.0
        ],
        [
          296.0,
          382.0
        ],
        [
          297.0,
          383.0
        ],
        [
          298.0,
          383.0
        ],
        [
          300.0,
          385.0
        ],
        [
          301.0,
          385.0
        ],
        [
          303.0,
          387.0
        ],
        [
          303.0,
          389.0
        ],
        [
          304.0,
          390.0
        ],
        [
          304.0,
          395.0
        ],
        [
          303.0,
          396.0
        ],
        [
          303.0,
          397.0
        ],
        [
          300.0,
          400.0
        ],
        [
          299.0,
          400.0
        ],
        [
          299.0,
          401.0
        ],
        [
          297.0,
          403.0
        ],
        [
          297.0,
          412.0
        ],
        [
          298.0,
          413.0
        ],
        [
          298.0,
          414.0
        ],
        [
          299.0,
          415.0
        ],
        [
          299.0,
          416.0
        ],
        [
          300.0,
          417.0
        ],
        [
          300.0,
          418.0
        ],
        [
          301.0,
          419.0
        ],
        [
          301.0,
          421.0
        ],
        [
          303.0,
          423.0
        ],
        [
          303.0,
          424.0
        ],
        [
          304.0,
          425.0
        ],
        [
          305.0,
          425.0
        ],
        [
          306.0,
          426.0
        ],
        [
          310.0,
          426.0
        ],
        [
          311.0,
          425.0
        ],
        [
          313.0,
          425.0
        ],
        [
          318.0,
          420.0
        ],
        [
          318.0,
          419.0
        ],
        [
          319.0,
          418.0
        ],
        [
          320.0,
          418.0
        ],
        [
          322.0,
          416.0
        ],
        [
          323.0,
          416.0
        ],
        [
          325.0,
          414.0
        ],
        [
          325.0,
          413.0
        ],
        [
          328.0,
          410.0
        ],
        [
          329.0,
          410.0
        ],
        [
          330.0,
          409.0
        ],
        [
          331.0,
          409.0
        ],
        [
          333.0,
          407.0
        ],
        [
          338.0,
          407.0
        ],
        [
          344.0,
          413.0
        ],
        [
          350.0,
          413.0
        ],
        [
          351.0,
          412.0
        ],
        [
          353.0,
          412.0
        ],
        [
          356.0,
          409.0
        ],
        [
          356.0,
          398.0
        ],
        [
          357.0,
          397.0
        ],
        [
          357.0,
          394.0
        ],
        [
          355.0,
          392.0
        ],
        [
          354.0,
          392.0
        ],
        [
          350.0,
          388.0
        ],
        [
          350.0,
          379.0
        ],
        [
          349.0,
          378.0
        ],
        [
          349.0,
          377.0
        ],
        [
          347.0,
          375.0
        ],
        [
          347.0,
          374.0
        ],
        [
          345.0,
          372.0
        ],
        [
          345.0,
          370.0
        ],
        [
          344.0,
          369.0
        ],
        [
          344.0,
          368.0
        ],
        [
          343.0,
          367.0
        ],
        [
          343.0,
          365.0
        ],
        [
          342.0,
          364.0
        ],
        [
          342.0,
          362.0
        ],
        [
          341.0,
          361.0
        ],
        [
          341.0,
          358.0
        ],
        [
          340.0,
          357.0
        ],
        [
          340.0,
          356.0
        ]
      ],
      "group_id": null,
      "shape_type": "polygon",
      "flags": {}
    },
    {
      "label": "potato",
      "text": "",
      "points": [
        [
          42.0,
          264.0
        ],
        [
          39.0,
          267.0
        ],
        [
          39.0,
          268.0
        ],
        [
          38.0,
          269.0
        ],
        [
          38.0,
          270.0
        ],
        [
          32.0,
          276.0
        ],
        [
          31.0,
          276.0
        ],
        [
          30.0,
          277.0
        ],
        [
          29.0,
          277.0
        ],
        [
          27.0,
          279.0
        ],
        [
          26.0,
          279.0
        ],
        [
          20.0,
          285.0
        ],
        [
          20.0,
          289.0
        ],
        [
          24.0,
          293.0
        ],
        [
          25.0,
          293.0
        ],
        [
          26.0,
          294.0
        ],
        [
          27.0,
          294.0
        ],
        [
          28.0,
          295.0
        ],
        [
          31.0,
          295.0
        ],
        [
          32.0,
          296.0
        ],
        [
          33.0,
          296.0
        ],
        [
          37.0,
          300.0
        ],
        [
          37.0,
          301.0
        ],
        [
          38.0,
          302.0
        ],
        [
          38.0,
          303.0
        ],
        [
          42.0,
          307.0
        ],
        [
          43.0,
          307.0
        ],
        [
          44.0,
          308.0
        ],
        [
          45.0,
          308.0
        ],
        [
          46.0,
          309.0
        ],
        [
          50.0,
          309.0
        ],
        [
          51.0,
          308.0
        ],
        [
          51.0,
          307.0
        ],
        [
          52.0,
          306.0
        ],
        [
          52.0,
          304.0
        ],
        [
          53.0,
          303.0
        ],
        [
          53.0,
          299.0
        ],
        [
          54.0,
          298.0
        ],
        [
          54.0,
          297.0
        ],
        [
          55.0,
          296.0
        ],
        [
          55.0,
          295.0
        ],
        [
          57.0,
          293.0
        ],
        [
          58.0,
          293.0
        ],
        [
          59.0,
          292.0
        ],
        [
          61.0,
          292.0
        ],
        [
          62.0,
          291.0
        ],
        [
          63.0,
          291.0
        ],
        [
          64.0,
          290.0
        ],
        [
          65.0,
          290.0
        ],
        [
          68.0,
          287.0
        ],
        [
          68.0,
          286.0
        ],
        [
          69.0,
          285.0
        ],
        [
          69.0,
          283.0
        ],
        [
          68.0,
          282.0
        ],
        [
          68.0,
          280.0
        ],
        [
          67.0,
          279.0
        ],
        [
          65.0,
          279.0
        ],
        [
          63.0,
          277.0
        ],
        [
          62.0,
          277.0
        ],
        [
          61.0,
          276.0
        ],
        [
          59.0,
          276.0
        ],
        [
          58.0,
          275.0
        ],
        [
          56.0,
          275.0
        ],
        [
          52.0,
          271.0
        ],
        [
          52.0,
          270.0
        ],
        [
          49.0,
          267.0
        ],
        [
          48.0,
          267.0
        ],
        [
          47.0,
          266.0
        ],
        [
          46.0,
          266.0
        ],
        [
          45.0,
          265.0
        ],
        [
          44.0,
          265.0
        ],
        [
          43.0,
          264.0
        ]
      ],
      "group_id": null,
      "shape_type": "polygon",
      "flags": {}
    },
    {
      "label": "potato",
      "text": "",
      "points": [
        [
          574.0,
          313.0
        ],
        [
          574.0,
          319.0
        ],
        [
          576.0,
          321.0
        ],
        [
          576.0,
          322.0
        ],
        [
          579.0,
          325.0
        ],
        [
          580.0,
          325.0
        ],
        [
          584.0,
          329.0
        ],
        [
          584.0,
          330.0
        ],
        [
          585.0,
          331.0
        ],
        [
          585.0,
          334.0
        ],
        [
          586.0,
          335.0
        ],
        [
          586.0,
          337.0
        ],
        [
          588.0,
          339.0
        ],
        [
          590.0,
          339.0
        ],
        [
          591.0,
          340.0
        ],
        [
          594.0,
          340.0
        ],
        [
          595.0,
          341.0
        ],
        [
          603.0,
          341.0
        ],
        [
          604.0,
          340.0
        ],
        [
          606.0,
          340.0
        ],
        [
          607.0,
          339.0
        ],
        [
          609.0,
          339.0
        ],
        [
          610.0,
          338.0
        ],
        [
          612.0,
          338.0
        ],
        [
          613.0,
          339.0
        ],
        [
          616.0,
          339.0
        ],
        [
          617.0,
          340.0
        ],
        [
          621.0,
          340.0
        ],
        [
          625.0,
          336.0
        ],
        [
          625.0,
          333.0
        ],
        [
          624.0,
          332.0
        ],
        [
          624.0,
          330.0
        ],
        [
          623.0,
          329.0
        ],
        [
          623.0,
          328.0
        ],
        [
          622.0,
          327.0
        ],
        [
          622.0,
          325.0
        ],
        [
          621.0,
          324.0
        ],
        [
          621.0,
          322.0
        ],
        [
          620.0,
          321.0
        ],
        [
          620.0,
          320.0
        ],
        [
          619.0,
          319.0
        ],
        [
          619.0,
          317.0
        ],
        [
          618.0,
          316.0
        ],
        [
          618.0,
          311.0
        ],
        [
          617.0,
          310.0
        ],
        [
          617.0,
          308.0
        ],
        [
          616.0,
          307.0
        ],
        [
          616.0,
          306.0
        ],
        [
          600.0,
          306.0
        ],
        [
          599.0,
          305.0
        ],
        [
          593.0,
          305.0
        ],
        [
          592.0,
          306.0
        ],
        [
          589.0,
          306.0
        ],
        [
          588.0,
          307.0
        ],
        [
          585.0,
          307.0
        ],
        [
          584.0,
          308.0
        ],
        [
          581.0,
          308.0
        ],
        [
          580.0,
          309.0
        ],
        [
          579.0,
          309.0
        ],
        [
          577.0,
          311.0
        ],
        [
          576.0,
          311.0
        ]
      ],
      "group_id": null,
      "shape_type": "polygon",
      "flags": {}
    },
    {
      "label": "weed",
      "text": "",
      "points": [
        [
          357.0,
          22.0
        ],
        [
          355.0,
          24.0
        ],
        [
          354.0,
          24.0
        ],
        [
          349.0,
          29.0
        ],
        [
          349.0,
          31.0
        ],
        [
          348.0,
          32.0
        ],
        [
          348.0,
          39.0
        ],
        [
          347.0,
          40.0
        ],
        [
          347.0,
          46.0
        ],
        [
          348.0,
          47.0
        ],
        [
          350.0,
          47.0
        ],
        [
          351.0,
          48.0
        ],
        [
          356.0,
          48.0
        ],
        [
          357.0,
          49.0
        ],
        [
          360.0,
          49.0
        ],
        [
          361.0,
          48.0
        ],
        [
          363.0,
          48.0
        ],
        [
          364.0,
          47.0
        ],
        [
          365.0,
          47.0
        ],
        [
          365.0,
          44.0
        ],
        [
          366.0,
          43.0
        ],
        [
          364.0,
          41.0
        ],
        [
          364.0,
          40.0
        ],
        [
          362.0,
          38.0
        ],
        [
          362.0,
          36.0
        ],
        [
          361.0,
          35.0
        ],
        [
          361.0,
          34.0
        ],
        [
          360.0,
          33.0
        ],
        [
          360.0,
          32.0
        ],
        [
          359.0,
          31.0
        ],
        [
          359.0,
          28.0
        ],
        [
          358.0,
          27.0
        ],
        [
          358.0,
          24.0
        ],
        [
          357.0,
          23.0
        ]
      ],
      "group_id": null,
      "shape_type": "polygon",
      "flags": {}
    },
    {
      "label": "weed",
      "text": "",
      "points": [
        [
          190.0,
          157.0
        ],
        [
          187.0,
          157.0
        ],
        [
          186.0,
          158.0
        ],
        [
          185.0,
          158.0
        ],
        [
          183.0,
          160.0
        ],
        [
          182.0,
          160.0
        ],
        [
          181.0,
          161.0
        ],
        [
          176.0,
          161.0
        ],
        [
          175.0,
          160.0
        ],
        [
          174.0,
          160.0
        ],
        [
          173.0,
          161.0
        ],
        [
          173.0,
          162.0
        ],
        [
          170.0,
          165.0
        ],
        [
          166.0,
          165.0
        ],
        [
          165.0,
          166.0
        ],
        [
          165.0,
          167.0
        ],
        [
          167.0,
          169.0
        ],
        [
          167.0,
          170.0
        ],
        [
          170.0,
          173.0
        ],
        [
          171.0,
          173.0
        ],
        [
          172.0,
          174.0
        ],
        [
          173.0,
          174.0
        ],
        [
          174.0,
          175.0
        ],
        [
          175.0,
          175.0
        ],
        [
          176.0,
          176.0
        ],
        [
          177.0,
          176.0
        ],
        [
          178.0,
          177.0
        ],
        [
          180.0,
          177.0
        ],
        [
          181.0,
          178.0
        ],
        [
          185.0,
          178.0
        ],
        [
          185.0,
          177.0
        ],
        [
          184.0,
          176.0
        ],
        [
          183.0,
          176.0
        ],
        [
          181.0,
          174.0
        ],
        [
          181.0,
          170.0
        ],
        [
          183.0,
          168.0
        ],
        [
          183.0,
          167.0
        ],
        [
          190.0,
          160.0
        ]
      ],
      "group_id": null,
      "shape_type": "polygon",
      "flags": {}
    },
    {
      "label": "weed",
      "text": "",
      "points": [
        [
          192.0,
          115.0
        ],
        [
          192.0,
          118.0
        ],
        [
          193.0,
          119.0
        ],
        [
          194.0,
          119.0
        ],
        [
          195.0,
          120.0
        ],
        [
          198.0,
          120.0
        ],
        [
          199.0,
          121.0
        ],
        [
          201.0,
          121.0
        ],
        [
          202.0,
          122.0
        ],
        [
          203.0,
          122.0
        ],
        [
          204.0,
          123.0
        ],
        [
          205.0,
          123.0
        ],
        [
          207.0,
          125.0
        ],
        [
          208.0,
          125.0
        ],
        [
          209.0,
          126.0
        ],
        [
          210.0,
          126.0
        ],
        [
          212.0,
          128.0
        ],
        [
          213.0,
          128.0
        ],
        [
          214.0,
          129.0
        ],
        [
          215.0,
          129.0
        ],
        [
          216.0,
          130.0
        ],
        [
          217.0,
          130.0
        ],
        [
          218.0,
          131.0
        ],
        [
          221.0,
          131.0
        ],
        [
          222.0,
          130.0
        ],
        [
          223.0,
          130.0
        ],
        [
          225.0,
          128.0
        ],
        [
          225.0,
          127.0
        ],
        [
          226.0,
          126.0
        ],
        [
          226.0,
          122.0
        ],
        [
          225.0,
          121.0
        ],
        [
          225.0,
          119.0
        ],
        [
          223.0,
          117.0
        ],
        [
          222.0,
          117.0
        ],
        [
          221.0,
          116.0
        ],
        [
          220.0,
          116.0
        ],
        [
          218.0,
          114.0
        ],
        [
          217.0,
          114.0
        ],
        [
          216.0,
          113.0
        ],
        [
          214.0,
          113.0
        ],
        [
          213.0,
          112.0
        ],
        [
          203.0,
          112.0
        ],
        [
          202.0,
          113.0
        ],
        [
          198.0,
          113.0
        ],
        [
          197.0,
          114.0
        ],
        [
          194.0,
          114.0
        ],
        [
          193.0,
          115.0
        ]
      ],
      "group_id": null,
      "shape_type": "polygon",
      "flags": {}
    },
    {
      "label": "weed",
      "text": "",
      "points": [
        [
          227.0,
          196.0
        ],
        [
          225.0,
          196.0
        ],
        [
          223.0,
          198.0
        ],
        [
          223.0,
          199.0
        ],
        [
          220.0,
          202.0
        ],
        [
          218.0,
          202.0
        ],
        [
          213.0,
          207.0
        ],
        [
          212.0,
          207.0
        ],
        [
          211.0,
          208.0
        ],
        [
          210.0,
          208.0
        ],
        [
          209.0,
          209.0
        ],
        [
          207.0,
          209.0
        ],
        [
          206.0,
          210.0
        ],
        [
          204.0,
          210.0
        ],
        [
          203.0,
          211.0
        ],
        [
          200.0,
          211.0
        ],
        [
          198.0,
          209.0
        ],
        [
          197.0,
          209.0
        ],
        [
          195.0,
          207.0
        ],
        [
          194.0,
          207.0
        ],
        [
          189.0,
          202.0
        ],
        [
          187.0,
          202.0
        ],
        [
          187.0,
          215.0
        ],
        [
          186.0,
          216.0
        ],
        [
          186.0,
          218.0
        ],
        [
          185.0,
          219.0
        ],
        [
          185.0,
          221.0
        ],
        [
          184.0,
          222.0
        ],
        [
          184.0,
          223.0
        ],
        [
          180.0,
          227.0
        ],
        [
          179.0,
          227.0
        ],
        [
          178.0,
          228.0
        ],
        [
          177.0,
          228.0
        ],
        [
          176.0,
          229.0
        ],
        [
          175.0,
          229.0
        ],
        [
          173.0,
          231.0
        ],
        [
          173.0,
          234.0
        ],
        [
          177.0,
          238.0
        ],
        [
          177.0,
          239.0
        ],
        [
          178.0,
          240.0
        ],
        [
          178.0,
          251.0
        ],
        [
          182.0,
          255.0
        ],
        [
          183.0,
          255.0
        ],
        [
          184.0,
          256.0
        ],
        [
          186.0,
          256.0
        ],
        [
          188.0,
          254.0
        ],
        [
          188.0,
          252.0
        ],
        [
          190.0,
          250.0
        ],
        [
          190.0,
          244.0
        ],
        [
          193.0,
          241.0
        ],
        [
          194.0,
          241.0
        ],
        [
          195.0,
          240.0
        ],
        [
          196.0,
          240.0
        ],
        [
          197.0,
          239.0
        ],
        [
          200.0,
          239.0
        ],
        [
          201.0,
          238.0
        ],
        [
          203.0,
          238.0
        ],
        [
          204.0,
          237.0
        ],
        [
          205.0,
          237.0
        ],
        [
          211.0,
          231.0
        ],
        [
          211.0,
          230.0
        ],
        [
          212.0,
          229.0
        ],
        [
          212.0,
          228.0
        ],
        [
          214.0,
          226.0
        ],
        [
          215.0,
          226.0
        ],
        [
          217.0,
          224.0
        ],
        [
          218.0,
          224.0
        ],
        [
          219.0,
          223.0
        ],
        [
          222.0,
          223.0
        ],
        [
          224.0,
          221.0
        ],
        [
          225.0,
          221.0
        ],
        [
          226.0,
          220.0
        ],
        [
          227.0,
          221.0
        ],
        [
          228.0,
          221.0
        ],
        [
          229.0,
          222.0
        ],
        [
          230.0,
          222.0
        ],
        [
          231.0,
          223.0
        ],
        [
          235.0,
          223.0
        ],
        [
          236.0,
          222.0
        ],
        [
          237.0,
          222.0
        ],
        [
          237.0,
          221.0
        ],
        [
          238.0,
          220.0
        ],
        [
          238.0,
          219.0
        ],
        [
          235.0,
          216.0
        ],
        [
          235.0,
          215.0
        ],
        [
          233.0,
          213.0
        ],
        [
          233.0,
          204.0
        ],
        [
          230.0,
          201.0
        ],
        [
          230.0,
          200.0
        ],
        [
          229.0,
          199.0
        ],
        [
          229.0,
          198.0
        ]
      ],
      "group_id": null,
      "shape_type": "polygon",
      "flags": {}
    },
    {
      "label": "weed",
      "text": "",
      "points": [
        [
          168.0,
          309.0
        ],
        [
          168.0,
          310.0
        ],
        [
          169.0,
          311.0
        ],
        [
          170.0,
          311.0
        ],
        [
          171.0,
          312.0
        ],
        [
          172.0,
          312.0
        ],
        [
          173.0,
          313.0
        ],
        [
          175.0,
          313.0
        ],
        [
          176.0,
          314.0
        ],
        [
          179.0,
          314.0
        ],
        [
          180.0,
          315.0
        ],
        [
          185.0,
          315.0
        ],
        [
          186.0,
          314.0
        ],
        [
          188.0,
          314.0
        ],
        [
          189.0,
          313.0
        ],
        [
          189.0,
          308.0
        ],
        [
          185.0,
          304.0
        ],
        [
          184.0,
          304.0
        ],
        [
          181.0,
          301.0
        ],
        [
          179.0,
          301.0
        ],
        [
          178.0,
          302.0
        ],
        [
          177.0,
          302.0
        ],
        [
          177.0,
          303.0
        ],
        [
          176.0,
          304.0
        ],
        [
          175.0,
          304.0
        ],
        [
          174.0,
          305.0
        ],
        [
          173.0,
          305.0
        ],
        [
          171.0,
          307.0
        ],
        [
          170.0,
          307.0
        ]
      ],
      "group_id": null,
      "shape_type": "polygon",
      "flags": {}
    },
    {
      "label": "weed",
      "text": "",
      "points": [
        [
          204.0,
          327.0
        ],
        [
          203.0,
          327.0
        ],
        [
          202.0,
          328.0
        ],
        [
          202.0,
          331.0
        ],
        [
          201.0,
          332.0
        ],
        [
          201.0,
          336.0
        ],
        [
          200.0,
          337.0
        ],
        [
          200.0,
          338.0
        ],
        [
          198.0,
          340.0
        ],
        [
          197.0,
          340.0
        ],
        [
          196.0,
          341.0
        ],
        [
          193.0,
          341.0
        ],
        [
          191.0,
          343.0
        ],
        [
          191.0,
          344.0
        ],
        [
          189.0,
          346.0
        ],
        [
          189.0,
          347.0
        ],
        [
          183.0,
          353.0
        ],
        [
          183.0,
          356.0
        ],
        [
          184.0,
          357.0
        ],
        [
          194.0,
          357.0
        ],
        [
          195.0,
          356.0
        ],
        [
          196.0,
          356.0
        ],
        [
          197.0,
          355.0
        ],
        [
          199.0,
          355.0
        ],
        [
          200.0,
          354.0
        ],
        [
          201.0,
          354.0
        ],
        [
          202.0,
          353.0
        ],
        [
          203.0,
          353.0
        ],
        [
          204.0,
          352.0
        ],
        [
          205.0,
          352.0
        ],
        [
          207.0,
          350.0
        ],
        [
          207.0,
          342.0
        ],
        [
          206.0,
          341.0
        ],
        [
          206.0,
          330.0
        ],
        [
          205.0,
          329.0
        ],
        [
          205.0,
          328.0
        ]
      ],
      "group_id": null,
      "shape_type": "polygon",
      "flags": {}
    },
    {
      "label": "weed",
      "text": "",
      "points": [
        [
          196.0,
          360.0
        ],
        [
          195.0,
          361.0
        ],
        [
          195.0,
          362.0
        ],
        [
          194.0,
          363.0
        ],
        [
          194.0,
          370.0
        ],
        [
          195.0,
          371.0
        ],
        [
          195.0,
          376.0
        ],
        [
          194.0,
          377.0
        ],
        [
          194.0,
          381.0
        ],
        [
          196.0,
          383.0
        ],
        [
          197.0,
          383.0
        ],
        [
          198.0,
          384.0
        ],
        [
          206.0,
          384.0
        ],
        [
          207.0,
          383.0
        ],
        [
          207.0,
          382.0
        ],
        [
          208.0,
          381.0
        ],
        [
          208.0,
          375.0
        ],
        [
          209.0,
          374.0
        ],
        [
          209.0,
          372.0
        ],
        [
          208.0,
          371.0
        ],
        [
          208.0,
          364.0
        ],
        [
          207.0,
          363.0
        ],
        [
          207.0,
          362.0
        ],
        [
          206.0,
          361.0
        ],
        [
          205.0,
          361.0
        ],
        [
          204.0,
          360.0
        ]
      ],
      "group_id": null,
      "shape_type": "polygon",
      "flags": {}
    },
    {
      "label": "weed",
      "text": "",
      "points": [
        [
          419.0,
          289.0
        ],
        [
          417.0,
          291.0
        ],
        [
          417.0,
          294.0
        ],
        [
          418.0,
          295.0
        ],
        [
          418.0,
          296.0
        ],
        [
          419.0,
          297.0
        ],
        [
          419.0,
          298.0
        ],
        [
          420.0,
          299.0
        ],
        [
          420.0,
          300.0
        ],
        [
          421.0,
          301.0
        ],
        [
          421.0,
          302.0
        ],
        [
          422.0,
          302.0
        ],
        [
          423.0,
          303.0
        ],
        [
          423.0,
          304.0
        ],
        [
          428.0,
          309.0
        ],
        [
          428.0,
          310.0
        ],
        [
          430.0,
          312.0
        ],
        [
          430.0,
          313.0
        ],
        [
          431.0,
          314.0
        ],
        [
          431.0,
          316.0
        ],
        [
          432.0,
          317.0
        ],
        [
          432.0,
          318.0
        ],
        [
          433.0,
          319.0
        ],
        [
          433.0,
          323.0
        ],
        [
          432.0,
          324.0
        ],
        [
          432.0,
          327.0
        ],
        [
          431.0,
          328.0
        ],
        [
          431.0,
          331.0
        ],
        [
          430.0,
          332.0
        ],
        [
          430.0,
          334.0
        ],
        [
          429.0,
          335.0
        ],
        [
          429.0,
          337.0
        ],
        [
          427.0,
          339.0
        ],
        [
          427.0,
          343.0
        ],
        [
          429.0,
          343.0
        ],
        [
          431.0,
          341.0
        ],
        [
          431.0,
          340.0
        ],
        [
          433.0,
          338.0
        ],
        [
          433.0,
          337.0
        ],
        [
          438.0,
          332.0
        ],
        [
          438.0,
          331.0
        ],
        [
          442.0,
          327.0
        ],
        [
          442.0,
          326.0
        ],
        [
          443.0,
          325.0
        ],
        [
          449.0,
          325.0
        ],
        [
          450.0,
          324.0
        ],
        [
          451.0,
          324.0
        ],
        [
          453.0,
          322.0
        ],
        [
          453.0,
          318.0
        ],
        [
          450.0,
          315.0
        ],
        [
          449.0,
          315.0
        ],
        [
          444.0,
          310.0
        ],
        [
          444.0,
          309.0
        ],
        [
          443.0,
          308.0
        ],
        [
          443.0,
          306.0
        ],
        [
          444.0,
          305.0
        ],
        [
          444.0,
          304.0
        ],
        [
          446.0,
          302.0
        ],
        [
          446.0,
          299.0
        ],
        [
          447.0,
          298.0
        ],
        [
          447.0,
          297.0
        ],
        [
          446.0,
          296.0
        ],
        [
          446.0,
          292.0
        ],
        [
          445.0,
          291.0
        ],
        [
          442.0,
          291.0
        ],
        [
          441.0,
          292.0
        ],
        [
          440.0,
          292.0
        ],
        [
          437.0,
          295.0
        ],
        [
          432.0,
          295.0
        ],
        [
          427.0,
          290.0
        ],
        [
          426.0,
          290.0
        ],
        [
          425.0,
          289.0
        ]
      ],
      "group_id": null,
      "shape_type": "polygon",
      "flags": {}
    },
    {
      "label": "weed",
      "text": "",
      "points": [
        [
          429.0,
          467.0
        ],
        [
          423.0,
          473.0
        ],
        [
          423.0,
          474.0
        ],
        [
          420.0,
          477.0
        ],
        [
          420.0,
          478.0
        ],
        [
          419.0,
          479.0
        ],
        [
          419.0,
          485.0
        ],
        [
          421.0,
          487.0
        ],
        [
          422.0,
          487.0
        ],
        [
          424.0,
          489.0
        ],
        [
          429.0,
          489.0
        ],
        [
          430.0,
          490.0
        ],
        [
          438.0,
          490.0
        ],
        [
          439.0,
          489.0
        ],
        [
          443.0,
          489.0
        ],
        [
          444.0,
          488.0
        ],
        [
          444.0,
          487.0
        ],
        [
          445.0,
          486.0
        ],
        [
          445.0,
          484.0
        ],
        [
          446.0,
          483.0
        ],
        [
          446.0,
          482.0
        ],
        [
          447.0,
          481.0
        ],
        [
          448.0,
          481.0
        ],
        [
          449.0,
          480.0
        ],
        [
          451.0,
          480.0
        ],
        [
          452.0,
          479.0
        ],
        [
          452.0,
          474.0
        ],
        [
          451.0,
          473.0
        ],
        [
          451.0,
          472.0
        ],
        [
          450.0,
          471.0
        ],
        [
          450.0,
          470.0
        ],
        [
          448.0,
          468.0
        ],
        [
          445.0,
          468.0
        ],
        [
          444.0,
          469.0
        ],
        [
          440.0,
          469.0
        ],
        [
          439.0,
          468.0
        ],
        [
          438.0,
          468.0
        ],
        [
          437.0,
          467.0
        ],
        [
          435.0,
          467.0
        ],
        [
          434.0,
          466.0
        ],
        [
          431.0,
          466.0
        ],
        [
          430.0,
          467.0
        ]
      ],
      "group_id": null,
      "shape_type": "polygon",
      "flags": {}
    },
    {
      "label": "weed",
      "text": "",
      "points": [
        [
          22.0,
          529.0
        ],
        [
          22.0,
          533.0
        ],
        [
          23.0,
          534.0
        ],
        [
          23.0,
          535.0
        ],
        [
          25.0,
          537.0
        ],
        [
          25.0,
          538.0
        ],
        [
          26.0,
          539.0
        ],
        [
          26.0,
          541.0
        ],
        [
          29.0,
          544.0
        ],
        [
          30.0,
          544.0
        ],
        [
          31.0,
          545.0
        ],
        [
          33.0,
          545.0
        ],
        [
          34.0,
          546.0
        ],
        [
          37.0,
          546.0
        ],
        [
          38.0,
          545.0
        ],
        [
          39.0,
          545.0
        ],
        [
          41.0,
          543.0
        ],
        [
          41.0,
          541.0
        ],
        [
          42.0,
          540.0
        ],
        [
          42.0,
          539.0
        ],
        [
          43.0,
          538.0
        ],
        [
          43.0,
          537.0
        ],
        [
          42.0,
          536.0
        ],
        [
          42.0,
          535.0
        ],
        [
          41.0,
          534.0
        ],
        [
          41.0,
          533.0
        ],
        [
          40.0,
          532.0
        ],
        [
          40.0,
          531.0
        ],
        [
          39.0,
          531.0
        ],
        [
          38.0,
          530.0
        ],
        [
          37.0,
          530.0
        ],
        [
          36.0,
          529.0
        ],
        [
          35.0,
          529.0
        ],
        [
          34.0,
          528.0
        ],
        [
          25.0,
          528.0
        ],
        [
          24.0,
          529.0
        ]
      ],
      "group_id": null,
      "shape_type": "polygon",
      "flags": {}
    },
    {
      "label": "weed",
      "text": "",
      "points": [
        [
          220.0,
          475.0
        ],
        [
          219.0,
          475.0
        ],
        [
          218.0,
          476.0
        ],
        [
          218.0,
          477.0
        ],
        [
          217.0,
          478.0
        ],
        [
          217.0,
          479.0
        ],
        [
          216.0,
          480.0
        ],
        [
          215.0,
          480.0
        ],
        [
          214.0,
          481.0
        ],
        [
          213.0,
          481.0
        ],
        [
          204.0,
          490.0
        ],
        [
          203.0,
          490.0
        ],
        [
          202.0,
          491.0
        ],
        [
          201.0,
          491.0
        ],
        [
          201.0,
          492.0
        ],
        [
          198.0,
          495.0
        ],
        [
          198.0,
          497.0
        ],
        [
          203.0,
          497.0
        ],
        [
          204.0,
          498.0
        ],
        [
          211.0,
          498.0
        ],
        [
          212.0,
          497.0
        ],
        [
          213.0,
          497.0
        ],
        [
          216.0,
          494.0
        ],
        [
          216.0,
          493.0
        ],
        [
          219.0,
          490.0
        ],
        [
          220.0,
          490.0
        ],
        [
          220.0,
          489.0
        ],
        [
          221.0,
          488.0
        ],
        [
          221.0,
          487.0
        ],
        [
          222.0,
          486.0
        ],
        [
          222.0,
          481.0
        ],
        [
          221.0,
          480.0
        ],
        [
          221.0,
          477.0
        ],
        [
          220.0,
          476.0
        ]
      ],
      "group_id": null,
      "shape_type": "polygon",
      "flags": {}
    },
    {
      "label": "weed",
      "text": "",
      "points": [
        [
          463.0,
          507.0
        ],
        [
          462.0,
          506.0
        ],
        [
          460.0,
          506.0
        ],
        [
          459.0,
          505.0
        ],
        [
          452.0,
          505.0
        ],
        [
          451.0,
          506.0
        ],
        [
          447.0,
          506.0
        ],
        [
          446.0,
          507.0
        ],
        [
          445.0,
          507.0
        ],
        [
          444.0,
          508.0
        ],
        [
          443.0,
          508.0
        ],
        [
          440.0,
          511.0
        ],
        [
          440.0,
          512.0
        ],
        [
          439.0,
          513.0
        ],
        [
          439.0,
          514.0
        ],
        [
          438.0,
          515.0
        ],
        [
          438.0,
          522.0
        ],
        [
          440.0,
          522.0
        ],
        [
          442.0,
          520.0
        ],
        [
          442.0,
          519.0
        ],
        [
          445.0,
          516.0
        ],
        [
          445.0,
          515.0
        ],
        [
          447.0,
          513.0
        ],
        [
          448.0,
          513.0
        ],
        [
          449.0,
          512.0
        ],
        [
          450.0,
          512.0
        ],
        [
          451.0,
          511.0
        ],
        [
          456.0,
          511.0
        ],
        [
          457.0,
          510.0
        ],
        [
          462.0,
          510.0
        ],
        [
          463.0,
          509.0
        ]
      ],
      "group_id": null,
      "shape_type": "polygon",
      "flags": {}
    },
    {
      "label": "weed",
      "text": "",
      "points": [
        [
          502.0,
          140.0
        ],
        [
          501.0,
          140.0
        ],
        [
          500.0,
          139.0
        ],
        [
          499.0,
          139.0
        ],
        [
          498.0,
          138.0
        ],
        [
          497.0,
          138.0
        ],
        [
          496.0,
          137.0
        ],
        [
          492.0,
          137.0
        ],
        [
          491.0,
          138.0
        ],
        [
          490.0,
          138.0
        ],
        [
          486.0,
          142.0
        ],
        [
          486.0,
          144.0
        ],
        [
          485.0,
          145.0
        ],
        [
          485.0,
          146.0
        ],
        [
          484.0,
          147.0
        ],
        [
          484.0,
          148.0
        ],
        [
          488.0,
          152.0
        ],
        [
          494.0,
          152.0
        ],
        [
          495.0,
          151.0
        ],
        [
          496.0,
          151.0
        ],
        [
          503.0,
          144.0
        ],
        [
          503.0,
          142.0
        ],
        [
          502.0,
          141.0
        ]
      ],
      "group_id": null,
      "shape_type": "polygon",
      "flags": {}
    },
    {
      "label": "weed",
      "text": "",
      "points": [
        [
          583.0,
          175.0
        ],
        [
          582.0,
          176.0
        ],
        [
          581.0,
          176.0
        ],
        [
          579.0,
          178.0
        ],
        [
          578.0,
          178.0
        ],
        [
          578.0,
          181.0
        ],
        [
          577.0,
          182.0
        ],
        [
          578.0,
          183.0
        ],
        [
          578.0,
          188.0
        ],
        [
          579.0,
          189.0
        ],
        [
          579.0,
          190.0
        ],
        [
          581.0,
          192.0
        ],
        [
          586.0,
          192.0
        ],
        [
          588.0,
          190.0
        ],
        [
          588.0,
          189.0
        ],
        [
          589.0,
          188.0
        ],
        [
          589.0,
          187.0
        ],
        [
          590.0,
          186.0
        ],
        [
          590.0,
          180.0
        ],
        [
          589.0,
          179.0
        ],
        [
          589.0,
          177.0
        ],
        [
          588.0,
          176.0
        ],
        [
          587.0,
          176.0
        ],
        [
          586.0,
          175.0
        ]
      ],
      "group_id": null,
      "shape_type": "polygon",
      "flags": {}
    }
  ],
  "imagePath": "..\\after_crop\\tile_15_0.jpg",
  "imageData": null,
  "imageHeight": 640,
  "imageWidth": 640
}